policy,seed,type,instance,nnodes,nlps,stime,gap,status,walltime,proctime
internal:relpscost,545,tsp10,data/tsp10/instances/test_10n/instance_446.lp,49,74,0.15,0.0,optimal,0.17508470900000006,0.17095300000000013
gnn:supervised,545,tsp10,data/tsp10/instances/test_10n/instance_446.lp,49,74,0.16,0.0,optimal,0.1728329580000001,0.172431
internal:relpscost,545,tsp10,data/tsp10/instances/test_10n/instance_1325.lp,49,74,0.14,0.0,optimal,0.16256779200000016,0.161783
gnn:supervised,545,tsp10,data/tsp10/instances/test_10n/instance_1325.lp,49,74,0.15,0.0,optimal,0.17918458300000006,0.17461799999999994
internal:relpscost,545,tsp10,data/tsp10/instances/test_10n/instance_1030.lp,49,74,0.14,0.0,optimal,0.16289333299999997,0.16095199999999998
gnn:supervised,545,tsp10,data/tsp10/instances/test_10n/instance_1030.lp,49,74,0.15,0.0,optimal,0.17030533299999995,0.17024600000000012
internal:relpscost,545,tsp10,data/tsp10/instances/test_10n/instance_1463.lp,49,74,0.15,0.0,optimal,0.1673235420000001,0.165362
gnn:supervised,545,tsp10,data/tsp10/instances/test_10n/instance_1463.lp,49,74,0.16,0.0,optimal,0.176891291,0.17636200000000013
internal:relpscost,545,tsp10,data/tsp10/instances/test_10n/instance_1064.lp,49,74,0.14,0.0,optimal,0.15941862499999981,0.15889100000000012
gnn:supervised,545,tsp10,data/tsp10/instances/test_10n/instance_1064.lp,49,74,0.16,0.0,optimal,0.17294420899999974,0.17278300000000035
internal:relpscost,545,tsp10,data/tsp10/instances/test_10n/instance_1922.lp,49,74,0.15,0.0,optimal,0.1632068750000002,0.16126899999999988
gnn:supervised,545,tsp10,data/tsp10/instances/test_10n/instance_1922.lp,49,74,0.15,0.0,optimal,0.17193529200000013,0.17166399999999982
internal:relpscost,545,tsp10,data/tsp10/instances/test_10n/instance_1063.lp,49,74,0.14,0.0,optimal,0.16248504200000013,0.16108100000000025
gnn:supervised,545,tsp10,data/tsp10/instances/test_10n/instance_1063.lp,49,74,0.15,0.0,optimal,0.17169287499999975,0.1709900000000002
internal:relpscost,545,tsp10,data/tsp10/instances/test_10n/instance_1099.lp,49,74,0.14,0.0,optimal,0.15929216700000026,0.15787700000000005
gnn:supervised,545,tsp10,data/tsp10/instances/test_10n/instance_1099.lp,49,74,0.15,0.0,optimal,0.17279058400000036,0.17235200000000006
internal:relpscost,545,tsp10,data/tsp10/instances/test_10n/instance_1348.lp,49,74,0.14,0.0,optimal,0.16140325000000022,0.1597609999999996
gnn:supervised,545,tsp10,data/tsp10/instances/test_10n/instance_1348.lp,49,74,0.15,0.0,optimal,0.17125962499999936,0.17114900000000066
internal:relpscost,545,tsp10,data/tsp10/instances/test_10n/instance_728.lp,49,74,0.14,0.0,optimal,0.160957625,0.15930599999999995
gnn:supervised,545,tsp10,data/tsp10/instances/test_10n/instance_728.lp,49,74,0.15,0.0,optimal,0.17517225000000014,0.1722929999999998
internal:relpscost,545,tsp10,data/tsp10/instances/test_10n/instance_325.lp,49,74,0.14,0.0,optimal,0.16189637500000043,0.16012100000000018
gnn:supervised,545,tsp10,data/tsp10/instances/test_10n/instance_325.lp,49,74,0.15,0.0,optimal,0.17002012500000063,0.16975400000000018
internal:relpscost,545,tsp10,data/tsp10/instances/test_10n/instance_1508.lp,49,74,0.15,0.0,optimal,0.1653978339999993,0.1605970000000001
gnn:supervised,545,tsp10,data/tsp10/instances/test_10n/instance_1508.lp,49,74,0.15,0.0,optimal,0.16978525000000033,0.16934200000000033
internal:relpscost,545,tsp10,data/tsp10/instances/test_10n/instance_1625.lp,49,74,0.14,0.0,optimal,0.16077662499999956,0.15894799999999965
gnn:supervised,545,tsp10,data/tsp10/instances/test_10n/instance_1625.lp,49,74,0.15,0.0,optimal,0.169064208,0.16878700000000002
internal:relpscost,545,tsp10,data/tsp10/instances/test_10n/instance_1924.lp,49,74,0.14,0.0,optimal,0.15732741699999941,0.15585199999999944
gnn:supervised,545,tsp10,data/tsp10/instances/test_10n/instance_1924.lp,49,74,0.15,0.0,optimal,0.16857554200000013,0.1682649999999999
internal:relpscost,545,tsp10,data/tsp10/instances/test_10n/instance_569.lp,49,74,0.14,0.0,optimal,0.16087324999999986,0.1591199999999997
gnn:supervised,545,tsp10,data/tsp10/instances/test_10n/instance_569.lp,49,74,0.15,0.0,optimal,0.1689239580000006,0.16835500000000003
internal:relpscost,545,tsp10,data/tsp10/instances/test_10n/instance_290.lp,49,74,0.14,0.0,optimal,0.15945533299999948,0.15792299999999937
gnn:supervised,545,tsp10,data/tsp10/instances/test_10n/instance_290.lp,49,74,0.16,0.0,optimal,0.17111295800000015,0.17075499999999977
internal:relpscost,545,tsp10,data/tsp10/instances/test_10n/instance_524.lp,49,74,0.14,0.0,optimal,0.1582135830000002,0.15666599999999953
gnn:supervised,545,tsp10,data/tsp10/instances/test_10n/instance_524.lp,49,74,0.15,0.0,optimal,0.1696173329999997,0.16936700000000027
internal:relpscost,545,tsp10,data/tsp10/instances/test_10n/instance_586.lp,49,74,0.14,0.0,optimal,0.15803958300000076,0.15699799999999975
gnn:supervised,545,tsp10,data/tsp10/instances/test_10n/instance_586.lp,49,74,0.15,0.0,optimal,0.1703990839999996,0.17022400000000015
internal:relpscost,545,tsp10,data/tsp10/instances/test_10n/instance_48.lp,49,74,0.14,0.0,optimal,0.15954208299999983,0.15811499999999956
gnn:supervised,545,tsp10,data/tsp10/instances/test_10n/instance_48.lp,49,74,0.15,0.0,optimal,0.16930170800000077,0.16900400000000015
internal:relpscost,545,tsp10,data/tsp10/instances/test_10n/instance_233.lp,49,74,0.15,0.0,optimal,0.1699944999999996,0.16335000000000033
gnn:supervised,545,tsp10,data/tsp10/instances/test_10n/instance_233.lp,49,74,0.16,0.0,optimal,0.17457462499999998,0.17434199999999933
internal:relpscost,545,tsp10,data/tsp10/instances/test_10n/instance_499.lp,49,74,0.14,0.0,optimal,0.16566525,0.16329800000000105
gnn:supervised,545,tsp10,data/tsp10/instances/test_10n/instance_499.lp,49,74,0.15,0.0,optimal,0.17819000000000074,0.17725599999999986
internal:relpscost,545,tsp10,data/tsp10/instances/test_10n/instance_1641.lp,49,74,0.15,0.0,optimal,0.16738083300000106,0.16482499999999867
gnn:supervised,545,tsp10,data/tsp10/instances/test_10n/instance_1641.lp,49,74,0.16,0.0,optimal,0.1772725839999989,0.17639199999999988
internal:relpscost,545,tsp10,data/tsp10/instances/test_10n/instance_1724.lp,49,74,0.15,0.0,optimal,0.16630274999999983,0.16414500000000132
gnn:supervised,545,tsp10,data/tsp10/instances/test_10n/instance_1724.lp,49,74,0.15,0.0,optimal,0.1754254159999995,0.174805000000001
internal:relpscost,545,tsp10,data/tsp10/instances/test_10n/instance_1949.lp,49,74,0.14,0.0,optimal,0.1629994159999999,0.16180000000000128
gnn:supervised,545,tsp10,data/tsp10/instances/test_10n/instance_1949.lp,49,74,0.15,0.0,optimal,0.17647937499999955,0.17560499999999912
internal:relpscost,545,tsp10,data/tsp10/instances/test_10n/instance_1104.lp,49,74,0.14,0.0,optimal,0.1636847079999999,0.16282700000000006
gnn:supervised,545,tsp10,data/tsp10/instances/test_10n/instance_1104.lp,49,74,0.16,0.0,optimal,0.17584674999999983,0.17523799999999845
internal:relpscost,545,tsp10,data/tsp10/instances/test_10n/instance_1770.lp,49,74,0.15,0.0,optimal,0.1658616669999997,0.16311699999999973
gnn:supervised,545,tsp10,data/tsp10/instances/test_10n/instance_1770.lp,49,74,0.16,0.0,optimal,0.17470154099999924,0.17420499999999883
internal:relpscost,545,tsp10,data/tsp10/instances/test_10n/instance_847.lp,49,74,0.15,0.0,optimal,0.18436637499999975,0.16482300000000016
gnn:supervised,545,tsp10,data/tsp10/instances/test_10n/instance_847.lp,49,74,0.17,0.0,optimal,0.18592720899999904,0.1823599999999992
internal:relpscost,545,tsp10,data/tsp10/instances/test_10n/instance_40.lp,49,74,0.16,0.0,optimal,0.1810749170000001,0.1720089999999992
gnn:supervised,545,tsp10,data/tsp10/instances/test_10n/instance_40.lp,49,74,0.16,0.0,optimal,0.1780529160000004,0.17658299999999905
internal:relpscost,545,tsp10,data/tsp10/instances/test_10n/instance_163.lp,49,74,0.15,0.0,optimal,0.16620491599999987,0.1646049999999999
gnn:supervised,545,tsp10,data/tsp10/instances/test_10n/instance_163.lp,49,74,0.15,0.0,optimal,0.1758654170000007,0.1753669999999996
internal:relpscost,545,tsp10,data/tsp10/instances/test_10n/instance_742.lp,49,74,0.14,0.0,optimal,0.164291583999999,0.16318300000000008
gnn:supervised,545,tsp10,data/tsp10/instances/test_10n/instance_742.lp,49,74,0.16,0.0,optimal,0.17895049999999912,0.178566
internal:relpscost,545,tsp10,data/tsp10/instances/test_10n/instance_1625.lp,49,74,0.15,0.0,optimal,0.1624868329999991,0.16204899999999967
gnn:supervised,545,tsp10,data/tsp10/instances/test_10n/instance_1625.lp,49,74,0.16,0.0,optimal,0.17448933300000036,0.1741090000000014
internal:relpscost,545,tsp10,data/tsp10/instances/test_10n/instance_1313.lp,49,74,0.15,0.0,optimal,0.16072299999999906,0.15924900000000086
gnn:supervised,545,tsp10,data/tsp10/instances/test_10n/instance_1313.lp,49,74,0.15,0.0,optimal,0.16956587499999998,0.16931199999999968
internal:relpscost,545,tsp10,data/tsp10/instances/test_10n/instance_854.lp,49,74,0.14,0.0,optimal,0.16177345799999898,0.16047599999999917
gnn:supervised,545,tsp10,data/tsp10/instances/test_10n/instance_854.lp,49,74,0.16,0.0,optimal,0.1739387499999996,0.17346099999999964
internal:relpscost,545,tsp10,data/tsp10/instances/test_10n/instance_1420.lp,49,74,0.15,0.0,optimal,0.1597379580000009,0.15901500000000013
gnn:supervised,545,tsp10,data/tsp10/instances/test_10n/instance_1420.lp,49,74,0.16,0.0,optimal,0.1717995830000003,0.17165299999999917
internal:relpscost,545,tsp10,data/tsp10/instances/test_10n/instance_1621.lp,49,74,0.14,0.0,optimal,0.16340900000000147,0.16039700000000146
gnn:supervised,545,tsp10,data/tsp10/instances/test_10n/instance_1621.lp,49,74,0.15,0.0,optimal,0.17107700000000037,0.17074000000000034
internal:relpscost,545,tsp10,data/tsp10/instances/test_10n/instance_344.lp,49,74,0.14,0.0,optimal,0.1604374160000006,0.15897700000000015
gnn:supervised,545,tsp10,data/tsp10/instances/test_10n/instance_344.lp,49,74,0.16,0.0,optimal,0.17338095899999928,0.17306999999999917
internal:relpscost,545,tsp10,data/tsp10/instances/test_10n/instance_1121.lp,49,74,0.15,0.0,optimal,0.16407641699999864,0.1632030000000011
gnn:supervised,545,tsp10,data/tsp10/instances/test_10n/instance_1121.lp,49,74,0.16,0.0,optimal,0.1745222919999989,0.17408299999999954
internal:relpscost,545,tsp10,data/tsp10/instances/test_10n/instance_213.lp,49,74,0.15,0.0,optimal,0.16107354100000038,0.16033299999999961
gnn:supervised,545,tsp10,data/tsp10/instances/test_10n/instance_213.lp,49,74,0.15,0.0,optimal,0.17166766600000116,0.17144899999999907
internal:relpscost,545,tsp10,data/tsp10/instances/test_10n/instance_159.lp,49,74,0.14,0.0,optimal,0.16096595800000024,0.15961900000000107
gnn:supervised,545,tsp10,data/tsp10/instances/test_10n/instance_159.lp,49,74,0.15,0.0,optimal,0.17427433299999961,0.1738850000000003
internal:relpscost,545,tsp10,data/tsp10/instances/test_10n/instance_1725.lp,49,74,0.14,0.0,optimal,0.16175254200000033,0.1610839999999989
gnn:supervised,545,tsp10,data/tsp10/instances/test_10n/instance_1725.lp,49,74,0.15,0.0,optimal,0.17519624999999905,0.17496500000000026
internal:relpscost,545,tsp10,data/tsp10/instances/test_10n/instance_622.lp,49,74,0.14,0.0,optimal,0.16061229099999963,0.15926300000000104
gnn:supervised,545,tsp10,data/tsp10/instances/test_10n/instance_622.lp,49,74,0.16,0.0,optimal,0.1737207500000011,0.1733589999999996
internal:relpscost,545,tsp10,data/tsp10/instances/test_10n/instance_1293.lp,49,74,0.15,0.0,optimal,0.1649017500000003,0.1627300000000016
gnn:supervised,545,tsp10,data/tsp10/instances/test_10n/instance_1293.lp,49,74,0.16,0.0,optimal,0.17689008299999998,0.17481900000000117
internal:relpscost,545,tsp10,data/tsp10/instances/test_10n/instance_789.lp,49,74,0.14,0.0,optimal,0.1589317500000007,0.1581740000000007
gnn:supervised,545,tsp10,data/tsp10/instances/test_10n/instance_789.lp,49,74,0.15,0.0,optimal,0.1698360000000001,0.16969900000000138
internal:relpscost,545,tsp10,data/tsp10/instances/test_10n/instance_737.lp,49,74,0.14,0.0,optimal,0.16020779200000135,0.1590290000000003
gnn:supervised,545,tsp10,data/tsp10/instances/test_10n/instance_737.lp,49,74,0.15,0.0,optimal,0.16839991600000204,0.16834900000000097
internal:relpscost,545,tsp10,data/tsp10/instances/test_10n/instance_99.lp,49,74,0.14,0.0,optimal,0.1617051659999973,0.16041999999999845
gnn:supervised,545,tsp10,data/tsp10/instances/test_10n/instance_99.lp,49,74,0.15,0.0,optimal,0.17631116599999785,0.176048999999999
internal:relpscost,545,tsp10,data/tsp10/instances/test_10n/instance_1377.lp,49,74,0.14,0.0,optimal,0.15999200000000258,0.15922899999999984
gnn:supervised,545,tsp10,data/tsp10/instances/test_10n/instance_1377.lp,49,74,0.16,0.0,optimal,0.1738230829999985,0.17347900000000038
internal:relpscost,545,tsp10,data/tsp10/instances/test_10n/instance_915.lp,49,74,0.15,0.0,optimal,0.16024612500000046,0.15881299999999854
gnn:supervised,545,tsp10,data/tsp10/instances/test_10n/instance_915.lp,49,74,0.16,0.0,optimal,0.1755512909999979,0.17512200000000178
internal:relpscost,545,tsp10,data/tsp10/instances/test_10n/instance_1471.lp,49,74,0.15,0.0,optimal,0.16492583299999808,0.1632390000000008
gnn:supervised,545,tsp10,data/tsp10/instances/test_10n/instance_1471.lp,49,74,0.16,0.0,optimal,0.1754343750000018,0.17484600000000228
internal:relpscost,545,tsp10,data/tsp10/instances/test_10n/instance_1845.lp,49,74,0.14,0.0,optimal,0.16016162500000064,0.1584910000000015
gnn:supervised,545,tsp10,data/tsp10/instances/test_10n/instance_1845.lp,49,74,0.15,0.0,optimal,0.17067437500000082,0.17051099999999764
internal:relpscost,545,tsp10,data/tsp10/instances/test_10n/instance_1681.lp,49,74,0.14,0.0,optimal,0.16265375000000049,0.16109799999999908
gnn:supervised,545,tsp10,data/tsp10/instances/test_10n/instance_1681.lp,49,74,0.15,0.0,optimal,0.17632258400000111,0.1752810000000018
internal:relpscost,545,tsp10,data/tsp10/instances/test_10n/instance_1921.lp,49,74,0.14,0.0,optimal,0.16214845800000077,0.16063799999999873
gnn:supervised,545,tsp10,data/tsp10/instances/test_10n/instance_1921.lp,49,74,0.15,0.0,optimal,0.17629541599999854,0.1753270000000029
internal:relpscost,545,tsp10,data/tsp10/instances/test_10n/instance_1051.lp,49,74,0.14,0.0,optimal,0.16639800000000093,0.1635440000000017
gnn:supervised,545,tsp10,data/tsp10/instances/test_10n/instance_1051.lp,49,74,0.15,0.0,optimal,0.17422020800000126,0.17364099999999993
internal:relpscost,545,tsp10,data/tsp10/instances/test_10n/instance_1616.lp,49,74,0.14,0.0,optimal,0.16390699999999825,0.1624049999999997
gnn:supervised,545,tsp10,data/tsp10/instances/test_10n/instance_1616.lp,49,74,0.15,0.0,optimal,0.17251024999999842,0.17203400000000002
internal:relpscost,545,tsp10,data/tsp10/instances/test_10n/instance_308.lp,49,74,0.14,0.0,optimal,0.1606403329999999,0.15915100000000137
gnn:supervised,545,tsp10,data/tsp10/instances/test_10n/instance_308.lp,49,74,0.16,0.0,optimal,0.17129458300000167,0.17097800000000163
internal:relpscost,545,tsp10,data/tsp10/instances/test_10n/instance_412.lp,49,74,0.14,0.0,optimal,0.16090979099999814,0.15940399999999855
gnn:supervised,545,tsp10,data/tsp10/instances/test_10n/instance_412.lp,49,74,0.15,0.0,optimal,0.17267662500000114,0.1722980000000014
internal:relpscost,545,tsp10,data/tsp10/instances/test_10n/instance_1032.lp,49,74,0.14,0.0,optimal,0.16880504200000246,0.1654669999999996
gnn:supervised,545,tsp10,data/tsp10/instances/test_10n/instance_1032.lp,49,74,0.16,0.0,optimal,0.1821273750000003,0.17878599999999878
internal:relpscost,545,tsp10,data/tsp10/instances/test_10n/instance_260.lp,49,74,0.14,0.0,optimal,0.16856391700000017,0.1656639999999996
gnn:supervised,545,tsp10,data/tsp10/instances/test_10n/instance_260.lp,49,74,0.15,0.0,optimal,0.1740312089999989,0.173446000000002
internal:relpscost,545,tsp10,data/tsp10/instances/test_10n/instance_1759.lp,49,74,0.14,0.0,optimal,0.16270091699999867,0.16105200000000153
gnn:supervised,545,tsp10,data/tsp10/instances/test_10n/instance_1759.lp,49,74,0.15,0.0,optimal,0.1725812090000005,0.17229900000000242
internal:relpscost,545,tsp10,data/tsp10/instances/test_10n/instance_502.lp,49,74,0.14,0.0,optimal,0.1604600000000005,0.1591079999999998
gnn:supervised,545,tsp10,data/tsp10/instances/test_10n/instance_502.lp,49,74,0.16,0.0,optimal,0.17329795799999914,0.17294699999999708
internal:relpscost,545,tsp10,data/tsp10/instances/test_10n/instance_400.lp,49,74,0.15,0.0,optimal,0.16150179199999926,0.16089399999999898
gnn:supervised,545,tsp10,data/tsp10/instances/test_10n/instance_400.lp,49,74,0.15,0.0,optimal,0.16935224999999932,0.16920599999999908
internal:relpscost,545,tsp10,data/tsp10/instances/test_10n/instance_1136.lp,49,74,0.14,0.0,optimal,0.16237604200000177,0.16073000000000093
gnn:supervised,545,tsp10,data/tsp10/instances/test_10n/instance_1136.lp,49,74,0.15,0.0,optimal,0.17000141600000163,0.1697790000000019
internal:relpscost,545,tsp10,data/tsp10/instances/test_10n/instance_1835.lp,49,74,0.14,0.0,optimal,0.16042924999999997,0.15910699999999878
gnn:supervised,545,tsp10,data/tsp10/instances/test_10n/instance_1835.lp,49,74,0.15,0.0,optimal,0.17126195899999885,0.1710579999999986
internal:relpscost,545,tsp10,data/tsp10/instances/test_10n/instance_1551.lp,49,74,0.14,0.0,optimal,0.1616049160000017,0.15997199999999978
gnn:supervised,545,tsp10,data/tsp10/instances/test_10n/instance_1551.lp,49,74,0.16,0.0,optimal,0.1728325840000018,0.17251699999999914
internal:relpscost,545,tsp10,data/tsp10/instances/test_10n/instance_1463.lp,49,74,0.15,0.0,optimal,0.15904725000000042,0.15879500000000135
gnn:supervised,545,tsp10,data/tsp10/instances/test_10n/instance_1463.lp,49,74,0.15,0.0,optimal,0.1723193330000008,0.17209800000000186
internal:relpscost,545,tsp10,data/tsp10/instances/test_10n/instance_207.lp,49,74,0.14,0.0,optimal,0.1598200409999997,0.15903300000000087
gnn:supervised,545,tsp10,data/tsp10/instances/test_10n/instance_207.lp,49,74,0.15,0.0,optimal,0.17270858399999867,0.17257100000000136
internal:relpscost,545,tsp10,data/tsp10/instances/test_10n/instance_471.lp,49,74,0.14,0.0,optimal,0.1584749169999995,0.15725800000000234
gnn:supervised,545,tsp10,data/tsp10/instances/test_10n/instance_471.lp,49,74,0.15,0.0,optimal,0.1702314170000001,0.1701429999999995
internal:relpscost,545,tsp10,data/tsp10/instances/test_10n/instance_309.lp,49,74,0.14,0.0,optimal,0.16177533300000135,0.1606519999999989
gnn:supervised,545,tsp10,data/tsp10/instances/test_10n/instance_309.lp,49,74,0.15,0.0,optimal,0.17089958300000063,0.17072200000000137
internal:relpscost,545,tsp10,data/tsp10/instances/test_10n/instance_25.lp,49,74,0.15,0.0,optimal,0.15999675000000124,0.15911700000000195
gnn:supervised,545,tsp10,data/tsp10/instances/test_10n/instance_25.lp,49,74,0.16,0.0,optimal,0.1729321249999991,0.17264700000000133
internal:relpscost,545,tsp10,data/tsp10/instances/test_10n/instance_1393.lp,49,74,0.14,0.0,optimal,0.16076174999999893,0.15984100000000012
gnn:supervised,545,tsp10,data/tsp10/instances/test_10n/instance_1393.lp,49,74,0.15,0.0,optimal,0.1707555410000019,0.17068700000000092
internal:relpscost,545,tsp10,data/tsp10/instances/test_10n/instance_545.lp,49,74,0.15,0.0,optimal,0.16233099999999823,0.1613599999999984
gnn:supervised,545,tsp10,data/tsp10/instances/test_10n/instance_545.lp,49,74,0.16,0.0,optimal,0.1706857080000006,0.17039700000000124
internal:relpscost,545,tsp10,data/tsp10/instances/test_10n/instance_1311.lp,49,74,0.14,0.0,optimal,0.16006050000000016,0.1589810000000007
gnn:supervised,545,tsp10,data/tsp10/instances/test_10n/instance_1311.lp,49,74,0.15,0.0,optimal,0.1715689590000018,0.17133700000000118
internal:relpscost,545,tsp10,data/tsp10/instances/test_10n/instance_66.lp,49,74,0.14,0.0,optimal,0.16025008400000118,0.1594110000000022
gnn:supervised,545,tsp10,data/tsp10/instances/test_10n/instance_66.lp,49,74,0.16,0.0,optimal,0.17034400000000005,0.1701929999999976
internal:relpscost,545,tsp10,data/tsp10/instances/test_10n/instance_331.lp,49,74,0.14,0.0,optimal,0.15923375000000206,0.15809299999999737
gnn:supervised,545,tsp10,data/tsp10/instances/test_10n/instance_331.lp,49,74,0.15,0.0,optimal,0.1722723749999986,0.1719229999999996
internal:relpscost,545,tsp10,data/tsp10/instances/test_10n/instance_1147.lp,49,74,0.15,0.0,optimal,0.15945366700000108,0.1584229999999991
gnn:supervised,545,tsp10,data/tsp10/instances/test_10n/instance_1147.lp,49,74,0.15,0.0,optimal,0.1713262499999999,0.1711609999999979
internal:relpscost,545,tsp10,data/tsp10/instances/test_10n/instance_1988.lp,49,74,0.14,0.0,optimal,0.16143041699999827,0.15996200000000016
gnn:supervised,545,tsp10,data/tsp10/instances/test_10n/instance_1988.lp,49,74,0.15,0.0,optimal,0.17086637499999924,0.17076600000000042
internal:relpscost,545,tsp10,data/tsp10/instances/test_10n/instance_1529.lp,49,74,0.15,0.0,optimal,0.16254170799999912,0.1610219999999991
gnn:supervised,545,tsp10,data/tsp10/instances/test_10n/instance_1529.lp,49,74,0.16,0.0,optimal,0.17312091699999854,0.17279799999999668
internal:relpscost,545,tsp10,data/tsp10/instances/test_10n/instance_889.lp,49,74,0.14,0.0,optimal,0.16128066699999977,0.1604840000000003
gnn:supervised,545,tsp10,data/tsp10/instances/test_10n/instance_889.lp,49,74,0.15,0.0,optimal,0.17077566600000083,0.17059499999999872
internal:relpscost,545,tsp10,data/tsp10/instances/test_10n/instance_1827.lp,49,74,0.14,0.0,optimal,0.16082179100000005,0.15949100000000271
gnn:supervised,545,tsp10,data/tsp10/instances/test_10n/instance_1827.lp,49,74,0.16,0.0,optimal,0.1711465419999989,0.17095199999999977
internal:relpscost,545,tsp10,data/tsp10/instances/test_10n/instance_140.lp,49,74,0.15,0.0,optimal,0.16163874999999805,0.16063399999999817
gnn:supervised,545,tsp10,data/tsp10/instances/test_10n/instance_140.lp,49,74,0.15,0.0,optimal,0.16903495899999754,0.1688900000000011
internal:relpscost,545,tsp10,data/tsp10/instances/test_10n/instance_700.lp,49,74,0.14,0.0,optimal,0.1597778329999997,0.15889699999999962
gnn:supervised,545,tsp10,data/tsp10/instances/test_10n/instance_700.lp,49,74,0.16,0.0,optimal,0.17205133300000242,0.1717759999999977
internal:relpscost,545,tsp10,data/tsp10/instances/test_10n/instance_865.lp,49,74,0.14,0.0,optimal,0.16124937500000058,0.15962599999999938
gnn:supervised,545,tsp10,data/tsp10/instances/test_10n/instance_865.lp,49,74,0.15,0.0,optimal,0.17061937500000113,0.17045399999999944
internal:relpscost,545,tsp10,data/tsp10/instances/test_10n/instance_1879.lp,49,74,0.14,0.0,optimal,0.16139204199999924,0.16000300000000323
gnn:supervised,545,tsp10,data/tsp10/instances/test_10n/instance_1879.lp,49,74,0.16,0.0,optimal,0.17164554100000018,0.17146699999999981
internal:relpscost,545,tsp10,data/tsp10/instances/test_10n/instance_554.lp,49,74,0.14,0.0,optimal,0.16105750000000185,0.15991599999999906
gnn:supervised,545,tsp10,data/tsp10/instances/test_10n/instance_554.lp,49,74,0.15,0.0,optimal,0.17284695799999739,0.1724710000000016
internal:relpscost,545,tsp10,data/tsp10/instances/test_10n/instance_640.lp,49,74,0.14,0.0,optimal,0.1585095420000009,0.15774900000000258
gnn:supervised,545,tsp10,data/tsp10/instances/test_10n/instance_640.lp,49,74,0.16,0.0,optimal,0.1727363749999995,0.17252399999999923
internal:relpscost,545,tsp10,data/tsp10/instances/test_10n/instance_1079.lp,49,74,0.15,0.0,optimal,0.16320929199999767,0.16216900000000223
gnn:supervised,545,tsp10,data/tsp10/instances/test_10n/instance_1079.lp,49,74,0.16,0.0,optimal,0.17486033400000167,0.1740320000000004
internal:relpscost,545,tsp10,data/tsp10/instances/test_10n/instance_623.lp,49,74,0.15,0.0,optimal,0.16265758300000144,0.16209399999999974
gnn:supervised,545,tsp10,data/tsp10/instances/test_10n/instance_623.lp,49,74,0.16,0.0,optimal,0.1741777500000019,0.17392600000000158
internal:relpscost,545,tsp10,data/tsp10/instances/test_10n/instance_592.lp,49,74,0.15,0.0,optimal,0.16085983400000003,0.1599649999999997
gnn:supervised,545,tsp10,data/tsp10/instances/test_10n/instance_592.lp,49,74,0.16,0.0,optimal,0.17940804099999852,0.17633299999999963
internal:relpscost,545,tsp10,data/tsp10/instances/test_10n/instance_1269.lp,49,74,0.15,0.0,optimal,0.16331683299999966,0.16225800000000135
gnn:supervised,545,tsp10,data/tsp10/instances/test_10n/instance_1269.lp,49,74,0.16,0.0,optimal,0.17222604100000183,0.1719539999999995
internal:relpscost,545,tsp10,data/tsp10/instances/test_10n/instance_1326.lp,49,74,0.15,0.0,optimal,0.16347833300000048,0.16069399999999945
gnn:supervised,545,tsp10,data/tsp10/instances/test_10n/instance_1326.lp,49,74,0.16,0.0,optimal,0.17398854200000002,0.17358099999999865
internal:relpscost,545,tsp10,data/tsp10/instances/test_10n/instance_299.lp,49,74,0.14,0.0,optimal,0.16034237499999904,0.15902200000000022
gnn:supervised,545,tsp10,data/tsp10/instances/test_10n/instance_299.lp,49,74,0.15,0.0,optimal,0.17089500000000157,0.17069799999999802
internal:relpscost,545,tsp10,data/tsp10/instances/test_10n/instance_565.lp,49,74,0.14,0.0,optimal,0.1649058749999952,0.16336499999999887
gnn:supervised,545,tsp10,data/tsp10/instances/test_10n/instance_565.lp,49,74,0.15,0.0,optimal,0.17511433299999624,0.1744919999999972
internal:relpscost,545,tsp10,data/tsp10/instances/test_10n/instance_889.lp,49,74,0.14,0.0,optimal,0.16020924999999409,0.15992599999999868
gnn:supervised,545,tsp10,data/tsp10/instances/test_10n/instance_889.lp,49,74,0.16,0.0,optimal,0.17164570900000342,0.17124999999999346
internal:relpscost,545,tsp10,data/tsp10/instances/test_10n/instance_953.lp,49,74,0.15,0.0,optimal,0.16281979200000052,0.1615409999999997
gnn:supervised,545,tsp10,data/tsp10/instances/test_10n/instance_953.lp,49,74,0.15,0.0,optimal,0.17104162500000086,0.17076099999999883
internal:relpscost,545,tsp10,data/tsp10/instances/test_10n/instance_763.lp,49,74,0.14,0.0,optimal,0.16276195799999726,0.16168399999999394
gnn:supervised,545,tsp10,data/tsp10/instances/test_10n/instance_763.lp,49,74,0.15,0.0,optimal,0.1736442500000024,0.17306600000000572
internal:relpscost,545,tsp10,data/tsp10/instances/test_10n/instance_1071.lp,49,74,0.15,0.0,optimal,0.16584537500000351,0.16408000000000555
gnn:supervised,545,tsp10,data/tsp10/instances/test_10n/instance_1071.lp,49,74,0.16,0.0,optimal,0.17706270900000476,0.17674000000000234
internal:relpscost,545,tsp10,data/tsp10/instances/test_10n/instance_808.lp,49,74,0.15,0.0,optimal,0.1652365830000022,0.16408400000000256
gnn:supervised,545,tsp10,data/tsp10/instances/test_10n/instance_808.lp,49,74,0.16,0.0,optimal,0.1775729169999991,0.17542199999999752
internal:relpscost,545,tsp10,data/tsp10/instances/test_10n/instance_1914.lp,49,74,0.14,0.0,optimal,0.16395808400000078,0.16260500000000633
gnn:supervised,545,tsp10,data/tsp10/instances/test_10n/instance_1914.lp,49,74,0.15,0.0,optimal,0.17191187499999927,0.17170599999999325
internal:relpscost,545,tsp10,data/tsp10/instances/test_10n/instance_417.lp,49,74,0.15,0.0,optimal,0.16028687499999705,0.15932300000000055
gnn:supervised,545,tsp10,data/tsp10/instances/test_10n/instance_417.lp,49,74,0.15,0.0,optimal,0.17007862500000215,0.1700129999999973
internal:relpscost,545,tsp10,data/tsp10/instances/test_10n/instance_1519.lp,49,74,0.14,0.0,optimal,0.1609122090000028,0.1597889999999964
gnn:supervised,545,tsp10,data/tsp10/instances/test_10n/instance_1519.lp,49,74,0.16,0.0,optimal,0.17513512499999706,0.17476800000000026
internal:relpscost,545,tsp10,data/tsp10/instances/test_10n/instance_766.lp,49,74,0.14,0.0,optimal,0.1596743750000016,0.15870499999999765
gnn:supervised,545,tsp10,data/tsp10/instances/test_10n/instance_766.lp,49,74,0.16,0.0,optimal,0.17215791699999983,0.1718699999999984
internal:relpscost,545,tsp10,data/tsp10/instances/test_10n/instance_389.lp,49,74,0.14,0.0,optimal,0.16128133299999803,0.16007800000000572
gnn:supervised,545,tsp10,data/tsp10/instances/test_10n/instance_389.lp,49,74,0.15,0.0,optimal,0.17115041599999614,0.17100599999999844
internal:relpscost,545,tsp10,data/tsp10/instances/test_10n/instance_92.lp,49,74,0.14,0.0,optimal,0.1605136250000001,0.160065000000003
gnn:supervised,545,tsp10,data/tsp10/instances/test_10n/instance_92.lp,49,74,0.16,0.0,optimal,0.1717102089999969,0.1713889999999978
internal:relpscost,545,tsp10,data/tsp10/instances/test_10n/instance_868.lp,49,74,0.15,0.0,optimal,0.16122795799999778,0.16009499999999832
gnn:supervised,545,tsp10,data/tsp10/instances/test_10n/instance_868.lp,49,74,0.15,0.0,optimal,0.1714844580000019,0.1712709999999973
internal:relpscost,545,tsp10,data/tsp10/instances/test_10n/instance_1352.lp,49,74,0.14,0.0,optimal,0.16024775000000346,0.15905000000000058
gnn:supervised,545,tsp10,data/tsp10/instances/test_10n/instance_1352.lp,49,74,0.15,0.0,optimal,0.17268437499999578,0.17123399999999833
internal:relpscost,545,tsp10,data/tsp10/instances/test_10n/instance_1388.lp,49,74,0.15,0.0,optimal,0.16262625000000241,0.1612610000000032
gnn:supervised,545,tsp10,data/tsp10/instances/test_10n/instance_1388.lp,49,74,0.16,0.0,optimal,0.1723008749999977,0.17210599999999943
internal:relpscost,545,tsp10,data/tsp10/instances/test_10n/instance_399.lp,49,74,0.14,0.0,optimal,0.1632307080000004,0.16015000000000157
gnn:supervised,545,tsp10,data/tsp10/instances/test_10n/instance_399.lp,49,74,0.15,0.0,optimal,0.17221349999999802,0.1720109999999977
internal:relpscost,545,tsp10,data/tsp10/instances/test_10n/instance_1032.lp,49,74,0.14,0.0,optimal,0.16146675000000243,0.1603240000000028
gnn:supervised,545,tsp10,data/tsp10/instances/test_10n/instance_1032.lp,49,74,0.16,0.0,optimal,0.1718399169999998,0.17161799999999516
internal:relpscost,545,tsp10,data/tsp10/instances/test_10n/instance_1180.lp,49,74,0.15,0.0,optimal,0.16206866600000325,0.16056100000000129
gnn:supervised,545,tsp10,data/tsp10/instances/test_10n/instance_1180.lp,49,74,0.16,0.0,optimal,0.17156787500000092,0.1712699999999998
internal:relpscost,545,tsp10,data/tsp10/instances/test_10n/instance_1905.lp,49,74,0.14,0.0,optimal,0.15986625000000032,0.1584450000000004
gnn:supervised,545,tsp10,data/tsp10/instances/test_10n/instance_1905.lp,49,74,0.15,0.0,optimal,0.17126820799999365,0.171087
internal:relpscost,545,tsp10,data/tsp10/instances/test_10n/instance_1493.lp,49,74,0.14,0.0,optimal,0.15836829100000216,0.15740999999999872
gnn:supervised,545,tsp10,data/tsp10/instances/test_10n/instance_1493.lp,49,74,0.15,0.0,optimal,0.17126483300000217,0.1711219999999969
internal:relpscost,545,tsp10,data/tsp10/instances/test_10n/instance_1086.lp,49,74,0.14,0.0,optimal,0.16000279200000023,0.158847999999999
gnn:supervised,545,tsp10,data/tsp10/instances/test_10n/instance_1086.lp,49,74,0.16,0.0,optimal,0.17122600000000432,0.17106799999999822
internal:relpscost,545,tsp10,data/tsp10/instances/test_10n/instance_904.lp,49,74,0.14,0.0,optimal,0.15931483300000338,0.1589749999999981
gnn:supervised,545,tsp10,data/tsp10/instances/test_10n/instance_904.lp,49,74,0.15,0.0,optimal,0.1832216250000016,0.17410699999999935
internal:relpscost,545,tsp10,data/tsp10/instances/test_10n/instance_1200.lp,49,74,0.14,0.0,optimal,0.16024224999999603,0.15928799999999654
gnn:supervised,545,tsp10,data/tsp10/instances/test_10n/instance_1200.lp,49,74,0.16,0.0,optimal,0.16986995900000323,0.1697900000000061
internal:relpscost,545,tsp10,data/tsp10/instances/test_10n/instance_544.lp,49,74,0.15,0.0,optimal,0.16593570900000287,0.16137399999999502
gnn:supervised,545,tsp10,data/tsp10/instances/test_10n/instance_544.lp,49,74,0.15,0.0,optimal,0.17225258400000598,0.1720200000000034
internal:relpscost,545,tsp10,data/tsp10/instances/test_10n/instance_874.lp,49,74,0.14,0.0,optimal,0.15960604100000353,0.15860100000000443
gnn:supervised,545,tsp10,data/tsp10/instances/test_10n/instance_874.lp,49,74,0.15,0.0,optimal,0.17176354099999713,0.17142100000000227
internal:relpscost,545,tsp10,data/tsp10/instances/test_10n/instance_1674.lp,49,74,0.15,0.0,optimal,0.16148350000000278,0.16018000000000399
gnn:supervised,545,tsp10,data/tsp10/instances/test_10n/instance_1674.lp,49,74,0.15,0.0,optimal,0.16955200000000303,0.16942800000000346
internal:relpscost,545,tsp10,data/tsp10/instances/test_10n/instance_88.lp,49,74,0.14,0.0,optimal,0.16069054199999755,0.15960699999999406
gnn:supervised,545,tsp10,data/tsp10/instances/test_10n/instance_88.lp,49,74,0.15,0.0,optimal,0.17000112499999886,0.16967799999999755
internal:relpscost,545,tsp10,data/tsp10/instances/test_10n/instance_1834.lp,49,74,0.14,0.0,optimal,0.15785037500000243,0.15740300000000218
gnn:supervised,545,tsp10,data/tsp10/instances/test_10n/instance_1834.lp,49,74,0.15,0.0,optimal,0.17177479099999715,0.17144499999999852
internal:relpscost,545,tsp10,data/tsp10/instances/test_10n/instance_1041.lp,49,74,0.14,0.0,optimal,0.1596271250000001,0.15844999999999487
gnn:supervised,545,tsp10,data/tsp10/instances/test_10n/instance_1041.lp,49,74,0.16,0.0,optimal,0.1739297920000027,0.17343299999999573
internal:relpscost,545,tsp10,data/tsp10/instances/test_10n/instance_1028.lp,49,74,0.15,0.0,optimal,0.16865900000000522,0.16186300000000386
gnn:supervised,545,tsp10,data/tsp10/instances/test_10n/instance_1028.lp,49,74,0.16,0.0,optimal,0.1838855409999951,0.17811799999999778
internal:relpscost,545,tsp10,data/tsp10/instances/test_10n/instance_1920.lp,49,74,0.14,0.0,optimal,0.1607093329999998,0.15948800000000318
gnn:supervised,545,tsp10,data/tsp10/instances/test_10n/instance_1920.lp,49,74,0.16,0.0,optimal,0.176324833999999,0.17470099999999888
internal:relpscost,545,tsp10,data/tsp10/instances/test_10n/instance_1039.lp,49,74,0.15,0.0,optimal,0.15925187499999538,0.15817499999999995
gnn:supervised,545,tsp10,data/tsp10/instances/test_10n/instance_1039.lp,49,74,0.16,0.0,optimal,0.17435874999999612,0.17388199999999898
internal:relpscost,545,tsp10,data/tsp10/instances/test_10n/instance_884.lp,49,74,0.15,0.0,optimal,0.16480525000000057,0.16325600000000406
gnn:supervised,545,tsp10,data/tsp10/instances/test_10n/instance_884.lp,49,74,0.16,0.0,optimal,0.17245108299999856,0.17174199999999473
internal:relpscost,545,tsp10,data/tsp10/instances/test_10n/instance_98.lp,49,74,0.14,0.0,optimal,0.1586948750000019,0.157547000000001
gnn:supervised,545,tsp10,data/tsp10/instances/test_10n/instance_98.lp,49,74,0.15,0.0,optimal,0.17047120899999868,0.170018000000006
internal:relpscost,545,tsp10,data/tsp10/instances/test_10n/instance_300.lp,49,74,0.15,0.0,optimal,0.16300820800000082,0.1613749999999996
gnn:supervised,545,tsp10,data/tsp10/instances/test_10n/instance_300.lp,49,74,0.15,0.0,optimal,0.1695521249999956,0.16931200000000501
internal:relpscost,545,tsp10,data/tsp10/instances/test_10n/instance_1934.lp,49,74,0.14,0.0,optimal,0.16073162500000393,0.15948999999999813
gnn:supervised,545,tsp10,data/tsp10/instances/test_10n/instance_1934.lp,49,74,0.16,0.0,optimal,0.1770772919999999,0.17298000000000258
internal:relpscost,545,tsp10,data/tsp10/instances/test_10n/instance_952.lp,49,74,0.15,0.0,optimal,0.15958362499999623,0.15855300000000483
gnn:supervised,545,tsp10,data/tsp10/instances/test_10n/instance_952.lp,49,74,0.15,0.0,optimal,0.172196624999998,0.1720410000000001
internal:relpscost,545,tsp10,data/tsp10/instances/test_10n/instance_1289.lp,49,74,0.14,0.0,optimal,0.15946291699999904,0.15835399999999566
gnn:supervised,545,tsp10,data/tsp10/instances/test_10n/instance_1289.lp,49,74,0.16,0.0,optimal,0.1705783330000017,0.17024299999999926
internal:relpscost,545,tsp10,data/tsp10/instances/test_10n/instance_337.lp,49,74,0.14,0.0,optimal,0.16072141700000486,0.15967399999999543
gnn:supervised,545,tsp10,data/tsp10/instances/test_10n/instance_337.lp,49,74,0.15,0.0,optimal,0.17374233299999986,0.17290799999999962
internal:relpscost,545,tsp10,data/tsp10/instances/test_10n/instance_809.lp,49,74,0.14,0.0,optimal,0.15793999999999642,0.15691199999999839
gnn:supervised,545,tsp10,data/tsp10/instances/test_10n/instance_809.lp,49,74,0.16,0.0,optimal,0.17231766599999787,0.17200299999999658
internal:relpscost,545,tsp10,data/tsp10/instances/test_10n/instance_197.lp,49,74,0.14,0.0,optimal,0.16215583299999992,0.16006300000000095
gnn:supervised,545,tsp10,data/tsp10/instances/test_10n/instance_197.lp,49,74,0.15,0.0,optimal,0.1701700419999952,0.16993099999999828
internal:relpscost,545,tsp10,data/tsp10/instances/test_10n/instance_446.lp,49,74,0.14,0.0,optimal,0.16039533299999675,0.15923399999999788
gnn:supervised,545,tsp10,data/tsp10/instances/test_10n/instance_446.lp,49,74,0.16,0.0,optimal,0.17151337499999642,0.17126799999999776
internal:relpscost,545,tsp10,data/tsp10/instances/test_10n/instance_352.lp,49,74,0.14,0.0,optimal,0.16003016700000217,0.15876999999999697
gnn:supervised,545,tsp10,data/tsp10/instances/test_10n/instance_352.lp,49,74,0.15,0.0,optimal,0.1717062920000032,0.17152699999999754
internal:relpscost,545,tsp10,data/tsp10/instances/test_10n/instance_1925.lp,49,74,0.14,0.0,optimal,0.1600935000000021,0.1589179999999999
gnn:supervised,545,tsp10,data/tsp10/instances/test_10n/instance_1925.lp,49,74,0.16,0.0,optimal,0.1716182089999947,0.17147500000000093
internal:relpscost,545,tsp10,data/tsp10/instances/test_10n/instance_1467.lp,49,74,0.14,0.0,optimal,0.15980529099999785,0.1586849999999984
gnn:supervised,545,tsp10,data/tsp10/instances/test_10n/instance_1467.lp,49,74,0.15,0.0,optimal,0.17249191599999847,0.17225100000000282
internal:relpscost,545,tsp10,data/tsp10/instances/test_10n/instance_1248.lp,49,74,0.14,0.0,optimal,0.16023375000000328,0.15893200000000007
gnn:supervised,545,tsp10,data/tsp10/instances/test_10n/instance_1248.lp,49,74,0.16,0.0,optimal,0.17240675000000039,0.17213500000000437
internal:relpscost,545,tsp10,data/tsp10/instances/test_10n/instance_1074.lp,49,74,0.14,0.0,optimal,0.16746491699999666,0.16111499999999523
gnn:supervised,545,tsp10,data/tsp10/instances/test_10n/instance_1074.lp,49,74,0.15,0.0,optimal,0.17100754199999812,0.1707409999999996
internal:relpscost,545,tsp10,data/tsp10/instances/test_10n/instance_1034.lp,49,74,0.14,0.0,optimal,0.15946895799999794,0.15829400000000504
gnn:supervised,545,tsp10,data/tsp10/instances/test_10n/instance_1034.lp,49,74,0.16,0.0,optimal,0.17651137500000402,0.17223099999999647
internal:relpscost,545,tsp10,data/tsp10/instances/test_10n/instance_1863.lp,49,74,0.14,0.0,optimal,0.15999170799999973,0.15896800000000155
gnn:supervised,545,tsp10,data/tsp10/instances/test_10n/instance_1863.lp,49,74,0.15,0.0,optimal,0.17174924999999774,0.17158400000000285
internal:relpscost,545,tsp10,data/tsp10/instances/test_10n/instance_1951.lp,49,74,0.14,0.0,optimal,0.16079979199999883,0.15967900000000412
gnn:supervised,545,tsp10,data/tsp10/instances/test_10n/instance_1951.lp,49,74,0.16,0.0,optimal,0.1715084170000054,0.17130199999999718
internal:relpscost,545,tsp10,data/tsp10/instances/test_10n/instance_552.lp,49,74,0.14,0.0,optimal,0.158829125000004,0.15776900000000182
gnn:supervised,545,tsp10,data/tsp10/instances/test_10n/instance_552.lp,49,74,0.15,0.0,optimal,0.1706501660000015,0.17047999999999774
internal:relpscost,545,tsp10,data/tsp10/instances/test_10n/instance_148.lp,49,74,0.14,0.0,optimal,0.16033237500000297,0.15920399999999546
gnn:supervised,545,tsp10,data/tsp10/instances/test_10n/instance_148.lp,49,74,0.16,0.0,optimal,0.17240758400000544,0.17216599999999715
internal:relpscost,545,tsp10,data/tsp10/instances/test_10n/instance_449.lp,49,74,0.14,0.0,optimal,0.1612432500000054,0.16004600000000124
gnn:supervised,545,tsp10,data/tsp10/instances/test_10n/instance_449.lp,49,74,0.15,0.0,optimal,0.1700561250000021,0.16997599999999835
internal:relpscost,545,tsp10,data/tsp10/instances/test_10n/instance_1104.lp,49,74,0.14,0.0,optimal,0.16053012500000108,0.15926500000000487
gnn:supervised,545,tsp10,data/tsp10/instances/test_10n/instance_1104.lp,49,74,0.16,0.0,optimal,0.17237916700000255,0.17200699999999358
internal:relpscost,545,tsp10,data/tsp10/instances/test_10n/instance_425.lp,49,74,0.14,0.0,optimal,0.1582140840000008,0.1572010000000006
gnn:supervised,545,tsp10,data/tsp10/instances/test_10n/instance_425.lp,49,74,0.15,0.0,optimal,0.1763455829999998,0.17578900000000175
internal:relpscost,545,tsp10,data/tsp10/instances/test_10n/instance_1662.lp,49,74,0.14,0.0,optimal,0.16422512499999442,0.16296900000000392
gnn:supervised,545,tsp10,data/tsp10/instances/test_10n/instance_1662.lp,49,74,0.15,0.0,optimal,0.17314737499999922,0.17154699999999679
internal:relpscost,545,tsp10,data/tsp10/instances/test_10n/instance_1120.lp,49,74,0.14,0.0,optimal,0.16067416699999626,0.1596630000000019
gnn:supervised,545,tsp10,data/tsp10/instances/test_10n/instance_1120.lp,49,74,0.15,0.0,optimal,0.17320474999999647,0.17263399999999507
internal:relpscost,545,tsp10,data/tsp10/instances/test_10n/instance_603.lp,49,74,0.15,0.0,optimal,0.16469370899999802,0.15945099999999712
gnn:supervised,545,tsp10,data/tsp10/instances/test_10n/instance_603.lp,49,74,0.16,0.0,optimal,0.1736401249999986,0.1731940000000023
internal:relpscost,545,tsp10,data/tsp10/instances/test_10n/instance_222.lp,49,74,0.15,0.0,optimal,0.1695792500000053,0.1623610000000042
gnn:supervised,545,tsp10,data/tsp10/instances/test_10n/instance_222.lp,49,74,0.16,0.0,optimal,0.17875225000000228,0.17440500000000014
internal:relpscost,545,tsp10,data/tsp10/instances/test_10n/instance_1954.lp,49,74,0.14,0.0,optimal,0.16055324999999954,0.1595039999999983
gnn:supervised,545,tsp10,data/tsp10/instances/test_10n/instance_1954.lp,49,74,0.15,0.0,optimal,0.17460933299999937,0.1739859999999993
internal:relpscost,545,tsp10,data/tsp10/instances/test_10n/instance_1394.lp,49,74,0.14,0.0,optimal,0.1637264579999993,0.16161699999999968
gnn:supervised,545,tsp10,data/tsp10/instances/test_10n/instance_1394.lp,49,74,0.15,0.0,optimal,0.17471879100000365,0.1736270000000033
internal:relpscost,545,tsp10,data/tsp10/instances/test_10n/instance_1412.lp,49,74,0.14,0.0,optimal,0.16379325000000478,0.162111000000003
gnn:supervised,545,tsp10,data/tsp10/instances/test_10n/instance_1412.lp,49,74,0.16,0.0,optimal,0.17738433400000275,0.17657400000000223
internal:relpscost,545,tsp10,data/tsp10/instances/test_10n/instance_1157.lp,49,74,0.15,0.0,optimal,0.16459941699999803,0.1631049999999945
gnn:supervised,545,tsp10,data/tsp10/instances/test_10n/instance_1157.lp,49,74,0.16,0.0,optimal,0.1797849169999992,0.1763820000000038
internal:relpscost,545,tsp10,data/tsp10/instances/test_10n/instance_595.lp,49,74,0.14,0.0,optimal,0.16466691699999814,0.1635299999999944
gnn:supervised,545,tsp10,data/tsp10/instances/test_10n/instance_595.lp,49,74,0.16,0.0,optimal,0.17799341599999963,0.17703399999999903
internal:relpscost,545,tsp10,data/tsp10/instances/test_10n/instance_30.lp,49,74,0.15,0.0,optimal,0.18298004199999696,0.16915300000000144
gnn:supervised,545,tsp10,data/tsp10/instances/test_10n/instance_30.lp,49,74,0.16,0.0,optimal,0.20520833300000163,0.17878400000000028
internal:relpscost,545,tsp10,data/tsp10/instances/test_10n/instance_1743.lp,49,74,0.15,0.0,optimal,0.16677033300000232,0.16521999999999792
gnn:supervised,545,tsp10,data/tsp10/instances/test_10n/instance_1743.lp,49,74,0.16,0.0,optimal,0.1726956249999958,0.17244300000000123
internal:relpscost,545,tsp10,data/tsp10/instances/test_10n/instance_219.lp,49,74,0.15,0.0,optimal,0.16891745899999933,0.16277800000000298
gnn:supervised,545,tsp10,data/tsp10/instances/test_10n/instance_219.lp,49,74,0.16,0.0,optimal,0.1725089169999947,0.17236799999999874
internal:relpscost,545,tsp10,data/tsp10/instances/test_10n/instance_778.lp,49,74,0.15,0.0,optimal,0.16216199999999503,0.16124099999999686
gnn:supervised,545,tsp10,data/tsp10/instances/test_10n/instance_778.lp,49,74,0.16,0.0,optimal,0.17465058399999833,0.17431200000000047
internal:relpscost,545,tsp10,data/tsp10/instances/test_10n/instance_1175.lp,49,74,0.15,0.0,optimal,0.16263512499999422,0.16194600000000037
gnn:supervised,545,tsp10,data/tsp10/instances/test_10n/instance_1175.lp,49,74,0.16,0.0,optimal,0.1738040839999968,0.1733469999999997
internal:relpscost,545,tsp10,data/tsp10/instances/test_10n/instance_122.lp,49,74,0.15,0.0,optimal,0.16519245799999993,0.16423900000000202
gnn:supervised,545,tsp10,data/tsp10/instances/test_10n/instance_122.lp,49,74,0.16,0.0,optimal,0.17975479100000058,0.17893000000000114
internal:relpscost,545,tsp10,data/tsp10/instances/test_10n/instance_319.lp,49,74,0.15,0.0,optimal,0.16836970800000017,0.16683499999999896
gnn:supervised,545,tsp10,data/tsp10/instances/test_10n/instance_319.lp,49,74,0.16,0.0,optimal,0.1798554579999987,0.17839000000000027
internal:relpscost,545,tsp10,data/tsp10/instances/test_10n/instance_652.lp,49,74,0.15,0.0,optimal,0.1666598330000042,0.1655850000000001
gnn:supervised,545,tsp10,data/tsp10/instances/test_10n/instance_652.lp,49,74,0.16,0.0,optimal,0.17531504200000114,0.17470399999999842
internal:relpscost,545,tsp10,data/tsp10/instances/test_10n/instance_189.lp,49,74,0.14,0.0,optimal,0.16130083299999853,0.1607920000000007
gnn:supervised,545,tsp10,data/tsp10/instances/test_10n/instance_189.lp,49,74,0.16,0.0,optimal,0.17600816599999547,0.1754760000000033
internal:relpscost,545,tsp10,data/tsp10/instances/test_10n/instance_1181.lp,49,74,0.15,0.0,optimal,0.17116179100000295,0.16970799999999997
gnn:supervised,545,tsp10,data/tsp10/instances/test_10n/instance_1181.lp,49,74,0.17,0.0,optimal,0.21134779200000509,0.18450900000000559
internal:relpscost,545,tsp10,data/tsp10/instances/test_10n/instance_1660.lp,49,74,0.15,0.0,optimal,0.16804404199999823,0.16711000000000098
gnn:supervised,545,tsp10,data/tsp10/instances/test_10n/instance_1660.lp,49,74,0.16,0.0,optimal,0.1848288750000009,0.18067800000000034
internal:relpscost,545,tsp10,data/tsp10/instances/test_10n/instance_1519.lp,49,74,0.14,0.0,optimal,0.16407841699999892,0.16344399999999837
gnn:supervised,545,tsp10,data/tsp10/instances/test_10n/instance_1519.lp,49,74,0.16,0.0,optimal,0.17841029099999872,0.17775999999999925
internal:relpscost,545,tsp10,data/tsp10/instances/test_10n/instance_1448.lp,49,74,0.16,0.0,optimal,0.1919109999999975,0.17683899999999397
gnn:supervised,545,tsp10,data/tsp10/instances/test_10n/instance_1448.lp,49,74,0.16,0.0,optimal,0.1826647500000007,0.18187400000000054
internal:relpscost,545,tsp10,data/tsp10/instances/test_10n/instance_884.lp,49,74,0.15,0.0,optimal,0.1658929580000006,0.16501399999999933
gnn:supervised,545,tsp10,data/tsp10/instances/test_10n/instance_884.lp,49,74,0.15,0.0,optimal,0.17687991700000083,0.17600700000000558
internal:relpscost,545,tsp10,data/tsp10/instances/test_10n/instance_1277.lp,49,74,0.14,0.0,optimal,0.1651085420000058,0.1631709999999984
gnn:supervised,545,tsp10,data/tsp10/instances/test_10n/instance_1277.lp,49,74,0.16,0.0,optimal,0.17816608400000433,0.17634500000000486
internal:relpscost,545,tsp10,data/tsp10/instances/test_10n/instance_1194.lp,49,74,0.14,0.0,optimal,0.16106804100000005,0.16043400000000219
gnn:supervised,545,tsp10,data/tsp10/instances/test_10n/instance_1194.lp,49,74,0.15,0.0,optimal,0.17338587500000102,0.17283599999999666
internal:relpscost,545,tsp10,data/tsp10/instances/test_10n/instance_1108.lp,49,74,0.14,0.0,optimal,0.1632764159999951,0.16207299999999947
gnn:supervised,545,tsp10,data/tsp10/instances/test_10n/instance_1108.lp,49,74,0.16,0.0,optimal,0.17846999999999724,0.17708900000000227
internal:relpscost,545,tsp10,data/tsp10/instances/test_10n/instance_599.lp,49,74,0.14,0.0,optimal,0.16052862499999776,0.1592110000000062
gnn:supervised,545,tsp10,data/tsp10/instances/test_10n/instance_599.lp,49,74,0.15,0.0,optimal,0.17363137499999937,0.1734429999999989
internal:relpscost,545,tsp10,data/tsp10/instances/test_10n/instance_183.lp,49,74,0.14,0.0,optimal,0.1645533750000041,0.1625410000000045
gnn:supervised,545,tsp10,data/tsp10/instances/test_10n/instance_183.lp,49,74,0.16,0.0,optimal,0.17994212500000373,0.17818899999999616
internal:relpscost,545,tsp10,data/tsp10/instances/test_10n/instance_1240.lp,49,74,0.14,0.0,optimal,0.15810670799999826,0.15774600000000305
gnn:supervised,545,tsp10,data/tsp10/instances/test_10n/instance_1240.lp,49,74,0.16,0.0,optimal,0.17446883299999882,0.1738810000000015
internal:relpscost,545,tsp10,data/tsp10/instances/test_10n/instance_1096.lp,49,74,0.14,0.0,optimal,0.16278641699999952,0.15858399999999762
gnn:supervised,545,tsp10,data/tsp10/instances/test_10n/instance_1096.lp,49,74,0.15,0.0,optimal,0.174162165999995,0.1735439999999997
internal:relpscost,545,tsp10,data/tsp10/instances/test_10n/instance_106.lp,49,74,0.14,0.0,optimal,0.16521487500000376,0.16307600000000377
gnn:supervised,545,tsp10,data/tsp10/instances/test_10n/instance_106.lp,49,74,0.15,0.0,optimal,0.1766589579999973,0.17577500000000157
internal:relpscost,545,tsp10,data/tsp10/instances/test_10n/instance_355.lp,49,74,0.14,0.0,optimal,0.15695891600000067,0.15573200000000043
gnn:supervised,545,tsp10,data/tsp10/instances/test_10n/instance_355.lp,49,74,0.16,0.0,optimal,0.17470112500000567,0.17415099999999484
internal:relpscost,545,tsp10,data/tsp10/instances/test_10n/instance_1986.lp,49,74,0.14,0.0,optimal,0.15919020900000191,0.15810799999999858
gnn:supervised,545,tsp10,data/tsp10/instances/test_10n/instance_1986.lp,49,74,0.16,0.0,optimal,0.17486433300000215,0.17421099999999967
internal:relpscost,545,tsp10,data/tsp10/instances/test_10n/instance_962.lp,49,74,0.14,0.0,optimal,0.16218849999999918,0.16078999999999866
gnn:supervised,545,tsp10,data/tsp10/instances/test_10n/instance_962.lp,49,74,0.15,0.0,optimal,0.17244491699999998,0.17203899999999805
internal:relpscost,545,tsp10,data/tsp10/instances/test_10n/instance_1380.lp,49,74,0.14,0.0,optimal,0.15524345800000106,0.15502099999999785
gnn:supervised,545,tsp10,data/tsp10/instances/test_10n/instance_1380.lp,49,74,0.16,0.0,optimal,0.17280925000000025,0.17240799999999723
internal:relpscost,545,tsp10,data/tsp10/instances/test_10n/instance_373.lp,49,74,0.14,0.0,optimal,0.1584764170000028,0.15696600000000416
gnn:supervised,545,tsp10,data/tsp10/instances/test_10n/instance_373.lp,49,74,0.16,0.0,optimal,0.1741993750000006,0.17369499999999505
internal:relpscost,545,tsp10,data/tsp10/instances/test_10n/instance_196.lp,49,74,0.13,0.0,optimal,0.1557354999999987,0.1548349999999985
gnn:supervised,545,tsp10,data/tsp10/instances/test_10n/instance_196.lp,49,74,0.15,0.0,optimal,0.1722347500000012,0.17200699999999358
internal:relpscost,545,tsp10,data/tsp10/instances/test_10n/instance_101.lp,49,74,0.14,0.0,optimal,0.16178145899999663,0.16040500000000435
gnn:supervised,545,tsp10,data/tsp10/instances/test_10n/instance_101.lp,49,74,0.16,0.0,optimal,0.17696216700000633,0.17588599999999843
internal:relpscost,545,tsp10,data/tsp10/instances/test_10n/instance_103.lp,49,74,0.14,0.0,optimal,0.1592777500000011,0.15809699999999793
gnn:supervised,545,tsp10,data/tsp10/instances/test_10n/instance_103.lp,49,74,0.16,0.0,optimal,0.1749550829999933,0.1741489999999999
internal:relpscost,545,tsp10,data/tsp10/instances/test_10n/instance_1838.lp,49,74,0.15,0.0,optimal,0.1614495839999961,0.16008500000000225
gnn:supervised,545,tsp10,data/tsp10/instances/test_10n/instance_1838.lp,49,74,0.16,0.0,optimal,0.17685754100000395,0.1757119999999972
internal:relpscost,545,tsp10,data/tsp10/instances/test_10n/instance_83.lp,49,74,0.15,0.0,optimal,0.16295745899999758,0.16110899999999617
gnn:supervised,545,tsp10,data/tsp10/instances/test_10n/instance_83.lp,49,74,0.16,0.0,optimal,0.17430841600000235,0.1738420000000005
internal:relpscost,545,tsp10,data/tsp10/instances/test_10n/instance_1906.lp,49,74,0.15,0.0,optimal,0.16051366700000358,0.15933900000000278
gnn:supervised,545,tsp10,data/tsp10/instances/test_10n/instance_1906.lp,49,74,0.16,0.0,optimal,0.17650458299999627,0.17530200000000207
internal:relpscost,545,tsp10,data/tsp10/instances/test_10n/instance_1166.lp,49,74,0.14,0.0,optimal,0.1599492920000074,0.15877500000000566
gnn:supervised,545,tsp10,data/tsp10/instances/test_10n/instance_1166.lp,49,74,0.16,0.0,optimal,0.17475566699999945,0.17408399999999347
internal:relpscost,545,tsp10,data/tsp10/instances/test_10n/instance_1632.lp,49,74,0.14,0.0,optimal,0.1596093329999917,0.15834699999999202
gnn:supervised,545,tsp10,data/tsp10/instances/test_10n/instance_1632.lp,49,74,0.15,0.0,optimal,0.17501945899999782,0.17442099999999527
internal:relpscost,545,tsp10,data/tsp10/instances/test_10n/instance_1985.lp,49,74,0.14,0.0,optimal,0.16061658300000659,0.15927999999999543
gnn:supervised,545,tsp10,data/tsp10/instances/test_10n/instance_1985.lp,49,74,0.16,0.0,optimal,0.1766395829999965,0.17595399999999017
internal:relpscost,545,tsp10,data/tsp10/instances/test_10n/instance_1709.lp,49,74,0.14,0.0,optimal,0.1575247920000038,0.1571039999999897
gnn:supervised,545,tsp10,data/tsp10/instances/test_10n/instance_1709.lp,49,74,0.16,0.0,optimal,0.17412374999999258,0.17352900000000204
internal:relpscost,545,tsp10,data/tsp10/instances/test_10n/instance_912.lp,49,74,0.14,0.0,optimal,0.16295537499999568,0.15909899999999766
gnn:supervised,545,tsp10,data/tsp10/instances/test_10n/instance_912.lp,49,74,0.15,0.0,optimal,0.17521324999999877,0.17393300000000522
internal:relpscost,545,tsp10,data/tsp10/instances/test_10n/instance_1763.lp,49,74,0.14,0.0,optimal,0.16095124999999655,0.159600999999995
gnn:supervised,545,tsp10,data/tsp10/instances/test_10n/instance_1763.lp,49,74,0.15,0.0,optimal,0.17261495900000057,0.17227700000000823
internal:relpscost,545,tsp10,data/tsp10/instances/test_10n/instance_655.lp,49,74,0.14,0.0,optimal,0.15767508300000088,0.15650699999999063
gnn:supervised,545,tsp10,data/tsp10/instances/test_10n/instance_655.lp,49,74,0.16,0.0,optimal,0.1861980420000009,0.18228499999999315
internal:relpscost,545,tsp10,data/tsp10/instances/test_10n/instance_467.lp,49,74,0.15,0.0,optimal,0.170840333000001,0.16821000000000197
gnn:supervised,545,tsp10,data/tsp10/instances/test_10n/instance_467.lp,49,74,0.17,0.0,optimal,0.1800794589999981,0.17909299999999462
internal:relpscost,545,tsp10,data/tsp10/instances/test_10n/instance_482.lp,49,74,0.15,0.0,optimal,0.1933514580000093,0.17247199999999907
gnn:supervised,545,tsp10,data/tsp10/instances/test_10n/instance_482.lp,49,74,0.16,0.0,optimal,0.21075270900000476,0.1854550000000046
internal:relpscost,545,tsp10,data/tsp10/instances/test_10n/instance_544.lp,49,74,0.14,0.0,optimal,0.1611348750000019,0.159474000000003
gnn:supervised,545,tsp10,data/tsp10/instances/test_10n/instance_544.lp,49,74,0.15,0.0,optimal,0.17579870800000208,0.17433400000000177
internal:relpscost,545,tsp10,data/tsp10/instances/test_10n/instance_1167.lp,49,74,0.14,0.0,optimal,0.15842408299999988,0.1573360000000008
gnn:supervised,545,tsp10,data/tsp10/instances/test_10n/instance_1167.lp,49,74,0.16,0.0,optimal,0.17122324999999705,0.17105699999999047
internal:relpscost,545,tsp10,data/tsp10/instances/test_10n/instance_927.lp,49,74,0.14,0.0,optimal,0.15728850000000705,0.15602799999999206
gnn:supervised,545,tsp10,data/tsp10/instances/test_10n/instance_927.lp,49,74,0.16,0.0,optimal,0.17175916600000107,0.171638999999999
internal:relpscost,545,tsp10,data/tsp10/instances/test_10n/instance_668.lp,49,74,0.14,0.0,optimal,0.15579795899999738,0.15463900000000308
gnn:supervised,545,tsp10,data/tsp10/instances/test_10n/instance_668.lp,49,74,0.15,0.0,optimal,0.17371300000000645,0.17320300000000088
internal:relpscost,545,tsp10,data/tsp10/instances/test_10n/instance_1645.lp,49,74,0.14,0.0,optimal,0.16890066599999898,0.1650900000000064
gnn:supervised,545,tsp10,data/tsp10/instances/test_10n/instance_1645.lp,49,74,0.16,0.0,optimal,0.18946316699999954,0.1840480000000042
internal:relpscost,545,tsp10,data/tsp10/instances/test_10n/instance_1020.lp,49,74,0.14,0.0,optimal,0.16346083300000203,0.16182100000000332
gnn:supervised,545,tsp10,data/tsp10/instances/test_10n/instance_1020.lp,49,74,0.15,0.0,optimal,0.17578879200000586,0.17516099999998858
internal:relpscost,545,tsp10,data/tsp10/instances/test_10n/instance_804.lp,49,74,0.14,0.0,optimal,0.1582764579999889,0.15793899999999894
gnn:supervised,545,tsp10,data/tsp10/instances/test_10n/instance_804.lp,49,74,0.16,0.0,optimal,0.17282937499999207,0.1725189999999941
internal:relpscost,545,tsp10,data/tsp10/instances/test_10n/instance_1675.lp,49,74,0.15,0.0,optimal,0.1603776249999953,0.159087999999997
gnn:supervised,545,tsp10,data/tsp10/instances/test_10n/instance_1675.lp,49,74,0.15,0.0,optimal,0.17119162499999163,0.1709239999999994
internal:relpscost,545,tsp10,data/tsp10/instances/test_10n/instance_355.lp,49,74,0.14,0.0,optimal,0.15433124999999848,0.15427300000000344
gnn:supervised,545,tsp10,data/tsp10/instances/test_10n/instance_355.lp,49,74,0.16,0.0,optimal,0.17392333299999052,0.17351099999999064
internal:relpscost,545,tsp10,data/tsp10/instances/test_10n/instance_1510.lp,49,74,0.14,0.0,optimal,0.15808808399999918,0.157038
gnn:supervised,545,tsp10,data/tsp10/instances/test_10n/instance_1510.lp,49,74,0.15,0.0,optimal,0.17199841700001173,0.17162700000000086
internal:relpscost,545,tsp10,data/tsp10/instances/test_10n/instance_1635.lp,49,74,0.14,0.0,optimal,0.15991495800000166,0.15764500000000226
gnn:supervised,545,tsp10,data/tsp10/instances/test_10n/instance_1635.lp,49,74,0.16,0.0,optimal,0.17471274999999764,0.17423300000000097
internal:relpscost,545,tsp10,data/tsp10/instances/test_10n/instance_1402.lp,49,74,0.15,0.0,optimal,0.16392979100000105,0.16216500000000167
gnn:supervised,545,tsp10,data/tsp10/instances/test_10n/instance_1402.lp,49,74,0.16,0.0,optimal,0.18046929100000852,0.17626800000000742
internal:relpscost,545,tsp10,data/tsp10/instances/test_10n/instance_1484.lp,49,74,0.14,0.0,optimal,0.15605999999999653,0.1551549999999935
gnn:supervised,545,tsp10,data/tsp10/instances/test_10n/instance_1484.lp,49,74,0.16,0.0,optimal,0.1896880839999966,0.1792650000000009
internal:relpscost,545,tsp10,data/tsp10/instances/test_10n/instance_1295.lp,49,74,0.14,0.0,optimal,0.16083500000000583,0.15978800000000604
gnn:supervised,545,tsp10,data/tsp10/instances/test_10n/instance_1295.lp,49,74,0.16,0.0,optimal,0.17874412500000858,0.17754200000000253
internal:relpscost,545,tsp10,data/tsp10/instances/test_10n/instance_1791.lp,49,74,0.15,0.0,optimal,0.16188400000000058,0.1602890000000059
gnn:supervised,545,tsp10,data/tsp10/instances/test_10n/instance_1791.lp,49,74,0.16,0.0,optimal,0.17658554199999799,0.17560600000000193
internal:relpscost,545,tsp10,data/tsp10/instances/test_10n/instance_723.lp,49,74,0.14,0.0,optimal,0.1586784999999935,0.15807799999998906
gnn:supervised,545,tsp10,data/tsp10/instances/test_10n/instance_723.lp,49,74,0.16,0.0,optimal,0.1758048750000114,0.17500100000000884
internal:relpscost,545,tsp10,data/tsp10/instances/test_10n/instance_1782.lp,49,74,0.14,0.0,optimal,0.16051354199998968,0.15867399999999066
gnn:supervised,545,tsp10,data/tsp10/instances/test_10n/instance_1782.lp,49,74,0.16,0.0,optimal,0.17883020900001156,0.17797200000001112
internal:relpscost,545,tsp10,data/tsp10/instances/test_10n/instance_68.lp,49,74,0.14,0.0,optimal,0.15942562499999724,0.15835900000000436
gnn:supervised,545,tsp10,data/tsp10/instances/test_10n/instance_68.lp,49,74,0.16,0.0,optimal,0.17802625000000205,0.177188000000001
internal:relpscost,545,tsp10,data/tsp10/instances/test_10n/instance_1455.lp,49,74,0.14,0.0,optimal,0.15886608399999602,0.15783000000000413
gnn:supervised,545,tsp10,data/tsp10/instances/test_10n/instance_1455.lp,49,74,0.15,0.0,optimal,0.17470308299999715,0.17415400000000147
internal:relpscost,545,tsp10,data/tsp10/instances/test_10n/instance_335.lp,49,74,0.15,0.0,optimal,0.16556325000000527,0.1637230000000045
gnn:supervised,545,tsp10,data/tsp10/instances/test_10n/instance_335.lp,49,74,0.16,0.0,optimal,0.1785409169999923,0.17642100000000482
internal:relpscost,545,tsp10,data/tsp10/instances/test_10n/instance_297.lp,49,74,0.15,0.0,optimal,0.1611727089999988,0.16000100000000828
gnn:supervised,545,tsp10,data/tsp10/instances/test_10n/instance_297.lp,49,74,0.15,0.0,optimal,0.17168629199998975,0.17139900000000807
internal:relpscost,545,tsp10,data/tsp10/instances/test_10n/instance_41.lp,49,74,0.14,0.0,optimal,0.16371804099999565,0.16260499999999922
gnn:supervised,545,tsp10,data/tsp10/instances/test_10n/instance_41.lp,49,74,0.16,0.0,optimal,0.18007691600000442,0.17900099999999952
internal:relpscost,545,tsp10,data/tsp10/instances/test_10n/instance_1380.lp,49,74,0.15,0.0,optimal,0.16893270900000346,0.16608499999999538
gnn:supervised,545,tsp10,data/tsp10/instances/test_10n/instance_1380.lp,49,74,0.16,0.0,optimal,0.17560575000000256,0.17524199999999723
internal:relpscost,545,tsp10,data/tsp10/instances/test_10n/instance_1140.lp,49,74,0.14,0.0,optimal,0.1604229160000017,0.15922799999999881
gnn:supervised,545,tsp10,data/tsp10/instances/test_10n/instance_1140.lp,49,74,0.15,0.0,optimal,0.1721512079999883,0.1718790000000041
internal:relpscost,545,tsp10,data/tsp10/instances/test_10n/instance_1547.lp,49,74,0.14,0.0,optimal,0.1659892089999886,0.16433800000000076
gnn:supervised,545,tsp10,data/tsp10/instances/test_10n/instance_1547.lp,49,74,0.16,0.0,optimal,0.17606429100000298,0.17539600000000632
internal:relpscost,545,tsp10,data/tsp10/instances/test_10n/instance_502.lp,49,74,0.14,0.0,optimal,0.1579506670000086,0.15686100000000636
gnn:supervised,545,tsp10,data/tsp10/instances/test_10n/instance_502.lp,49,74,0.16,0.0,optimal,0.1749699159999949,0.17450900000000047
internal:relpscost,545,tsp10,data/tsp10/instances/test_10n/instance_968.lp,49,74,0.14,0.0,optimal,0.16242824999999073,0.1607139999999987
gnn:supervised,545,tsp10,data/tsp10/instances/test_10n/instance_968.lp,49,74,0.16,0.0,optimal,0.17766104199999688,0.1762470000000036
internal:relpscost,545,tsp10,data/tsp10/instances/test_10n/instance_636.lp,49,74,0.14,0.0,optimal,0.161141458000003,0.1599429999999984
gnn:supervised,545,tsp10,data/tsp10/instances/test_10n/instance_636.lp,49,74,0.16,0.0,optimal,0.17390508299999397,0.1734000000000009
internal:relpscost,545,tsp10,data/tsp10/instances/test_10n/instance_948.lp,49,74,0.15,0.0,optimal,0.15984949999999287,0.15931900000001065
gnn:supervised,545,tsp10,data/tsp10/instances/test_10n/instance_948.lp,49,74,0.16,0.0,optimal,0.1762882919999953,0.17532500000000084
internal:relpscost,545,tsp10,data/tsp10/instances/test_10n/instance_1188.lp,49,74,0.15,0.0,optimal,0.16076966699999673,0.1594869999999986
gnn:supervised,545,tsp10,data/tsp10/instances/test_10n/instance_1188.lp,49,74,0.16,0.0,optimal,0.17729020800000228,0.17637600000000475
internal:relpscost,545,tsp10,data/tsp10/instances/test_10n/instance_371.lp,49,74,0.15,0.0,optimal,0.1646395420000033,0.16233099999999467
gnn:supervised,545,tsp10,data/tsp10/instances/test_10n/instance_371.lp,49,74,0.16,0.0,optimal,0.1781507910000073,0.1763909999999953
internal:relpscost,545,tsp10,data/tsp10/instances/test_10n/instance_1316.lp,49,74,0.14,0.0,optimal,0.16291412500000035,0.16140000000000043
gnn:supervised,545,tsp10,data/tsp10/instances/test_10n/instance_1316.lp,49,74,0.15,0.0,optimal,0.17428587499999537,0.17375299999999072
internal:relpscost,545,tsp10,data/tsp10/instances/test_10n/instance_76.lp,49,74,0.14,0.0,optimal,0.16070908300000042,0.16016900000001044
gnn:supervised,545,tsp10,data/tsp10/instances/test_10n/instance_76.lp,49,74,0.16,0.0,optimal,0.17665612500000805,0.17559500000000128
internal:relpscost,545,tsp10,data/tsp10/instances/test_10n/instance_1140.lp,49,74,0.14,0.0,optimal,0.16005116599998814,0.1597670000000022
gnn:supervised,545,tsp10,data/tsp10/instances/test_10n/instance_1140.lp,49,74,0.15,0.0,optimal,0.17484904200000528,0.17389299999999253
internal:relpscost,545,tsp10,data/tsp10/instances/test_10n/instance_1884.lp,49,74,0.14,0.0,optimal,0.16106279199999562,0.15996600000001138
gnn:supervised,545,tsp10,data/tsp10/instances/test_10n/instance_1884.lp,49,74,0.16,0.0,optimal,0.17783320799999558,0.176952
internal:relpscost,545,tsp10,data/tsp10/instances/test_10n/instance_218.lp,49,74,0.14,0.0,optimal,0.15823516700000084,0.15718700000000752
gnn:supervised,545,tsp10,data/tsp10/instances/test_10n/instance_218.lp,49,74,0.16,0.0,optimal,0.1776760830000086,0.17677799999999877
internal:relpscost,545,tsp10,data/tsp10/instances/test_10n/instance_1445.lp,49,74,0.14,0.0,optimal,0.1620377499999961,0.16164800000001378
gnn:supervised,545,tsp10,data/tsp10/instances/test_10n/instance_1445.lp,49,74,0.15,0.0,optimal,0.18954595900000015,0.17668599999998946
internal:relpscost,545,tsp10,data/tsp10/instances/test_10n/instance_1033.lp,49,74,0.14,0.0,optimal,0.15785354099999438,0.15687499999999943
gnn:supervised,545,tsp10,data/tsp10/instances/test_10n/instance_1033.lp,49,74,0.16,0.0,optimal,0.1786662920000026,0.1745610000000113
internal:relpscost,545,tsp10,data/tsp10/instances/test_10n/instance_1604.lp,49,74,0.14,0.0,optimal,0.1600352909999998,0.1586329999999947
gnn:supervised,545,tsp10,data/tsp10/instances/test_10n/instance_1604.lp,49,74,0.16,0.0,optimal,0.1761976660000073,0.17550300000000618
internal:relpscost,545,tsp10,data/tsp10/instances/test_10n/instance_1904.lp,49,74,0.14,0.0,optimal,0.16442487499999459,0.16153400000000318
gnn:supervised,545,tsp10,data/tsp10/instances/test_10n/instance_1904.lp,49,74,0.16,0.0,optimal,0.17432404199999496,0.17397199999999202
internal:relpscost,545,tsp10,data/tsp10/instances/test_10n/instance_802.lp,49,74,0.14,0.0,optimal,0.1581899170000014,0.15716399999999453
gnn:supervised,545,tsp10,data/tsp10/instances/test_10n/instance_802.lp,49,74,0.16,0.0,optimal,0.1759718750000019,0.17528100000001245
internal:relpscost,545,tsp10,data/tsp10/instances/test_10n/instance_231.lp,49,74,0.14,0.0,optimal,0.15897883399999557,0.1583919999999921
gnn:supervised,545,tsp10,data/tsp10/instances/test_10n/instance_231.lp,49,74,0.15,0.0,optimal,0.17207241699999543,0.17168399999999906
internal:relpscost,545,tsp10,data/tsp10/instances/test_10n/instance_1515.lp,49,74,0.14,0.0,optimal,0.15519316600000366,0.15423300000000495
gnn:supervised,545,tsp10,data/tsp10/instances/test_10n/instance_1515.lp,49,74,0.16,0.0,optimal,0.17576091700000518,0.17494000000000653
internal:relpscost,545,tsp10,data/tsp10/instances/test_10n/instance_1873.lp,49,74,0.15,0.0,optimal,0.1627472090000026,0.16096500000000447
gnn:supervised,545,tsp10,data/tsp10/instances/test_10n/instance_1873.lp,49,74,0.16,0.0,optimal,0.17993724999999472,0.17871999999999844
internal:relpscost,545,tsp10,data/tsp10/instances/test_10n/instance_550.lp,49,74,0.14,0.0,optimal,0.16488837499998965,0.16265800000000752
gnn:supervised,545,tsp10,data/tsp10/instances/test_10n/instance_550.lp,49,74,0.16,0.0,optimal,0.17949391700000206,0.1775829999999985
internal:relpscost,545,tsp10,data/tsp10/instances/test_10n/instance_806.lp,49,74,0.14,0.0,optimal,0.159535125000005,0.15827500000000327
gnn:supervised,545,tsp10,data/tsp10/instances/test_10n/instance_806.lp,49,74,0.15,0.0,optimal,0.1754223330000002,0.17394499999998914
internal:relpscost,545,tsp10,data/tsp10/instances/test_10n/instance_1989.lp,49,74,0.14,0.0,optimal,0.15922358299999928,0.1580330000000032
gnn:supervised,545,tsp10,data/tsp10/instances/test_10n/instance_1989.lp,49,74,0.16,0.0,optimal,0.17192545900000766,0.17136800000000108
internal:relpscost,545,tsp10,data/tsp10/instances/test_10n/instance_2.lp,49,74,0.14,0.0,optimal,0.1625695000000036,0.15971799999999803
gnn:supervised,545,tsp10,data/tsp10/instances/test_10n/instance_2.lp,49,74,0.15,0.0,optimal,0.17221412499999644,0.1718929999999972
internal:relpscost,545,tsp10,data/tsp10/instances/test_10n/instance_322.lp,49,74,0.14,0.0,optimal,0.15977658299999575,0.15852599999999484
gnn:supervised,545,tsp10,data/tsp10/instances/test_10n/instance_322.lp,49,74,0.16,0.0,optimal,0.17433420799999055,0.1737449999999967
internal:relpscost,545,tsp10,data/tsp10/instances/test_10n/instance_1951.lp,49,74,0.14,0.0,optimal,0.1580028750000082,0.15691400000000044
gnn:supervised,545,tsp10,data/tsp10/instances/test_10n/instance_1951.lp,49,74,0.15,0.0,optimal,0.17382329199999447,0.17348599999999692
internal:relpscost,545,tsp10,data/tsp10/instances/test_10n/instance_342.lp,49,74,0.14,0.0,optimal,0.16054041599998925,0.1593199999999939
gnn:supervised,545,tsp10,data/tsp10/instances/test_10n/instance_342.lp,49,74,0.16,0.0,optimal,0.17407645900000546,0.17327600000000132
internal:relpscost,545,tsp10,data/tsp10/instances/test_10n/instance_131.lp,49,74,0.15,0.0,optimal,0.15866720799999712,0.15772300000000428
gnn:supervised,545,tsp10,data/tsp10/instances/test_10n/instance_131.lp,49,74,0.16,0.0,optimal,0.1739384160000128,0.17292400000000896
internal:relpscost,545,tsp10,data/tsp10/instances/test_10n/instance_1375.lp,49,74,0.14,0.0,optimal,0.1593513330000036,0.1580979999999954
gnn:supervised,545,tsp10,data/tsp10/instances/test_10n/instance_1375.lp,49,74,0.15,0.0,optimal,0.17308987500000228,0.17279700000000275
internal:relpscost,545,tsp10,data/tsp10/instances/test_10n/instance_1273.lp,49,74,0.14,0.0,optimal,0.15980112500000132,0.15860000000000696
gnn:supervised,545,tsp10,data/tsp10/instances/test_10n/instance_1273.lp,49,74,0.16,0.0,optimal,0.17446891699999867,0.17401800000000378
internal:relpscost,545,tsp10,data/tsp10/instances/test_10n/instance_643.lp,49,74,0.14,0.0,optimal,0.15953400000000784,0.15834699999999202
gnn:supervised,545,tsp10,data/tsp10/instances/test_10n/instance_643.lp,49,74,0.15,0.0,optimal,0.17082950000001063,0.17065800000000309
internal:relpscost,545,tsp10,data/tsp10/instances/test_10n/instance_1259.lp,49,74,0.13,0.0,optimal,0.15699258300000452,0.15655999999999892
gnn:supervised,545,tsp10,data/tsp10/instances/test_10n/instance_1259.lp,49,74,0.15,0.0,optimal,0.17287554099999625,0.17254700000000867
internal:relpscost,545,tsp10,data/tsp10/instances/test_10n/instance_1896.lp,49,74,0.14,0.0,optimal,0.16265033300000198,0.15991100000000813
gnn:supervised,545,tsp10,data/tsp10/instances/test_10n/instance_1896.lp,49,74,0.15,0.0,optimal,0.1717326250000042,0.17150500000001045
internal:relpscost,545,tsp10,data/tsp10/instances/test_10n/instance_1205.lp,49,74,0.14,0.0,optimal,0.15422712500000557,0.1539889999999957
gnn:supervised,545,tsp10,data/tsp10/instances/test_10n/instance_1205.lp,49,74,0.15,0.0,optimal,0.18202949999999873,0.17499499999999557
internal:relpscost,545,tsp10,data/tsp10/instances/test_10n/instance_268.lp,49,74,0.14,0.0,optimal,0.15747216600000513,0.15644399999999337
gnn:supervised,545,tsp10,data/tsp10/instances/test_10n/instance_268.lp,49,74,0.16,0.0,optimal,0.17373274999999921,0.1733690000000081
internal:relpscost,545,tsp10,data/tsp10/instances/test_10n/instance_11.lp,49,74,0.15,0.0,optimal,0.1616615420000045,0.1600439999999992
gnn:supervised,545,tsp10,data/tsp10/instances/test_10n/instance_11.lp,49,74,0.16,0.0,optimal,0.17580916699999705,0.17495199999999045
internal:relpscost,545,tsp10,data/tsp10/instances/test_10n/instance_1707.lp,49,74,0.14,0.0,optimal,0.15937858299999164,0.15816599999999426
gnn:supervised,545,tsp10,data/tsp10/instances/test_10n/instance_1707.lp,49,74,0.15,0.0,optimal,0.17579474999999434,0.17509599999999637
internal:relpscost,545,tsp10,data/tsp10/instances/test_10n/instance_1594.lp,49,74,0.14,0.0,optimal,0.1622197089999986,0.16057499999999436
gnn:supervised,545,tsp10,data/tsp10/instances/test_10n/instance_1594.lp,49,74,0.16,0.0,optimal,0.18046224999999083,0.1797159999999991
internal:relpscost,545,tsp10,data/tsp10/instances/test_10n/instance_375.lp,49,74,0.15,0.0,optimal,0.1602844159999961,0.15924799999999095
gnn:supervised,545,tsp10,data/tsp10/instances/test_10n/instance_375.lp,49,74,0.16,0.0,optimal,0.1746292499999953,0.17384399999998834
internal:relpscost,545,tsp10,data/tsp10/instances/test_10n/instance_1462.lp,49,74,0.14,0.0,optimal,0.1603347079999935,0.15895400000000848
gnn:supervised,545,tsp10,data/tsp10/instances/test_10n/instance_1462.lp,49,74,0.15,0.0,optimal,0.17648833300000888,0.17522800000000416
internal:relpscost,545,tsp10,data/tsp10/instances/test_10n/instance_481.lp,49,74,0.14,0.0,optimal,0.16469866699999614,0.1613009999999946
gnn:supervised,545,tsp10,data/tsp10/instances/test_10n/instance_481.lp,49,74,0.15,0.0,optimal,0.1700246250000106,0.16992199999999968
internal:relpscost,545,tsp10,data/tsp10/instances/test_10n/instance_154.lp,49,74,0.13,0.0,optimal,0.15767158399999914,0.15683500000000095
gnn:supervised,545,tsp10,data/tsp10/instances/test_10n/instance_154.lp,49,74,0.16,0.0,optimal,0.18081458300000008,0.17550099999999702
internal:relpscost,545,tsp10,data/tsp10/instances/test_10n/instance_894.lp,49,74,0.14,0.0,optimal,0.15785333400000923,0.15672499999999445
gnn:supervised,545,tsp10,data/tsp10/instances/test_10n/instance_894.lp,49,74,0.15,0.0,optimal,0.17516504199998906,0.17463599999999246
internal:relpscost,545,tsp10,data/tsp10/instances/test_10n/instance_1677.lp,49,74,0.14,0.0,optimal,0.1633757909999929,0.16236800000000073
gnn:supervised,545,tsp10,data/tsp10/instances/test_10n/instance_1677.lp,49,74,0.16,0.0,optimal,0.181416750000011,0.1799040000000076
internal:relpscost,545,tsp10,data/tsp10/instances/test_10n/instance_798.lp,49,74,0.15,0.0,optimal,0.16144341700000098,0.16002400000000705
gnn:supervised,545,tsp10,data/tsp10/instances/test_10n/instance_798.lp,49,74,0.16,0.0,optimal,0.17663712499999917,0.17591199999999674
internal:relpscost,545,tsp10,data/tsp10/instances/test_10n/instance_799.lp,49,74,0.15,0.0,optimal,0.16241091699998833,0.16094800000000475
gnn:supervised,545,tsp10,data/tsp10/instances/test_10n/instance_799.lp,49,74,0.16,0.0,optimal,0.17191716600000007,0.17165300000000627
internal:relpscost,545,tsp10,data/tsp10/instances/test_10n/instance_632.lp,49,74,0.14,0.0,optimal,0.1591389590000034,0.15812600000000998
gnn:supervised,545,tsp10,data/tsp10/instances/test_10n/instance_632.lp,49,74,0.15,0.0,optimal,0.17075399999998808,0.17048300000000438
internal:relpscost,545,tsp10,data/tsp10/instances/test_10n/instance_1921.lp,49,74,0.14,0.0,optimal,0.15699674999999047,0.15609800000000007
gnn:supervised,545,tsp10,data/tsp10/instances/test_10n/instance_1921.lp,49,74,0.16,0.0,optimal,0.17610962499999516,0.17539100000000474
internal:relpscost,545,tsp10,data/tsp10/instances/test_10n/instance_1282.lp,49,74,0.14,0.0,optimal,0.163369667000012,0.16155999999999437
gnn:supervised,545,tsp10,data/tsp10/instances/test_10n/instance_1282.lp,49,74,0.15,0.0,optimal,0.1712295829999988,0.1709279999999893
internal:relpscost,545,tsp10,data/tsp10/instances/test_10n/instance_1818.lp,49,74,0.14,0.0,optimal,0.1669675830000017,0.16160399999999697
gnn:supervised,545,tsp10,data/tsp10/instances/test_10n/instance_1818.lp,49,74,0.15,0.0,optimal,0.17232704200000626,0.17195100000000707
internal:relpscost,545,tsp10,data/tsp10/instances/test_10n/instance_357.lp,49,74,0.15,0.0,optimal,0.16019620800000212,0.15905100000000516
gnn:supervised,545,tsp10,data/tsp10/instances/test_10n/instance_357.lp,49,74,0.16,0.0,optimal,0.17760504199999616,0.17621500000001333
internal:relpscost,545,tsp10,data/tsp10/instances/test_10n/instance_13.lp,49,74,0.15,0.0,optimal,0.16315379099999916,0.16151199999998767
gnn:supervised,545,tsp10,data/tsp10/instances/test_10n/instance_13.lp,49,74,0.16,0.0,optimal,0.17681308400000262,0.17574100000000215
internal:relpscost,545,tsp10,data/tsp10/instances/test_10n/instance_529.lp,49,74,0.14,0.0,optimal,0.1629632920000006,0.16229300000000535
gnn:supervised,545,tsp10,data/tsp10/instances/test_10n/instance_529.lp,49,74,0.15,0.0,optimal,0.17716683399999056,0.1761979999999994
internal:relpscost,545,tsp10,data/tsp10/instances/test_10n/instance_1348.lp,49,74,0.14,0.0,optimal,0.16179037499999538,0.16112700000000757
gnn:supervised,545,tsp10,data/tsp10/instances/test_10n/instance_1348.lp,49,74,0.15,0.0,optimal,0.17455287500000338,0.17413000000000523
internal:relpscost,545,tsp10,data/tsp10/instances/test_10n/instance_1988.lp,49,74,0.14,0.0,optimal,0.15839120800001183,0.15789900000000046
gnn:supervised,545,tsp10,data/tsp10/instances/test_10n/instance_1988.lp,49,74,0.16,0.0,optimal,0.17619341600000382,0.17564900000000705
internal:relpscost,545,tsp10,data/tsp10/instances/test_10n/instance_1245.lp,49,74,0.14,0.0,optimal,0.16446804099999213,0.16274500000000103
gnn:supervised,545,tsp10,data/tsp10/instances/test_10n/instance_1245.lp,49,74,0.16,0.0,optimal,0.18246187500000133,0.17795399999999972
internal:relpscost,545,tsp10,data/tsp10/instances/test_10n/instance_20.lp,49,74,0.14,0.0,optimal,0.16009583299999974,0.15892300000000148
gnn:supervised,545,tsp10,data/tsp10/instances/test_10n/instance_20.lp,49,74,0.15,0.0,optimal,0.17221445799999913,0.17181100000000527
internal:relpscost,545,tsp10,data/tsp10/instances/test_10n/instance_484.lp,49,74,0.14,0.0,optimal,0.16439745799999628,0.16004900000000077
gnn:supervised,545,tsp10,data/tsp10/instances/test_10n/instance_484.lp,49,74,0.16,0.0,optimal,0.17693833399999903,0.17606200000000172
internal:relpscost,545,tsp10,data/tsp10/instances/test_10n/instance_1105.lp,49,74,0.14,0.0,optimal,0.15991637500000877,0.15859199999999873
gnn:supervised,545,tsp10,data/tsp10/instances/test_10n/instance_1105.lp,49,74,0.16,0.0,optimal,0.1724960420000059,0.17190399999999784
internal:relpscost,545,tsp10,data/tsp10/instances/test_10n/instance_1809.lp,49,74,0.14,0.0,optimal,0.16046375000000523,0.15917400000000725
gnn:supervised,545,tsp10,data/tsp10/instances/test_10n/instance_1809.lp,49,74,0.15,0.0,optimal,0.17283695799999066,0.17255500000000268
internal:relpscost,545,tsp10,data/tsp10/instances/test_10n/instance_172.lp,49,74,0.14,0.0,optimal,0.15837787499999934,0.15687499999999943
gnn:supervised,545,tsp10,data/tsp10/instances/test_10n/instance_172.lp,49,74,0.16,0.0,optimal,0.17682562499999221,0.17627600000000143
internal:relpscost,545,tsp10,data/tsp10/instances/test_10n/instance_487.lp,49,74,0.14,0.0,optimal,0.16609487499999886,0.16302100000000053
gnn:supervised,545,tsp10,data/tsp10/instances/test_10n/instance_487.lp,49,74,0.15,0.0,optimal,0.17589562499999545,0.1755500000000012
internal:relpscost,545,tsp10,data/tsp10/instances/test_10n/instance_752.lp,49,74,0.14,0.0,optimal,0.1606593749999945,0.15947099999999637
gnn:supervised,545,tsp10,data/tsp10/instances/test_10n/instance_752.lp,49,74,0.15,0.0,optimal,0.17536508300000264,0.17476700000000278
internal:relpscost,545,tsp10,data/tsp10/instances/test_10n/instance_1019.lp,49,74,0.14,0.0,optimal,0.15967491600000017,0.15832100000000082
gnn:supervised,545,tsp10,data/tsp10/instances/test_10n/instance_1019.lp,49,74,0.16,0.0,optimal,0.176782750000001,0.17572199999999327
internal:relpscost,545,tsp10,data/tsp10/instances/test_10n/instance_1771.lp,49,74,0.14,0.0,optimal,0.1646689170000002,0.16256799999999316
gnn:supervised,545,tsp10,data/tsp10/instances/test_10n/instance_1771.lp,49,74,0.16,0.0,optimal,0.179393833000006,0.17848699999998985
internal:relpscost,545,tsp10,data/tsp10/instances/test_10n/instance_319.lp,49,74,0.14,0.0,optimal,0.16235045899999534,0.16100500000000295
gnn:supervised,545,tsp10,data/tsp10/instances/test_10n/instance_319.lp,49,74,0.16,0.0,optimal,0.17692279199999916,0.17605199999999854
internal:relpscost,545,tsp10,data/tsp10/instances/test_10n/instance_942.lp,49,74,0.14,0.0,optimal,0.16458466699999974,0.1596709999999888
gnn:supervised,545,tsp10,data/tsp10/instances/test_10n/instance_942.lp,49,74,0.16,0.0,optimal,0.1765092079999988,0.17505300000000545
internal:relpscost,545,tsp10,data/tsp10/instances/test_10n/instance_399.lp,49,74,0.15,0.0,optimal,0.16447737500000414,0.16191299999999842
gnn:supervised,545,tsp10,data/tsp10/instances/test_10n/instance_399.lp,49,74,0.16,0.0,optimal,0.17634920800000486,0.17379699999999332
internal:relpscost,545,tsp10,data/tsp10/instances/test_10n/instance_1090.lp,49,74,0.14,0.0,optimal,0.16241141700000128,0.16057199999998772
gnn:supervised,545,tsp10,data/tsp10/instances/test_10n/instance_1090.lp,49,74,0.16,0.0,optimal,0.1783517080000081,0.17707699999999704
internal:relpscost,545,tsp10,data/tsp10/instances/test_10n/instance_1281.lp,49,74,0.14,0.0,optimal,0.15969566600000462,0.15849400000000458
gnn:supervised,545,tsp10,data/tsp10/instances/test_10n/instance_1281.lp,49,74,0.16,0.0,optimal,0.17973266699999613,0.17846099999999865
internal:relpscost,545,tsp10,data/tsp10/instances/test_10n/instance_811.lp,49,74,0.15,0.0,optimal,0.1601242090000028,0.15905100000000516
gnn:supervised,545,tsp10,data/tsp10/instances/test_10n/instance_811.lp,49,74,0.16,0.0,optimal,0.17523004199999548,0.17475100000000054
internal:relpscost,545,tsp10,data/tsp10/instances/test_10n/instance_1927.lp,49,74,0.15,0.0,optimal,0.16190062500000124,0.15990499999999486
gnn:supervised,545,tsp10,data/tsp10/instances/test_10n/instance_1927.lp,49,74,0.16,0.0,optimal,0.1772204170000009,0.17647699999999134
internal:relpscost,545,tsp10,data/tsp10/instances/test_10n/instance_446.lp,49,74,0.15,0.0,optimal,0.15986266699999874,0.15869400000001121
gnn:supervised,545,tsp10,data/tsp10/instances/test_10n/instance_446.lp,49,74,0.16,0.0,optimal,0.17484229200000811,0.17443199999999592
internal:relpscost,545,tsp10,data/tsp10/instances/test_10n/instance_1753.lp,49,74,0.14,0.0,optimal,0.15878391699999383,0.1564690000000013
gnn:supervised,545,tsp10,data/tsp10/instances/test_10n/instance_1753.lp,49,74,0.15,0.0,optimal,0.176502959000004,0.17605500000000518
internal:relpscost,545,tsp10,data/tsp10/instances/test_10n/instance_1475.lp,49,74,0.14,0.0,optimal,0.16535758400000589,0.1636879999999934
gnn:supervised,545,tsp10,data/tsp10/instances/test_10n/instance_1475.lp,49,74,0.16,0.0,optimal,0.17478558400000566,0.1739300000000128
internal:relpscost,545,tsp10,data/tsp10/instances/test_10n/instance_385.lp,49,74,0.14,0.0,optimal,0.1627400419999958,0.1607970000000023
gnn:supervised,545,tsp10,data/tsp10/instances/test_10n/instance_385.lp,49,74,0.16,0.0,optimal,0.17783558299998958,0.1756770000000074
internal:relpscost,545,tsp10,data/tsp10/instances/test_10n/instance_1637.lp,49,74,0.14,0.0,optimal,0.15731783300000757,0.1569769999999977
gnn:supervised,545,tsp10,data/tsp10/instances/test_10n/instance_1637.lp,49,74,0.15,0.0,optimal,0.1771008749999936,0.1759219999999999
internal:relpscost,545,tsp10,data/tsp10/instances/test_10n/instance_300.lp,49,74,0.14,0.0,optimal,0.1601107079999906,0.15972999999999615
gnn:supervised,545,tsp10,data/tsp10/instances/test_10n/instance_300.lp,49,74,0.15,0.0,optimal,0.1761557500000066,0.17500200000000632
internal:relpscost,545,tsp10,data/tsp10/instances/test_10n/instance_1739.lp,49,74,0.14,0.0,optimal,0.159087332999988,0.1582210000000117
gnn:supervised,545,tsp10,data/tsp10/instances/test_10n/instance_1739.lp,49,74,0.16,0.0,optimal,0.17428979099999253,0.1737190000000055
internal:relpscost,545,tsp10,data/tsp10/instances/test_10n/instance_955.lp,49,74,0.15,0.0,optimal,0.1629710410000058,0.1613400000000098
gnn:supervised,545,tsp10,data/tsp10/instances/test_10n/instance_955.lp,49,74,0.17,0.0,optimal,0.18947995800000683,0.18530599999999708
internal:relpscost,545,tsp10,data/tsp10/instances/test_10n/instance_1378.lp,49,74,0.15,0.0,optimal,0.1656842499999982,0.16382699999999772
gnn:supervised,545,tsp10,data/tsp10/instances/test_10n/instance_1378.lp,49,74,0.16,0.0,optimal,0.17436783300000513,0.17416799999999455
internal:relpscost,545,tsp10,data/tsp10/instances/test_10n/instance_491.lp,49,74,0.14,0.0,optimal,0.17195495900000424,0.16226100000000088
gnn:supervised,545,tsp10,data/tsp10/instances/test_10n/instance_491.lp,49,74,0.17,0.0,optimal,0.22311658300000659,0.19457099999999627
internal:relpscost,545,tsp10,data/tsp10/instances/test_10n/instance_1872.lp,49,74,0.14,0.0,optimal,0.16801029199999107,0.16519700000000626
gnn:supervised,545,tsp10,data/tsp10/instances/test_10n/instance_1872.lp,49,74,0.16,0.0,optimal,0.1808728750000057,0.1774950000000075
internal:relpscost,545,tsp10,data/tsp10/instances/test_10n/instance_188.lp,49,74,0.14,0.0,optimal,0.15993958299999633,0.15857400000000155
gnn:supervised,545,tsp10,data/tsp10/instances/test_10n/instance_188.lp,49,74,0.16,0.0,optimal,0.17898350000000107,0.17799700000000485
internal:relpscost,545,tsp10,data/tsp10/instances/test_10n/instance_1468.lp,49,74,0.15,0.0,optimal,0.16439104200000543,0.16048899999999833
gnn:supervised,545,tsp10,data/tsp10/instances/test_10n/instance_1468.lp,49,74,0.15,0.0,optimal,0.1698038749999995,0.16964200000001028
internal:relpscost,545,tsp10,data/tsp10/instances/test_10n/instance_652.lp,49,74,0.14,0.0,optimal,0.15659616699998935,0.15557200000000648
gnn:supervised,545,tsp10,data/tsp10/instances/test_10n/instance_652.lp,49,74,0.15,0.0,optimal,0.1713257079999977,0.17025800000000402
internal:relpscost,545,tsp10,data/tsp10/instances/test_10n/instance_1230.lp,49,74,0.14,0.0,optimal,0.1568484579999989,0.15577999999999292
gnn:supervised,545,tsp10,data/tsp10/instances/test_10n/instance_1230.lp,49,74,0.15,0.0,optimal,0.17020758399999636,0.17000699999999824
internal:relpscost,545,tsp10,data/tsp10/instances/test_10n/instance_144.lp,49,74,0.13,0.0,optimal,0.15628083299999673,0.15452600000000416
gnn:supervised,545,tsp10,data/tsp10/instances/test_10n/instance_144.lp,49,74,0.15,0.0,optimal,0.17002433399999006,0.16989200000000437
internal:relpscost,545,tsp10,data/tsp10/instances/test_10n/instance_127.lp,49,74,0.13,0.0,optimal,0.15479737500000113,0.1538800000000009
gnn:supervised,545,tsp10,data/tsp10/instances/test_10n/instance_127.lp,49,74,0.15,0.0,optimal,0.1692683330000051,0.16911599999998828
internal:relpscost,545,tsp10,data/tsp10/instances/test_10n/instance_1611.lp,49,74,0.14,0.0,optimal,0.156710541999999,0.15572099999999978
gnn:supervised,545,tsp10,data/tsp10/instances/test_10n/instance_1611.lp,49,74,0.15,0.0,optimal,0.17080299999999227,0.1703720000000004
internal:relpscost,545,tsp10,data/tsp10/instances/test_10n/instance_1123.lp,49,74,0.14,0.0,optimal,0.1549110410000054,0.15403200000000083
gnn:supervised,545,tsp10,data/tsp10/instances/test_10n/instance_1123.lp,49,74,0.15,0.0,optimal,0.17045145800000228,0.1702539999999999
internal:relpscost,545,tsp10,data/tsp10/instances/test_10n/instance_1168.lp,49,74,0.15,0.0,optimal,0.16723012500000323,0.16367099999999368
gnn:supervised,545,tsp10,data/tsp10/instances/test_10n/instance_1168.lp,49,74,0.15,0.0,optimal,0.17534024999999076,0.17494299999999896
internal:relpscost,545,tsp10,data/tsp10/instances/test_10n/instance_1522.lp,49,74,0.14,0.0,optimal,0.17154887499999916,0.16379399999999578
gnn:supervised,545,tsp10,data/tsp10/instances/test_10n/instance_1522.lp,49,74,0.15,0.0,optimal,0.1709151249999934,0.1707580000000064
internal:relpscost,545,tsp10,data/tsp10/instances/test_10n/instance_1414.lp,49,74,0.15,0.0,optimal,0.16204375000000937,0.15903400000000545
gnn:supervised,545,tsp10,data/tsp10/instances/test_10n/instance_1414.lp,49,74,0.15,0.0,optimal,0.1723136670000116,0.17166299999999524
internal:relpscost,545,tsp10,data/tsp10/instances/test_10n/instance_1313.lp,49,74,0.14,0.0,optimal,0.15683116600000346,0.1562409999999943
gnn:supervised,545,tsp10,data/tsp10/instances/test_10n/instance_1313.lp,49,74,0.16,0.0,optimal,0.1724172499999952,0.17199600000000714
internal:relpscost,545,tsp10,data/tsp10/instances/test_10n/instance_1851.lp,49,74,0.14,0.0,optimal,0.15925333399999886,0.15874399999999866
gnn:supervised,545,tsp10,data/tsp10/instances/test_10n/instance_1851.lp,49,74,0.15,0.0,optimal,0.1735658749999942,0.17329999999999757
internal:relpscost,545,tsp10,data/tsp10/instances/test_10n/instance_1507.lp,49,74,0.14,0.0,optimal,0.15719854099999964,0.15687800000000607
gnn:supervised,545,tsp10,data/tsp10/instances/test_10n/instance_1507.lp,49,74,0.16,0.0,optimal,0.17137624999999446,0.1710999999999956
internal:relpscost,545,tsp10,data/tsp10/instances/test_10n/instance_729.lp,49,74,0.14,0.0,optimal,0.15510587500000383,0.15476799999999002
gnn:supervised,545,tsp10,data/tsp10/instances/test_10n/instance_729.lp,49,74,0.16,0.0,optimal,0.1699756250000064,0.16982300000000805
internal:relpscost,545,tsp10,data/tsp10/instances/test_10n/instance_1367.lp,49,74,0.14,0.0,optimal,0.15906216699998765,0.15801000000000442
gnn:supervised,545,tsp10,data/tsp10/instances/test_10n/instance_1367.lp,49,74,0.15,0.0,optimal,0.17570020800000918,0.1737410000000068
internal:relpscost,545,tsp10,data/tsp10/instances/test_10n/instance_1000.lp,49,74,0.14,0.0,optimal,0.1603909580000078,0.15885300000000768
gnn:supervised,545,tsp10,data/tsp10/instances/test_10n/instance_1000.lp,49,74,0.15,0.0,optimal,0.16914383400001043,0.16901099999999758
internal:relpscost,545,tsp10,data/tsp10/instances/test_10n/instance_679.lp,49,74,0.14,0.0,optimal,0.1555229999999881,0.15446400000000438
gnn:supervised,545,tsp10,data/tsp10/instances/test_10n/instance_679.lp,49,74,0.15,0.0,optimal,0.17032104199999765,0.170180000000002
internal:relpscost,545,tsp10,data/tsp10/instances/test_10n/instance_230.lp,49,74,0.14,0.0,optimal,0.1539570839999982,0.15343500000000176
gnn:supervised,545,tsp10,data/tsp10/instances/test_10n/instance_230.lp,49,74,0.15,0.0,optimal,0.16973058399999275,0.1696369999999945
internal:relpscost,545,tsp10,data/tsp10/instances/test_10n/instance_1355.lp,49,74,0.13,0.0,optimal,0.15541145800000322,0.15448200000000156
gnn:supervised,545,tsp10,data/tsp10/instances/test_10n/instance_1355.lp,49,74,0.15,0.0,optimal,0.16760954099999026,0.16745299999999474
internal:relpscost,545,tsp10,data/tsp10/instances/test_10n/instance_103.lp,49,74,0.14,0.0,optimal,0.1559790829999912,0.15496899999999414
gnn:supervised,545,tsp10,data/tsp10/instances/test_10n/instance_103.lp,49,74,0.15,0.0,optimal,0.16764854200000912,0.16753099999999677
internal:relpscost,545,tsp10,data/tsp10/instances/test_10n/instance_487.lp,49,74,0.14,0.0,optimal,0.15408604200000298,0.15400999999999954
gnn:supervised,545,tsp10,data/tsp10/instances/test_10n/instance_487.lp,49,74,0.15,0.0,optimal,0.1694630410000002,0.1688390000000055
internal:relpscost,545,tsp10,data/tsp10/instances/test_10n/instance_1274.lp,49,74,0.14,0.0,optimal,0.15362429099999986,0.15259400000000767
gnn:supervised,545,tsp10,data/tsp10/instances/test_10n/instance_1274.lp,49,74,0.15,0.0,optimal,0.17150941600000635,0.17132700000000511
internal:relpscost,545,tsp10,data/tsp10/instances/test_10n/instance_1140.lp,49,74,0.14,0.0,optimal,0.15376987500000894,0.15348799999999585
gnn:supervised,545,tsp10,data/tsp10/instances/test_10n/instance_1140.lp,49,74,0.15,0.0,optimal,0.16684933300000182,0.1667330000000078
internal:relpscost,545,tsp10,data/tsp10/instances/test_10n/instance_272.lp,49,74,0.14,0.0,optimal,0.15652624999999887,0.15551299999999912
gnn:supervised,545,tsp10,data/tsp10/instances/test_10n/instance_272.lp,49,74,0.15,0.0,optimal,0.170219208000006,0.17003199999999197
internal:relpscost,545,tsp10,data/tsp10/instances/test_10n/instance_345.lp,49,74,0.14,0.0,optimal,0.15574408300000187,0.15480800000000272
gnn:supervised,545,tsp10,data/tsp10/instances/test_10n/instance_345.lp,49,74,0.15,0.0,optimal,0.1703093750000022,0.17017199999999377
internal:relpscost,545,tsp10,data/tsp10/instances/test_10n/instance_721.lp,49,74,0.14,0.0,optimal,0.15351883299999258,0.15263300000000868
gnn:supervised,545,tsp10,data/tsp10/instances/test_10n/instance_721.lp,49,74,0.16,0.0,optimal,0.1714328750000078,0.1712140000000062
internal:relpscost,545,tsp10,data/tsp10/instances/test_10n/instance_1337.lp,49,74,0.14,0.0,optimal,0.1545022080000109,0.15360300000000393
gnn:supervised,545,tsp10,data/tsp10/instances/test_10n/instance_1337.lp,49,74,0.15,0.0,optimal,0.16683241699999485,0.16668999999998846
internal:relpscost,545,tsp10,data/tsp10/instances/test_10n/instance_1824.lp,49,74,0.14,0.0,optimal,0.15706579199999737,0.1540120000000087
gnn:supervised,545,tsp10,data/tsp10/instances/test_10n/instance_1824.lp,49,74,0.15,0.0,optimal,0.16982345800001042,0.16973400000000538
internal:relpscost,545,tsp10,data/tsp10/instances/test_10n/instance_578.lp,49,74,0.14,0.0,optimal,0.16163116700001012,0.16033799999999587
gnn:supervised,545,tsp10,data/tsp10/instances/test_10n/instance_578.lp,49,74,0.15,0.0,optimal,0.17275045899999952,0.17181100000000527
internal:relpscost,545,tsp10,data/tsp10/instances/test_10n/instance_500.lp,49,74,0.14,0.0,optimal,0.15634433299999273,0.15585799999999495
gnn:supervised,545,tsp10,data/tsp10/instances/test_10n/instance_500.lp,49,74,0.15,0.0,optimal,0.17125425000000405,0.17096700000000453
internal:relpscost,545,tsp10,data/tsp10/instances/test_10n/instance_854.lp,49,74,0.14,0.0,optimal,0.1598713749999945,0.1590620000000058
gnn:supervised,545,tsp10,data/tsp10/instances/test_10n/instance_854.lp,49,74,0.15,0.0,optimal,0.16878479199999674,0.16865300000000616
internal:relpscost,545,tsp10,data/tsp10/instances/test_10n/instance_939.lp,49,74,0.14,0.0,optimal,0.15800608300000363,0.1573399999999907
gnn:supervised,545,tsp10,data/tsp10/instances/test_10n/instance_939.lp,49,74,0.16,0.0,optimal,0.1747749999999968,0.17436499999999455
internal:relpscost,545,tsp10,data/tsp10/instances/test_10n/instance_1348.lp,49,74,0.15,0.0,optimal,0.1624716249999949,0.16046199999999544
gnn:supervised,545,tsp10,data/tsp10/instances/test_10n/instance_1348.lp,49,74,0.16,0.0,optimal,0.17297449999999515,0.1722210000000075
internal:relpscost,545,tsp10,data/tsp10/instances/test_10n/instance_1928.lp,49,74,0.15,0.0,optimal,0.1624125839999948,0.16106100000000367
gnn:supervised,545,tsp10,data/tsp10/instances/test_10n/instance_1928.lp,49,74,0.15,0.0,optimal,0.17311133299999426,0.1726979999999969
internal:relpscost,545,tsp10,data/tsp10/instances/test_10n/instance_1684.lp,49,74,0.14,0.0,optimal,0.1603685420000005,0.15922699999998713
gnn:supervised,545,tsp10,data/tsp10/instances/test_10n/instance_1684.lp,49,74,0.16,0.0,optimal,0.17987933299998815,0.1782749999999993
internal:relpscost,545,tsp10,data/tsp10/instances/test_10n/instance_1022.lp,49,74,0.15,0.0,optimal,0.171905124999995,0.16869799999999202
gnn:supervised,545,tsp10,data/tsp10/instances/test_10n/instance_1022.lp,49,74,0.16,0.0,optimal,0.18005987499999776,0.17844399999999894
internal:relpscost,545,tsp10,data/tsp10/instances/test_10n/instance_1896.lp,49,74,0.14,0.0,optimal,0.15965429199999903,0.1578530000000029
gnn:supervised,545,tsp10,data/tsp10/instances/test_10n/instance_1896.lp,49,74,0.15,0.0,optimal,0.17608425000000238,0.17498999999999398
internal:relpscost,545,tsp10,data/tsp10/instances/test_10n/instance_933.lp,49,74,0.14,0.0,optimal,0.15941770800000654,0.15895400000000848
gnn:supervised,545,tsp10,data/tsp10/instances/test_10n/instance_933.lp,49,74,0.15,0.0,optimal,0.17821354200000883,0.172781999999998
internal:relpscost,545,tsp10,data/tsp10/instances/test_10n/instance_421.lp,49,74,0.15,0.0,optimal,0.1738827079999936,0.1692819999999955
gnn:supervised,545,tsp10,data/tsp10/instances/test_10n/instance_421.lp,49,74,0.16,0.0,optimal,0.1767715409999937,0.17583799999999883
internal:relpscost,545,tsp10,data/tsp10/instances/test_10n/instance_1542.lp,49,74,0.15,0.0,optimal,0.1661052500000011,0.16356199999999887
gnn:supervised,545,tsp10,data/tsp10/instances/test_10n/instance_1542.lp,49,74,0.16,0.0,optimal,0.18918170800000667,0.18170599999999126
internal:relpscost,545,tsp10,data/tsp10/instances/test_10n/instance_843.lp,49,74,0.15,0.0,optimal,0.16142079200000126,0.16048800000000085
gnn:supervised,545,tsp10,data/tsp10/instances/test_10n/instance_843.lp,49,74,0.16,0.0,optimal,0.17497329100000059,0.17446999999999946
internal:relpscost,545,tsp10,data/tsp10/instances/test_10n/instance_611.lp,49,74,0.15,0.0,optimal,0.17136579199998891,0.16908800000000213
gnn:supervised,545,tsp10,data/tsp10/instances/test_10n/instance_611.lp,49,74,0.16,0.0,optimal,0.1773977910000042,0.1761369999999971
internal:relpscost,545,tsp10,data/tsp10/instances/test_10n/instance_451.lp,49,74,0.14,0.0,optimal,0.15945083299999396,0.15832699999999988
gnn:supervised,545,tsp10,data/tsp10/instances/test_10n/instance_451.lp,49,74,0.15,0.0,optimal,0.17505149999999503,0.1745689999999911
internal:relpscost,545,tsp10,data/tsp10/instances/test_10n/instance_779.lp,49,74,0.15,0.0,optimal,0.16929199999999867,0.16677099999999712
gnn:supervised,545,tsp10,data/tsp10/instances/test_10n/instance_779.lp,49,74,0.16,0.0,optimal,0.17728420800000322,0.17682400000001053
internal:relpscost,545,tsp10,data/tsp10/instances/test_10n/instance_675.lp,49,74,0.15,0.0,optimal,0.16720333300000334,0.1652210000000025
gnn:supervised,545,tsp10,data/tsp10/instances/test_10n/instance_675.lp,49,74,0.16,0.0,optimal,0.18131804099999727,0.18054899999999918
internal:relpscost,545,tsp10,data/tsp10/instances/test_10n/instance_36.lp,49,74,0.15,0.0,optimal,0.16136949999999217,0.1597809999999953
gnn:supervised,545,tsp10,data/tsp10/instances/test_10n/instance_36.lp,49,74,0.16,0.0,optimal,0.17535637499999268,0.17505599999999788
internal:relpscost,545,tsp10,data/tsp10/instances/test_10n/instance_1098.lp,49,74,0.15,0.0,optimal,0.16291758299999515,0.16153799999999308
gnn:supervised,545,tsp10,data/tsp10/instances/test_10n/instance_1098.lp,49,74,0.16,0.0,optimal,0.18736425000000168,0.17803600000000586
internal:relpscost,545,tsp10,data/tsp10/instances/test_10n/instance_1416.lp,49,74,0.14,0.0,optimal,0.15814900000000875,0.15778599999998733
gnn:supervised,545,tsp10,data/tsp10/instances/test_10n/instance_1416.lp,49,74,0.16,0.0,optimal,0.17527037499999665,0.17509700000000805
internal:relpscost,545,tsp10,data/tsp10/instances/test_10n/instance_132.lp,49,74,0.14,0.0,optimal,0.16204420799999752,0.15983400000000358
gnn:supervised,545,tsp10,data/tsp10/instances/test_10n/instance_132.lp,49,74,0.16,0.0,optimal,0.17902825000000178,0.17806499999998948
internal:relpscost,545,tsp10,data/tsp10/instances/test_10n/instance_1647.lp,49,74,0.15,0.0,optimal,0.16901287500000706,0.16580999999999335
gnn:supervised,545,tsp10,data/tsp10/instances/test_10n/instance_1647.lp,49,74,0.16,0.0,optimal,0.1821807089999936,0.18111399999999378
internal:relpscost,545,tsp10,data/tsp10/instances/test_10n/instance_671.lp,49,74,0.15,0.0,optimal,0.17101554200000635,0.16815900000000283
gnn:supervised,545,tsp10,data/tsp10/instances/test_10n/instance_671.lp,49,74,0.16,0.0,optimal,0.1765157500000072,0.17564500000000294
internal:relpscost,545,tsp10,data/tsp10/instances/test_10n/instance_1416.lp,49,74,0.14,0.0,optimal,0.15707649999998807,0.15680000000000405
gnn:supervised,545,tsp10,data/tsp10/instances/test_10n/instance_1416.lp,49,74,0.16,0.0,optimal,0.17465475000000197,0.17412899999999354
internal:relpscost,545,tsp10,data/tsp10/instances/test_10n/instance_787.lp,49,74,0.14,0.0,optimal,0.1564368340000044,0.15611499999999978
gnn:supervised,545,tsp10,data/tsp10/instances/test_10n/instance_787.lp,49,74,0.15,0.0,optimal,0.17412137499999858,0.17327500000000384
internal:relpscost,545,tsp10,data/tsp10/instances/test_10n/instance_1667.lp,49,74,0.14,0.0,optimal,0.15821829099999718,0.15775000000000716
gnn:supervised,545,tsp10,data/tsp10/instances/test_10n/instance_1667.lp,49,74,0.15,0.0,optimal,0.16889395799999818,0.1688050000000061
internal:relpscost,545,tsp10,data/tsp10/instances/test_10n/instance_1702.lp,49,74,0.14,0.0,optimal,0.1583104999999989,0.15655800000000397
gnn:supervised,545,tsp10,data/tsp10/instances/test_10n/instance_1702.lp,49,74,0.15,0.0,optimal,0.17173604200000625,0.17145999999999617
internal:relpscost,545,tsp10,data/tsp10/instances/test_10n/instance_950.lp,49,74,0.14,0.0,optimal,0.15518070800000316,0.1542740000000009
gnn:supervised,545,tsp10,data/tsp10/instances/test_10n/instance_950.lp,49,74,0.16,0.0,optimal,0.1784889170000099,0.1733939999999876
internal:relpscost,545,tsp10,data/tsp10/instances/test_10n/instance_2.lp,49,74,0.14,0.0,optimal,0.159737750000005,0.15899799999999686
gnn:supervised,545,tsp10,data/tsp10/instances/test_10n/instance_2.lp,49,74,0.15,0.0,optimal,0.1737595419999991,0.1733300000000071
internal:relpscost,545,tsp10,data/tsp10/instances/test_10n/instance_1367.lp,49,74,0.14,0.0,optimal,0.1546774159999984,0.15356400000000292
gnn:supervised,545,tsp10,data/tsp10/instances/test_10n/instance_1367.lp,49,74,0.15,0.0,optimal,0.16974358299999892,0.16962100000000646
internal:relpscost,545,tsp10,data/tsp10/instances/test_10n/instance_735.lp,49,74,0.14,0.0,optimal,0.16049966600000687,0.15905200000000264
gnn:supervised,545,tsp10,data/tsp10/instances/test_10n/instance_735.lp,49,74,0.16,0.0,optimal,0.17327637500000037,0.17288000000000636
internal:relpscost,545,tsp10,data/tsp10/instances/test_10n/instance_21.lp,49,74,0.14,0.0,optimal,0.1577806250000009,0.15725600000000384
gnn:supervised,545,tsp10,data/tsp10/instances/test_10n/instance_21.lp,49,74,0.15,0.0,optimal,0.17439004099999522,0.17361200000000565
internal:relpscost,545,tsp10,data/tsp10/instances/test_10n/instance_887.lp,49,74,0.14,0.0,optimal,0.15587866699999608,0.15497400000000994
gnn:supervised,545,tsp10,data/tsp10/instances/test_10n/instance_887.lp,49,74,0.15,0.0,optimal,0.1697093749999965,0.1695800000000105
internal:relpscost,545,tsp10,data/tsp10/instances/test_10n/instance_5.lp,49,74,0.14,0.0,optimal,0.15834041600000148,0.15776400000000024
gnn:supervised,545,tsp10,data/tsp10/instances/test_10n/instance_5.lp,49,74,0.16,0.0,optimal,0.1690864999999917,0.16907400000000905
internal:relpscost,545,tsp10,data/tsp10/instances/test_10n/instance_815.lp,49,74,0.15,0.0,optimal,0.16234037499999943,0.16168800000001227
gnn:supervised,545,tsp10,data/tsp10/instances/test_10n/instance_815.lp,49,74,0.15,0.0,optimal,0.18025295800001118,0.17276099999999417
internal:relpscost,545,tsp10,data/tsp10/instances/test_10n/instance_1697.lp,49,74,0.14,0.0,optimal,0.16292691699999295,0.16108800000000656
gnn:supervised,545,tsp10,data/tsp10/instances/test_10n/instance_1697.lp,49,74,0.16,0.0,optimal,0.1788576670000026,0.176983000000007
internal:relpscost,545,tsp10,data/tsp10/instances/test_10n/instance_581.lp,49,74,0.15,0.0,optimal,0.165790874999999,0.16376999999999953
gnn:supervised,545,tsp10,data/tsp10/instances/test_10n/instance_581.lp,49,74,0.16,0.0,optimal,0.17698954200000117,0.176006000000001
internal:relpscost,545,tsp10,data/tsp10/instances/test_10n/instance_1952.lp,49,74,0.14,0.0,optimal,0.16565191699999104,0.16327300000000378
gnn:supervised,545,tsp10,data/tsp10/instances/test_10n/instance_1952.lp,49,74,0.15,0.0,optimal,0.17711304099999836,0.17633600000000627
internal:relpscost,545,tsp10,data/tsp10/instances/test_10n/instance_164.lp,49,74,0.15,0.0,optimal,0.1720826250000016,0.16853999999999303
gnn:supervised,545,tsp10,data/tsp10/instances/test_10n/instance_164.lp,49,74,0.17,0.0,optimal,0.1830882499999973,0.18151699999999948
internal:relpscost,545,tsp10,data/tsp10/instances/test_10n/instance_347.lp,49,74,0.15,0.0,optimal,0.16538845799999535,0.16368500000000097
gnn:supervised,545,tsp10,data/tsp10/instances/test_10n/instance_347.lp,49,74,0.16,0.0,optimal,0.17677512500000603,0.17532999999998822
internal:relpscost,545,tsp10,data/tsp10/instances/test_10n/instance_1089.lp,49,74,0.14,0.0,optimal,0.1574330830000008,0.156517000000008
gnn:supervised,545,tsp10,data/tsp10/instances/test_10n/instance_1089.lp,49,74,0.16,0.0,optimal,0.17650324999999611,0.17606999999999573
internal:relpscost,545,tsp10,data/tsp10/instances/test_10n/instance_1176.lp,49,74,0.15,0.0,optimal,0.1607676250000054,0.15972299999999962
gnn:supervised,545,tsp10,data/tsp10/instances/test_10n/instance_1176.lp,49,74,0.16,0.0,optimal,0.17796670799998537,0.17737499999999784
internal:relpscost,545,tsp10,data/tsp10/instances/test_10n/instance_1562.lp,49,74,0.15,0.0,optimal,0.1614426250000065,0.16083700000000078
gnn:supervised,545,tsp10,data/tsp10/instances/test_10n/instance_1562.lp,49,74,0.16,0.0,optimal,0.17736741600000983,0.17631800000000908
internal:relpscost,545,tsp10,data/tsp10/instances/test_10n/instance_464.lp,49,74,0.14,0.0,optimal,0.1597254170000042,0.1588700000000074
gnn:supervised,545,tsp10,data/tsp10/instances/test_10n/instance_464.lp,49,74,0.17,0.0,optimal,0.18922499999999332,0.1814499999999981
internal:relpscost,545,tsp10,data/tsp10/instances/test_10n/instance_687.lp,49,74,0.15,0.0,optimal,0.17256562500000427,0.16949000000001035
gnn:supervised,545,tsp10,data/tsp10/instances/test_10n/instance_687.lp,49,74,0.16,0.0,optimal,0.19128783299998986,0.1828610000000026
internal:relpscost,545,tsp10,data/tsp10/instances/test_10n/instance_994.lp,49,74,0.14,0.0,optimal,0.16564183300002355,0.16358500000001186
gnn:supervised,545,tsp10,data/tsp10/instances/test_10n/instance_994.lp,49,74,0.16,0.0,optimal,0.18089550000001964,0.17866300000000024
internal:relpscost,545,tsp10,data/tsp10/instances/test_10n/instance_1893.lp,49,74,0.15,0.0,optimal,0.16071750000000407,0.15997199999998202
gnn:supervised,545,tsp10,data/tsp10/instances/test_10n/instance_1893.lp,49,74,0.16,0.0,optimal,0.17428408300000342,0.1737889999999993
internal:relpscost,545,tsp10,data/tsp10/instances/test_10n/instance_905.lp,49,74,0.14,0.0,optimal,0.15980129199999737,0.15856600000000753
gnn:supervised,545,tsp10,data/tsp10/instances/test_10n/instance_905.lp,49,74,0.15,0.0,optimal,0.17352141599999982,0.1730810000000247
internal:relpscost,545,tsp10,data/tsp10/instances/test_10n/instance_824.lp,49,74,0.14,0.0,optimal,0.1593754170000068,0.15814600000001633
gnn:supervised,545,tsp10,data/tsp10/instances/test_10n/instance_824.lp,49,74,0.16,0.0,optimal,0.17680404099999691,0.17619600000000446
internal:relpscost,545,tsp10,data/tsp10/instances/test_10n/instance_1224.lp,49,74,0.14,0.0,optimal,0.16243970799999374,0.16074899999998138
gnn:supervised,545,tsp10,data/tsp10/instances/test_10n/instance_1224.lp,49,74,0.16,0.0,optimal,0.1737387500000125,0.17346800000001394
internal:relpscost,545,tsp10,data/tsp10/instances/test_10n/instance_525.lp,49,74,0.14,0.0,optimal,0.15724687499999845,0.1567579999999964
gnn:supervised,545,tsp10,data/tsp10/instances/test_10n/instance_525.lp,49,74,0.15,0.0,optimal,0.1738910830000009,0.1733509999999967
internal:relpscost,545,tsp10,data/tsp10/instances/test_10n/instance_331.lp,49,74,0.14,0.0,optimal,0.164256249999994,0.16129899999998543
gnn:supervised,545,tsp10,data/tsp10/instances/test_10n/instance_331.lp,49,74,0.15,0.0,optimal,0.17407795799999803,0.17356000000000904
internal:relpscost,545,tsp10,data/tsp10/instances/test_10n/instance_1464.lp,49,74,0.14,0.0,optimal,0.15745791700001632,0.15632300000001464
gnn:supervised,545,tsp10,data/tsp10/instances/test_10n/instance_1464.lp,49,74,0.16,0.0,optimal,0.1764793339999926,0.1756249999999966
internal:relpscost,545,tsp10,data/tsp10/instances/test_10n/instance_1537.lp,49,74,0.14,0.0,optimal,0.1605390830000033,0.1592380000000162
gnn:supervised,545,tsp10,data/tsp10/instances/test_10n/instance_1537.lp,49,74,0.16,0.0,optimal,0.174960083000002,0.17425099999999816
internal:relpscost,545,tsp10,data/tsp10/instances/test_10n/instance_1032.lp,49,74,0.14,0.0,optimal,0.15952775000002362,0.15821900000000255
gnn:supervised,545,tsp10,data/tsp10/instances/test_10n/instance_1032.lp,49,74,0.15,0.0,optimal,0.1735473329999877,0.17318700000001286
internal:relpscost,545,tsp10,data/tsp10/instances/test_10n/instance_359.lp,49,74,0.14,0.0,optimal,0.16149070800000231,0.1591359999999895
gnn:supervised,545,tsp10,data/tsp10/instances/test_10n/instance_359.lp,49,74,0.15,0.0,optimal,0.17378112500000498,0.17339900000001762
internal:relpscost,545,tsp10,data/tsp10/instances/test_10n/instance_430.lp,49,74,0.14,0.0,optimal,0.16034591700000078,0.15910199999999008
gnn:supervised,545,tsp10,data/tsp10/instances/test_10n/instance_430.lp,49,74,0.16,0.0,optimal,0.17431320800000094,0.17365000000000919
internal:relpscost,545,tsp10,data/tsp10/instances/test_10n/instance_1439.lp,49,74,0.14,0.0,optimal,0.15756533300000797,0.15716699999998696
gnn:supervised,545,tsp10,data/tsp10/instances/test_10n/instance_1439.lp,49,74,0.15,0.0,optimal,0.17256829199999402,0.17237199999999575
internal:relpscost,545,tsp10,data/tsp10/instances/test_10n/instance_445.lp,49,74,0.14,0.0,optimal,0.1659152090000191,0.1633679999999913
gnn:supervised,545,tsp10,data/tsp10/instances/test_10n/instance_445.lp,49,74,0.15,0.0,optimal,0.17545937500000264,0.17499800000001642
internal:relpscost,545,tsp10,data/tsp10/instances/test_10n/instance_777.lp,49,74,0.14,0.0,optimal,0.1571677080000029,0.15658500000000686
gnn:supervised,545,tsp10,data/tsp10/instances/test_10n/instance_777.lp,49,74,0.16,0.0,optimal,0.17205350000000408,0.17170699999999783
internal:relpscost,545,tsp10,data/tsp10/instances/test_10n/instance_1431.lp,49,74,0.14,0.0,optimal,0.15462516699997764,0.15375099999999975
gnn:supervised,545,tsp10,data/tsp10/instances/test_10n/instance_1431.lp,49,74,0.16,0.0,optimal,0.1730254579999837,0.17269300000000953
internal:relpscost,545,tsp10,data/tsp10/instances/test_10n/instance_1443.lp,49,74,0.14,0.0,optimal,0.1533043750000047,0.1529730000000029
gnn:supervised,545,tsp10,data/tsp10/instances/test_10n/instance_1443.lp,49,74,0.15,0.0,optimal,0.17507358299999964,0.17459300000001576
internal:relpscost,545,tsp10,data/tsp10/instances/test_10n/instance_1539.lp,49,74,0.14,0.0,optimal,0.16627162500000736,0.16396200000002636
gnn:supervised,545,tsp10,data/tsp10/instances/test_10n/instance_1539.lp,49,74,0.15,0.0,optimal,0.17600529099999562,0.17531700000000683
internal:relpscost,545,tsp10,data/tsp10/instances/test_10n/instance_286.lp,49,74,0.14,0.0,optimal,0.16452366699999743,0.1625970000000052
gnn:supervised,545,tsp10,data/tsp10/instances/test_10n/instance_286.lp,49,74,0.15,0.0,optimal,0.17431029100001183,0.1738849999999843
internal:relpscost,545,tsp10,data/tsp10/instances/test_10n/instance_818.lp,49,74,0.14,0.0,optimal,0.15847404099997675,0.15762900000001423
gnn:supervised,545,tsp10,data/tsp10/instances/test_10n/instance_818.lp,49,74,0.17,0.0,optimal,0.19120433399999115,0.17949799999999527
internal:relpscost,545,tsp10,data/tsp10/instances/test_10n/instance_1456.lp,49,74,0.15,0.0,optimal,0.16503179200000773,0.16395800000000804
gnn:supervised,545,tsp10,data/tsp10/instances/test_10n/instance_1456.lp,49,74,0.16,0.0,optimal,0.1797904580000136,0.1780339999999967
internal:relpscost,545,tsp10,data/tsp10/instances/test_10n/instance_1366.lp,49,74,0.14,0.0,optimal,0.1616420000000005,0.15922299999999723
gnn:supervised,545,tsp10,data/tsp10/instances/test_10n/instance_1366.lp,49,74,0.16,0.0,optimal,0.17055241700001034,0.17034499999999753
internal:relpscost,545,tsp10,data/tsp10/instances/test_10n/instance_1259.lp,49,74,0.14,0.0,optimal,0.15721083400001135,0.1562409999999943
gnn:supervised,545,tsp10,data/tsp10/instances/test_10n/instance_1259.lp,49,74,0.16,0.0,optimal,0.17103699999998412,0.17087300000000027
internal:relpscost,545,tsp10,data/tsp10/instances/test_10n/instance_386.lp,49,74,0.14,0.0,optimal,0.1537531250000086,0.15287499999999454
gnn:supervised,545,tsp10,data/tsp10/instances/test_10n/instance_386.lp,49,74,0.16,0.0,optimal,0.17354675000001407,0.17324899999999843
internal:relpscost,545,tsp10,data/tsp10/instances/test_10n/instance_1000.lp,49,74,0.14,0.0,optimal,0.15445529200002284,0.15356099999999628
gnn:supervised,545,tsp10,data/tsp10/instances/test_10n/instance_1000.lp,49,74,0.16,0.0,optimal,0.17140279200000919,0.17123200000000338
internal:relpscost,545,tsp10,data/tsp10/instances/test_10n/instance_1464.lp,49,74,0.14,0.0,optimal,0.15658649999997465,0.1563820000000078
gnn:supervised,545,tsp10,data/tsp10/instances/test_10n/instance_1464.lp,49,74,0.15,0.0,optimal,0.16992829100001927,0.169762999999989
internal:relpscost,545,tsp10,data/tsp10/instances/test_10n/instance_1442.lp,49,74,0.14,0.0,optimal,0.1575639999999794,0.15657600000000116
gnn:supervised,545,tsp10,data/tsp10/instances/test_10n/instance_1442.lp,49,74,0.15,0.0,optimal,0.1741953750000107,0.1736439999999959
internal:relpscost,545,tsp10,data/tsp10/instances/test_10n/instance_1512.lp,49,74,0.14,0.0,optimal,0.15673429199998168,0.15627699999998867
gnn:supervised,545,tsp10,data/tsp10/instances/test_10n/instance_1512.lp,49,74,0.16,0.0,optimal,0.17313808299999778,0.17266500000002338
internal:relpscost,545,tsp10,data/tsp10/instances/test_10n/instance_1916.lp,49,74,0.14,0.0,optimal,0.15883683299998097,0.15812700000000746
gnn:supervised,545,tsp10,data/tsp10/instances/test_10n/instance_1916.lp,49,74,0.15,0.0,optimal,0.17166145799998844,0.17130199999999718
internal:relpscost,545,tsp10,data/tsp10/instances/test_10n/instance_783.lp,49,74,0.14,0.0,optimal,0.15805008300000623,0.15714700000000903
gnn:supervised,545,tsp10,data/tsp10/instances/test_10n/instance_783.lp,49,74,0.16,0.0,optimal,0.1726742920000106,0.17230100000000448
internal:relpscost,545,tsp10,data/tsp10/instances/test_10n/instance_520.lp,49,74,0.14,0.0,optimal,0.15448699999998894,0.15347599999998351
gnn:supervised,545,tsp10,data/tsp10/instances/test_10n/instance_520.lp,49,74,0.16,0.0,optimal,0.17324804200001154,0.1728870000000029
internal:relpscost,545,tsp10,data/tsp10/instances/test_10n/instance_724.lp,49,74,0.14,0.0,optimal,0.1588193750000073,0.1573669999999936
gnn:supervised,545,tsp10,data/tsp10/instances/test_10n/instance_724.lp,49,74,0.15,0.0,optimal,0.17412208400000395,0.17381299999999555
internal:relpscost,545,tsp10,data/tsp10/instances/test_10n/instance_160.lp,49,74,0.14,0.0,optimal,0.1634551250000129,0.1620320000000106
gnn:supervised,545,tsp10,data/tsp10/instances/test_10n/instance_160.lp,49,74,0.15,0.0,optimal,0.17224849999999492,0.1719410000000039
internal:relpscost,545,tsp10,data/tsp10/instances/test_10n/instance_20.lp,49,74,0.13,0.0,optimal,0.1534937090000028,0.15262599999999793
gnn:supervised,545,tsp10,data/tsp10/instances/test_10n/instance_20.lp,49,74,0.15,0.0,optimal,0.17439979099998482,0.17389299999999253
internal:relpscost,545,tsp10,data/tsp10/instances/test_10n/instance_72.lp,49,74,0.13,0.0,optimal,0.1542269579999811,0.15333799999999087
gnn:supervised,545,tsp10,data/tsp10/instances/test_10n/instance_72.lp,49,74,0.15,0.0,optimal,0.17209758399999942,0.1718959999999754
internal:relpscost,545,tsp10,data/tsp10/instances/test_10n/instance_133.lp,49,74,0.14,0.0,optimal,0.1606738749999863,0.1591449999999952
gnn:supervised,545,tsp10,data/tsp10/instances/test_10n/instance_133.lp,49,74,0.15,0.0,optimal,0.16942029099999445,0.16922499999998308
internal:relpscost,545,tsp10,data/tsp10/instances/test_10n/instance_283.lp,49,74,0.15,0.0,optimal,0.16328254199999037,0.16141799999999762
gnn:supervised,545,tsp10,data/tsp10/instances/test_10n/instance_283.lp,49,74,0.17,0.0,optimal,0.19041950000001862,0.1869959999999935
internal:relpscost,545,tsp10,data/tsp10/instances/test_10n/instance_739.lp,49,74,0.15,0.0,optimal,0.16926558299999783,0.16456499999998186
gnn:supervised,545,tsp10,data/tsp10/instances/test_10n/instance_739.lp,49,74,0.17,0.0,optimal,0.23353404100001285,0.18921199999999772
internal:relpscost,545,tsp10,data/tsp10/instances/test_10n/instance_262.lp,49,74,0.14,0.0,optimal,0.1677564589999747,0.1648230000000126
gnn:supervised,545,tsp10,data/tsp10/instances/test_10n/instance_262.lp,49,74,0.16,0.0,optimal,0.17872683400000255,0.17775900000000888
internal:relpscost,545,tsp10,data/tsp10/instances/test_10n/instance_1253.lp,49,74,0.15,0.0,optimal,0.1607756249999852,0.16013300000000186
gnn:supervised,545,tsp10,data/tsp10/instances/test_10n/instance_1253.lp,49,74,0.16,0.0,optimal,0.17922179199999277,0.17803100000000427
internal:relpscost,545,tsp10,data/tsp10/instances/test_10n/instance_1037.lp,49,74,0.14,0.0,optimal,0.1604981249999753,0.1593989999999792
gnn:supervised,545,tsp10,data/tsp10/instances/test_10n/instance_1037.lp,49,74,0.16,0.0,optimal,0.17552145800001995,0.17502299999998172
internal:relpscost,545,tsp10,data/tsp10/instances/test_10n/instance_777.lp,49,74,0.14,0.0,optimal,0.16412800000000516,0.16128999999997973
gnn:supervised,545,tsp10,data/tsp10/instances/test_10n/instance_777.lp,49,74,0.16,0.0,optimal,0.17854670799999894,0.17713299999999776
internal:relpscost,545,tsp10,data/tsp10/instances/test_10n/instance_265.lp,49,74,0.14,0.0,optimal,0.1591408749999914,0.15851700000001756
gnn:supervised,545,tsp10,data/tsp10/instances/test_10n/instance_265.lp,49,74,0.16,0.0,optimal,0.17277974999998946,0.17245600000001104
internal:relpscost,545,tsp10,data/tsp10/instances/test_10n/instance_180.lp,49,74,0.15,0.0,optimal,0.16184066600001756,0.16071499999998196
gnn:supervised,545,tsp10,data/tsp10/instances/test_10n/instance_180.lp,49,74,0.16,0.0,optimal,0.17447345800002267,0.17404899999999657
internal:relpscost,545,tsp10,data/tsp10/instances/test_10n/instance_611.lp,49,74,0.15,0.0,optimal,0.15958166699999765,0.15849499999998784
gnn:supervised,545,tsp10,data/tsp10/instances/test_10n/instance_611.lp,49,74,0.16,0.0,optimal,0.17579845900002056,0.1753879999999981
internal:relpscost,545,tsp10,data/tsp10/instances/test_10n/instance_691.lp,49,74,0.15,0.0,optimal,0.16576150000000212,0.16471900000001938
gnn:supervised,545,tsp10,data/tsp10/instances/test_10n/instance_691.lp,49,74,0.17,0.0,optimal,0.18687670799999978,0.17971300000002088
internal:relpscost,545,tsp10,data/tsp10/instances/test_10n/instance_1415.lp,49,74,0.14,0.0,optimal,0.15969045800000004,0.15931399999999485
gnn:supervised,545,tsp10,data/tsp10/instances/test_10n/instance_1415.lp,49,74,0.15,0.0,optimal,0.17973599999999124,0.17572000000001253
internal:relpscost,545,tsp10,data/tsp10/instances/test_10n/instance_99.lp,49,74,0.15,0.0,optimal,0.16835254199997962,0.16349800000000414
gnn:supervised,545,tsp10,data/tsp10/instances/test_10n/instance_99.lp,49,74,0.16,0.0,optimal,0.17315279199999623,0.17286799999999403
internal:relpscost,545,tsp10,data/tsp10/instances/test_10n/instance_786.lp,49,74,0.14,0.0,optimal,0.1628282499999898,0.161594000000008
gnn:supervised,545,tsp10,data/tsp10/instances/test_10n/instance_786.lp,49,74,0.16,0.0,optimal,0.17424529199999483,0.1739029999999957
internal:relpscost,545,tsp10,data/tsp10/instances/test_10n/instance_469.lp,49,74,0.14,0.0,optimal,0.16231604199998628,0.16098900000000071
gnn:supervised,545,tsp10,data/tsp10/instances/test_10n/instance_469.lp,49,74,0.15,0.0,optimal,0.17236220799998136,0.17216099999998846
internal:relpscost,545,tsp10,data/tsp10/instances/test_10n/instance_979.lp,49,74,0.14,0.0,optimal,0.16177537499999062,0.16078199999998333
gnn:supervised,545,tsp10,data/tsp10/instances/test_10n/instance_979.lp,49,74,0.15,0.0,optimal,0.1753580409999813,0.17355600000001914
internal:relpscost,545,tsp10,data/tsp10/instances/test_10n/instance_210.lp,49,74,0.14,0.0,optimal,0.156280124999995,0.1552690000000041
gnn:supervised,545,tsp10,data/tsp10/instances/test_10n/instance_210.lp,49,74,0.15,0.0,optimal,0.17069366599997693,0.17063799999999674
internal:relpscost,545,tsp10,data/tsp10/instances/test_10n/instance_202.lp,49,74,0.15,0.0,optimal,0.16520779100000027,0.16387699999998517
gnn:supervised,545,tsp10,data/tsp10/instances/test_10n/instance_202.lp,49,74,0.15,0.0,optimal,0.1723978329999909,0.17218300000001818
internal:relpscost,545,tsp10,data/tsp10/instances/test_10n/instance_1013.lp,49,74,0.14,0.0,optimal,0.16338716699999623,0.1620929999999987
gnn:supervised,545,tsp10,data/tsp10/instances/test_10n/instance_1013.lp,49,74,0.17,0.0,optimal,0.1922778340000093,0.1861030000000028
internal:relpscost,545,tsp10,data/tsp10/instances/test_10n/instance_1864.lp,49,74,0.14,0.0,optimal,0.16072466699998245,0.15972999999999615
gnn:supervised,545,tsp10,data/tsp10/instances/test_10n/instance_1864.lp,49,74,0.15,0.0,optimal,0.17395774999999958,0.17165299999999206
internal:relpscost,545,tsp10,data/tsp10/instances/test_10n/instance_1179.lp,49,74,0.13,0.0,optimal,0.15576920800000948,0.15548500000002718
gnn:supervised,545,tsp10,data/tsp10/instances/test_10n/instance_1179.lp,49,74,0.15,0.0,optimal,0.17217624999997838,0.17188500000000317
internal:relpscost,545,tsp10,data/tsp10/instances/test_10n/instance_1233.lp,49,74,0.14,0.0,optimal,0.15748216699998352,0.15652000000000044
gnn:supervised,545,tsp10,data/tsp10/instances/test_10n/instance_1233.lp,49,74,0.16,0.0,optimal,0.17498716700001182,0.17445200000000227
internal:relpscost,545,tsp10,data/tsp10/instances/test_10n/instance_1825.lp,49,74,0.15,0.0,optimal,0.16091308299999696,0.15981500000000892
gnn:supervised,545,tsp10,data/tsp10/instances/test_10n/instance_1825.lp,49,74,0.16,0.0,optimal,0.17695429099998705,0.17605199999999854
internal:relpscost,545,tsp10,data/tsp10/instances/test_10n/instance_1968.lp,49,74,0.15,0.0,optimal,0.16431983399999694,0.16291000000001077
gnn:supervised,545,tsp10,data/tsp10/instances/test_10n/instance_1968.lp,49,74,0.16,0.0,optimal,0.17313408300000788,0.17274499999999193
internal:relpscost,545,tsp10,data/tsp10/instances/test_10n/instance_1657.lp,49,74,0.14,0.0,optimal,0.1559104170000012,0.15492100000000164
gnn:supervised,545,tsp10,data/tsp10/instances/test_10n/instance_1657.lp,49,74,0.15,0.0,optimal,0.17509137499999383,0.1744679999999903
internal:relpscost,545,tsp10,data/tsp10/instances/test_10n/instance_185.lp,49,74,0.15,0.0,optimal,0.1664579579999952,0.16474900000000048
gnn:supervised,545,tsp10,data/tsp10/instances/test_10n/instance_185.lp,49,74,0.16,0.0,optimal,0.17532941700000038,0.17469900000000393
internal:relpscost,545,tsp10,data/tsp10/instances/test_10n/instance_349.lp,49,74,0.15,0.0,optimal,0.16709329099998627,0.1648619999999994
gnn:supervised,545,tsp10,data/tsp10/instances/test_10n/instance_349.lp,49,74,0.16,0.0,optimal,0.17804262499998913,0.17722399999999539
internal:relpscost,545,tsp10,data/tsp10/instances/test_10n/instance_938.lp,49,74,0.14,0.0,optimal,0.1605354169999771,0.15909000000002038
gnn:supervised,545,tsp10,data/tsp10/instances/test_10n/instance_938.lp,49,74,0.16,0.0,optimal,0.18052291600000103,0.17717700000000036
internal:relpscost,545,tsp10,data/tsp10/instances/test_10n/instance_505.lp,49,74,0.14,0.0,optimal,0.15950595900000053,0.1584009999999978
gnn:supervised,545,tsp10,data/tsp10/instances/test_10n/instance_505.lp,49,74,0.16,0.0,optimal,0.17572820799998112,0.17446899999998777
internal:relpscost,545,tsp10,data/tsp10/instances/test_10n/instance_520.lp,49,74,0.13,0.0,optimal,0.15810745799998926,0.15625700000001075
gnn:supervised,545,tsp10,data/tsp10/instances/test_10n/instance_520.lp,49,74,0.16,0.0,optimal,0.17548895800001674,0.1745040000000131
internal:relpscost,545,tsp10,data/tsp10/instances/test_10n/instance_380.lp,49,74,0.14,0.0,optimal,0.15594116700000882,0.15467600000002335
gnn:supervised,545,tsp10,data/tsp10/instances/test_10n/instance_380.lp,49,74,0.16,0.0,optimal,0.1707005410000022,0.17057700000000864
internal:relpscost,545,tsp10,data/tsp10/instances/test_10n/instance_1046.lp,49,74,0.14,0.0,optimal,0.15692062499999793,0.15591500000002156
gnn:supervised,545,tsp10,data/tsp10/instances/test_10n/instance_1046.lp,49,74,0.16,0.0,optimal,0.17225654200001372,0.17196599999999762
internal:relpscost,545,tsp10,data/tsp10/instances/test_10n/instance_140.lp,49,74,0.14,0.0,optimal,0.1574714580000034,0.1565080000000023
gnn:supervised,545,tsp10,data/tsp10/instances/test_10n/instance_140.lp,49,74,0.15,0.0,optimal,0.17160974999998757,0.17132000000000858
internal:relpscost,545,tsp10,data/tsp10/instances/test_10n/instance_1872.lp,49,74,0.14,0.0,optimal,0.1573697080000045,0.1564340000000186
gnn:supervised,545,tsp10,data/tsp10/instances/test_10n/instance_1872.lp,49,74,0.15,0.0,optimal,0.17219650000001252,0.17201999999997497
internal:relpscost,545,tsp10,data/tsp10/instances/test_10n/instance_389.lp,49,74,0.14,0.0,optimal,0.1566914580000116,0.15573399999999538
gnn:supervised,545,tsp10,data/tsp10/instances/test_10n/instance_389.lp,49,74,0.16,0.0,optimal,0.1758752919999722,0.17524399999999218
internal:relpscost,545,tsp10,data/tsp10/instances/test_10n/instance_1582.lp,49,74,0.15,0.0,optimal,0.1591427500000009,0.15797100000000341
gnn:supervised,545,tsp10,data/tsp10/instances/test_10n/instance_1582.lp,49,74,0.16,0.0,optimal,0.17557633399999872,0.1748590000000263
internal:relpscost,545,tsp10,data/tsp10/instances/test_10n/instance_911.lp,49,74,0.14,0.0,optimal,0.15820391699998027,0.1570729999999969
gnn:supervised,545,tsp10,data/tsp10/instances/test_10n/instance_911.lp,49,74,0.15,0.0,optimal,0.17525008300000877,0.17234700000000203
internal:relpscost,545,tsp10,data/tsp10/instances/test_10n/instance_1816.lp,49,74,0.14,0.0,optimal,0.1597485830000096,0.15850499999999101
gnn:supervised,545,tsp10,data/tsp10/instances/test_10n/instance_1816.lp,49,74,0.16,0.0,optimal,0.1757877920000226,0.17466699999999946
internal:relpscost,545,tsp10,data/tsp10/instances/test_10n/instance_1804.lp,49,74,0.14,0.0,optimal,0.15975345799998308,0.15870900000001598
gnn:supervised,545,tsp10,data/tsp10/instances/test_10n/instance_1804.lp,49,74,0.15,0.0,optimal,0.17159095899998533,0.17141500000002452
internal:relpscost,545,tsp10,data/tsp10/instances/test_10n/instance_1644.lp,49,74,0.14,0.0,optimal,0.15538175000000365,0.1544969999999921
gnn:supervised,545,tsp10,data/tsp10/instances/test_10n/instance_1644.lp,49,74,0.15,0.0,optimal,0.1716030420000152,0.17147399999998925
internal:relpscost,545,tsp10,data/tsp10/instances/test_10n/instance_193.lp,49,74,0.14,0.0,optimal,0.15515129199999933,0.1542880000000082
gnn:supervised,545,tsp10,data/tsp10/instances/test_10n/instance_193.lp,49,74,0.15,0.0,optimal,0.17008933300002127,0.1698859999999911
internal:relpscost,545,tsp10,data/tsp10/instances/test_10n/instance_906.lp,49,74,0.14,0.0,optimal,0.1561414169999864,0.15521000000001095
gnn:supervised,545,tsp10,data/tsp10/instances/test_10n/instance_906.lp,49,74,0.16,0.0,optimal,0.17240308300000606,0.17207500000000664
internal:relpscost,545,tsp10,data/tsp10/instances/test_10n/instance_521.lp,49,74,0.14,0.0,optimal,0.15441133299998455,0.15405400000000213
gnn:supervised,545,tsp10,data/tsp10/instances/test_10n/instance_521.lp,49,74,0.16,0.0,optimal,0.17127524999997945,0.17114500000002408
internal:relpscost,545,tsp10,data/tsp10/instances/test_10n/instance_1400.lp,49,74,0.14,0.0,optimal,0.15735262500001568,0.1563199999999938
gnn:supervised,545,tsp10,data/tsp10/instances/test_10n/instance_1400.lp,49,74,0.16,0.0,optimal,0.17053716700002042,0.17037999999999442
internal:relpscost,545,tsp10,data/tsp10/instances/test_10n/instance_815.lp,49,74,0.14,0.0,optimal,0.15811470799999938,0.15703699999997411
gnn:supervised,545,tsp10,data/tsp10/instances/test_10n/instance_815.lp,49,74,0.15,0.0,optimal,0.17181083400001285,0.17158900000001154
internal:relpscost,545,tsp10,data/tsp10/instances/test_10n/instance_1658.lp,49,74,0.14,0.0,optimal,0.15775075000001948,0.15673100000000773
gnn:supervised,545,tsp10,data/tsp10/instances/test_10n/instance_1658.lp,49,74,0.15,0.0,optimal,0.17285370900000885,0.1722899999999754
internal:relpscost,545,tsp10,data/tsp10/instances/test_10n/instance_1032.lp,49,74,0.14,0.0,optimal,0.16315287500000863,0.16032699999999522
gnn:supervised,545,tsp10,data/tsp10/instances/test_10n/instance_1032.lp,49,74,0.15,0.0,optimal,0.17503295800000274,0.17444900000000985
internal:relpscost,545,tsp10,data/tsp10/instances/test_10n/instance_462.lp,49,74,0.14,0.0,optimal,0.16025050000001784,0.1590280000000064
gnn:supervised,545,tsp10,data/tsp10/instances/test_10n/instance_462.lp,49,74,0.16,0.0,optimal,0.17767491699999027,0.1766850000000204
internal:relpscost,545,tsp10,data/tsp10/instances/test_10n/instance_698.lp,49,74,0.14,0.0,optimal,0.16106183400000873,0.159862999999973
gnn:supervised,545,tsp10,data/tsp10/instances/test_10n/instance_698.lp,49,74,0.16,0.0,optimal,0.17534720899999456,0.17486500000001115
internal:relpscost,545,tsp10,data/tsp10/instances/test_10n/instance_1099.lp,49,74,0.14,0.0,optimal,0.15852849999998853,0.15741500000001452
gnn:supervised,545,tsp10,data/tsp10/instances/test_10n/instance_1099.lp,49,74,0.16,0.0,optimal,0.17378112500000498,0.1734209999999905
internal:relpscost,545,tsp10,data/tsp10/instances/test_10n/instance_456.lp,49,74,0.14,0.0,optimal,0.15941629200000307,0.15826300000000515
gnn:supervised,545,tsp10,data/tsp10/instances/test_10n/instance_456.lp,49,74,0.15,0.0,optimal,0.17365599999999404,0.17334099999999353
internal:relpscost,545,tsp10,data/tsp10/instances/test_10n/instance_1352.lp,49,74,0.14,0.0,optimal,0.15488575000000537,0.15400900000000206
gnn:supervised,545,tsp10,data/tsp10/instances/test_10n/instance_1352.lp,49,74,0.15,0.0,optimal,0.17052270799999292,0.17043499999999767
internal:relpscost,545,tsp10,data/tsp10/instances/test_10n/instance_317.lp,49,74,0.14,0.0,optimal,0.15786750000000893,0.15689400000002252
gnn:supervised,545,tsp10,data/tsp10/instances/test_10n/instance_317.lp,49,74,0.15,0.0,optimal,0.1696005409999941,0.16942099999999982
internal:relpscost,545,tsp10,data/tsp10/instances/test_10n/instance_556.lp,49,74,0.14,0.0,optimal,0.15558170899998913,0.15534700000000612
gnn:supervised,545,tsp10,data/tsp10/instances/test_10n/instance_556.lp,49,74,0.16,0.0,optimal,0.1752249999999833,0.1744989999999973
internal:relpscost,545,tsp10,data/tsp10/instances/test_10n/instance_402.lp,49,74,0.14,0.0,optimal,0.15885095799998794,0.15724899999997888
gnn:supervised,545,tsp10,data/tsp10/instances/test_10n/instance_402.lp,49,74,0.15,0.0,optimal,0.17200641700000574,0.17182999999999993
internal:relpscost,545,tsp10,data/tsp10/instances/test_10n/instance_1339.lp,49,74,0.13,0.0,optimal,0.1553484160000096,0.15446599999998512
gnn:supervised,545,tsp10,data/tsp10/instances/test_10n/instance_1339.lp,49,74,0.15,0.0,optimal,0.17016325000000165,0.1700699999999813
internal:relpscost,545,tsp10,data/tsp10/instances/test_10n/instance_974.lp,49,74,0.14,0.0,optimal,0.16499941699999,0.16391500000000292
gnn:supervised,545,tsp10,data/tsp10/instances/test_10n/instance_974.lp,49,74,0.16,0.0,optimal,0.1771525830000087,0.1760810000000106
internal:relpscost,545,tsp10,data/tsp10/instances/test_10n/instance_761.lp,49,74,0.14,0.0,optimal,0.15824891700000876,0.15710899999999128
gnn:supervised,545,tsp10,data/tsp10/instances/test_10n/instance_761.lp,49,74,0.15,0.0,optimal,0.1742320829999926,0.17339599999999677
internal:relpscost,545,tsp10,data/tsp10/instances/test_10n/instance_282.lp,49,74,0.14,0.0,optimal,0.15808949999998845,0.15757899999999836
gnn:supervised,545,tsp10,data/tsp10/instances/test_10n/instance_282.lp,49,74,0.16,0.0,optimal,0.17528108299998735,0.17436999999998193
internal:relpscost,545,tsp10,data/tsp10/instances/test_10n/instance_1897.lp,49,74,0.14,0.0,optimal,0.15940391699999168,0.1584280000000149
gnn:supervised,545,tsp10,data/tsp10/instances/test_10n/instance_1897.lp,49,74,0.15,0.0,optimal,0.1719726249999951,0.17163199999998824
internal:relpscost,545,tsp10,data/tsp10/instances/test_10n/instance_1065.lp,49,74,0.14,0.0,optimal,0.1551265829999977,0.15418999999999983
gnn:supervised,545,tsp10,data/tsp10/instances/test_10n/instance_1065.lp,49,74,0.15,0.0,optimal,0.16985875000000306,0.16977099999999723
internal:relpscost,545,tsp10,data/tsp10/instances/test_10n/instance_1379.lp,49,74,0.13,0.0,optimal,0.1542616669999859,0.15332999999998265
gnn:supervised,545,tsp10,data/tsp10/instances/test_10n/instance_1379.lp,49,74,0.15,0.0,optimal,0.17098554200001104,0.1708280000000002
internal:relpscost,545,tsp10,data/tsp10/instances/test_10n/instance_998.lp,49,74,0.14,0.0,optimal,0.15761304200000836,0.15667199999998616
gnn:supervised,545,tsp10,data/tsp10/instances/test_10n/instance_998.lp,49,74,0.16,0.0,optimal,0.1815640829999836,0.17828399999999078
internal:relpscost,545,tsp10,data/tsp10/instances/test_10n/instance_220.lp,49,74,0.14,0.0,optimal,0.16521029199998338,0.16322799999997528
gnn:supervised,545,tsp10,data/tsp10/instances/test_10n/instance_220.lp,49,74,0.15,0.0,optimal,0.17347529200000622,0.17302999999998292
internal:relpscost,545,tsp10,data/tsp10/instances/test_10n/instance_82.lp,49,74,0.13,0.0,optimal,0.15648637500001428,0.1552329999999813
gnn:supervised,545,tsp10,data/tsp10/instances/test_10n/instance_82.lp,49,74,0.15,0.0,optimal,0.17237845900001503,0.17212099999997577
internal:relpscost,545,tsp10,data/tsp10/instances/test_10n/instance_524.lp,49,74,0.14,0.0,optimal,0.1605036670000004,0.15945200000001591
gnn:supervised,545,tsp10,data/tsp10/instances/test_10n/instance_524.lp,49,74,0.15,0.0,optimal,0.17160270799999466,0.1714330000000075
internal:relpscost,545,tsp10,data/tsp10/instances/test_10n/instance_1124.lp,49,74,0.14,0.0,optimal,0.15436245800000847,0.15350599999999304
gnn:supervised,545,tsp10,data/tsp10/instances/test_10n/instance_1124.lp,49,74,0.15,0.0,optimal,0.1722805830000027,0.17191800000000512
internal:relpscost,545,tsp10,data/tsp10/instances/test_10n/instance_1898.lp,49,74,0.15,0.0,optimal,0.16098287500000197,0.15990399999998317
gnn:supervised,545,tsp10,data/tsp10/instances/test_10n/instance_1898.lp,49,74,0.16,0.0,optimal,0.17261124999998856,0.17230699999998933
internal:relpscost,545,tsp10,data/tsp10/instances/test_10n/instance_1444.lp,49,74,0.14,0.0,optimal,0.16112183300000993,0.1600559999999973
gnn:supervised,545,tsp10,data/tsp10/instances/test_10n/instance_1444.lp,49,74,0.16,0.0,optimal,0.17445141700000022,0.17402799999999274
internal:relpscost,545,tsp10,data/tsp10/instances/test_10n/instance_314.lp,49,74,0.14,0.0,optimal,0.16115962500001046,0.15990899999999897
gnn:supervised,545,tsp10,data/tsp10/instances/test_10n/instance_314.lp,49,74,0.16,0.0,optimal,0.17675787499999274,0.17630399999998758
internal:relpscost,545,tsp10,data/tsp10/instances/test_10n/instance_37.lp,49,74,0.14,0.0,optimal,0.15740445800000202,0.15649700000000166
gnn:supervised,545,tsp10,data/tsp10/instances/test_10n/instance_37.lp,49,74,0.15,0.0,optimal,0.17409333300000185,0.17385600000000068
internal:relpscost,545,tsp10,data/tsp10/instances/test_10n/instance_1920.lp,49,74,0.13,0.0,optimal,0.1559341249999875,0.1550320000000056
gnn:supervised,545,tsp10,data/tsp10/instances/test_10n/instance_1920.lp,49,74,0.16,0.0,optimal,0.1757057500000201,0.1751730000000009
internal:relpscost,545,tsp10,data/tsp10/instances/test_10n/instance_1940.lp,49,74,0.14,0.0,optimal,0.15969241700000225,0.15927400000001057
gnn:supervised,545,tsp10,data/tsp10/instances/test_10n/instance_1940.lp,49,74,0.16,0.0,optimal,0.17700083299999392,0.1761850000000038
internal:relpscost,545,tsp10,data/tsp10/instances/test_10n/instance_1336.lp,49,74,0.14,0.0,optimal,0.1620466249999879,0.16086799999999357
gnn:supervised,545,tsp10,data/tsp10/instances/test_10n/instance_1336.lp,49,74,0.16,0.0,optimal,0.1755809170000191,0.17502999999999247
internal:relpscost,545,tsp10,data/tsp10/instances/test_10n/instance_125.lp,49,74,0.14,0.0,optimal,0.16134320800000523,0.16016100000001643
gnn:supervised,545,tsp10,data/tsp10/instances/test_10n/instance_125.lp,49,74,0.16,0.0,optimal,0.17918608400000835,0.1786000000000172
internal:relpscost,545,tsp10,data/tsp10/instances/test_10n/instance_359.lp,49,74,0.14,0.0,optimal,0.15611854200000153,0.1559079999999824
gnn:supervised,545,tsp10,data/tsp10/instances/test_10n/instance_359.lp,49,74,0.15,0.0,optimal,0.1722418340000047,0.1721080000000086
internal:relpscost,545,tsp10,data/tsp10/instances/test_10n/instance_1586.lp,49,74,0.14,0.0,optimal,0.1552592500000003,0.15498300000001564
gnn:supervised,545,tsp10,data/tsp10/instances/test_10n/instance_1586.lp,49,74,0.16,0.0,optimal,0.17399954199999002,0.17353799999997932
internal:relpscost,545,tsp10,data/tsp10/instances/test_10n/instance_1459.lp,49,74,0.14,0.0,optimal,0.16018174999999246,0.15899999999999181
gnn:supervised,545,tsp10,data/tsp10/instances/test_10n/instance_1459.lp,49,74,0.15,0.0,optimal,0.17621420800000465,0.17540299999998865
internal:relpscost,545,tsp10,data/tsp10/instances/test_10n/instance_123.lp,49,74,0.14,0.0,optimal,0.15956495800000425,0.15909500000000776
gnn:supervised,545,tsp10,data/tsp10/instances/test_10n/instance_123.lp,49,74,0.15,0.0,optimal,0.17445020900001396,0.17385499999997478
internal:relpscost,545,tsp10,data/tsp10/instances/test_10n/instance_452.lp,49,74,0.14,0.0,optimal,0.1594218749999925,0.15809899999999288
gnn:supervised,545,tsp10,data/tsp10/instances/test_10n/instance_452.lp,49,74,0.16,0.0,optimal,0.17418304199998147,0.17367200000001048
internal:relpscost,545,tsp10,data/tsp10/instances/test_10n/instance_1679.lp,49,74,0.15,0.0,optimal,0.15980554200001507,0.1588869999999929
gnn:supervised,545,tsp10,data/tsp10/instances/test_10n/instance_1679.lp,49,74,0.16,0.0,optimal,0.17653004100000658,0.17596299999999587
internal:relpscost,545,tsp10,data/tsp10/instances/test_10n/instance_221.lp,49,74,0.15,0.0,optimal,0.15947541599999226,0.15854199999998286
gnn:supervised,545,tsp10,data/tsp10/instances/test_10n/instance_221.lp,49,74,0.16,0.0,optimal,0.17676329100001453,0.1762159999999824
internal:relpscost,545,tsp10,data/tsp10/instances/test_10n/instance_1088.lp,49,74,0.15,0.0,optimal,0.16200433299999872,0.16064900000000648
gnn:supervised,545,tsp10,data/tsp10/instances/test_10n/instance_1088.lp,49,74,0.16,0.0,optimal,0.17503991699999233,0.17465400000000386
internal:relpscost,545,tsp10,data/tsp10/instances/test_10n/instance_1113.lp,49,74,0.15,0.0,optimal,0.16323433300001966,0.16183999999998377
gnn:supervised,545,tsp10,data/tsp10/instances/test_10n/instance_1113.lp,49,74,0.16,0.0,optimal,0.17713333399998987,0.17605199999999854
internal:relpscost,545,tsp10,data/tsp10/instances/test_10n/instance_270.lp,49,74,0.14,0.0,optimal,0.16170212500000503,0.1602450000000033
gnn:supervised,545,tsp10,data/tsp10/instances/test_10n/instance_270.lp,49,74,0.16,0.0,optimal,0.17439045799997643,0.17408600000001684
internal:relpscost,545,tsp10,data/tsp10/instances/test_10n/instance_872.lp,49,74,0.15,0.0,optimal,0.1627665000000036,0.16157299999997576
gnn:supervised,545,tsp10,data/tsp10/instances/test_10n/instance_872.lp,49,74,0.16,0.0,optimal,0.17544787499997483,0.17504800000000387
internal:relpscost,545,tsp10,data/tsp10/instances/test_10n/instance_1453.lp,49,74,0.15,0.0,optimal,0.16019304200000306,0.15888700000002132
gnn:supervised,545,tsp10,data/tsp10/instances/test_10n/instance_1453.lp,49,74,0.16,0.0,optimal,0.1727424160000055,0.17253399999998464
internal:relpscost,545,tsp10,data/tsp10/instances/test_10n/instance_526.lp,49,74,0.14,0.0,optimal,0.16243104100001915,0.16132400000000757
gnn:supervised,545,tsp10,data/tsp10/instances/test_10n/instance_526.lp,49,74,0.16,0.0,optimal,0.17612274999999045,0.17567399999998656
internal:relpscost,545,tsp10,data/tsp10/instances/test_10n/instance_1832.lp,49,74,0.14,0.0,optimal,0.15900787499998614,0.15802999999999656
gnn:supervised,545,tsp10,data/tsp10/instances/test_10n/instance_1832.lp,49,74,0.15,0.0,optimal,0.1721778750000169,0.17168699999999149
internal:relpscost,545,tsp10,data/tsp10/instances/test_10n/instance_212.lp,49,74,0.14,0.0,optimal,0.15791316699997537,0.1570260000000019
gnn:supervised,545,tsp10,data/tsp10/instances/test_10n/instance_212.lp,49,74,0.16,0.0,optimal,0.17534029199998713,0.17502700000000004
internal:relpscost,545,tsp10,data/tsp10/instances/test_10n/instance_1254.lp,49,74,0.14,0.0,optimal,0.1577800839999952,0.15684199999998327
gnn:supervised,545,tsp10,data/tsp10/instances/test_10n/instance_1254.lp,49,74,0.15,0.0,optimal,0.17129483299999038,0.1710480000000132
internal:relpscost,545,tsp10,data/tsp10/instances/test_10n/instance_764.lp,49,74,0.14,0.0,optimal,0.1610183749999976,0.15979999999998995
gnn:supervised,545,tsp10,data/tsp10/instances/test_10n/instance_764.lp,49,74,0.16,0.0,optimal,0.1727243329999908,0.17243199999998637
internal:relpscost,545,tsp10,data/tsp10/instances/test_10n/instance_576.lp,49,74,0.15,0.0,optimal,0.16025504199998863,0.15893800000000624
gnn:supervised,545,tsp10,data/tsp10/instances/test_10n/instance_576.lp,49,74,0.16,0.0,optimal,0.17579775000001518,0.17491400000000112
internal:relpscost,545,tsp10,data/tsp10/instances/test_10n/instance_1431.lp,49,74,0.14,0.0,optimal,0.1598198749999824,0.1595000000000084
gnn:supervised,545,tsp10,data/tsp10/instances/test_10n/instance_1431.lp,49,74,0.16,0.0,optimal,0.17367333299998222,0.17323100000001546
internal:relpscost,545,tsp10,data/tsp10/instances/test_10n/instance_1217.lp,49,74,0.14,0.0,optimal,0.16304258400001004,0.1614099999999894
gnn:supervised,545,tsp10,data/tsp10/instances/test_10n/instance_1217.lp,49,74,0.16,0.0,optimal,0.17820245900000486,0.17741499999999633
internal:relpscost,545,tsp10,data/tsp10/instances/test_10n/instance_1353.lp,49,74,0.14,0.0,optimal,0.15791837500000838,0.15692200000000867
gnn:supervised,545,tsp10,data/tsp10/instances/test_10n/instance_1353.lp,49,74,0.15,0.0,optimal,0.17285270800002195,0.17249599999999532
internal:relpscost,545,tsp10,data/tsp10/instances/test_10n/instance_931.lp,49,74,0.14,0.0,optimal,0.15609487500000796,0.15513099999998303
gnn:supervised,545,tsp10,data/tsp10/instances/test_10n/instance_931.lp,49,74,0.15,0.0,optimal,0.17078241699999808,0.1706399999999917
internal:relpscost,545,tsp10,data/tsp10/instances/test_10n/instance_639.lp,49,74,0.14,0.0,optimal,0.159179666,0.15819199999998546
gnn:supervised,545,tsp10,data/tsp10/instances/test_10n/instance_639.lp,49,74,0.16,0.0,optimal,0.17136174999998843,0.17112800000001016
internal:relpscost,545,tsp10,data/tsp10/instances/test_10n/instance_1559.lp,49,74,0.14,0.0,optimal,0.15452249999998457,0.15366399999999203
gnn:supervised,545,tsp10,data/tsp10/instances/test_10n/instance_1559.lp,49,74,0.16,0.0,optimal,0.17505308299999456,0.174318999999997
internal:relpscost,545,tsp10,data/tsp10/instances/test_10n/instance_987.lp,49,74,0.14,0.0,optimal,0.16163070800001833,0.16053300000001514
gnn:supervised,545,tsp10,data/tsp10/instances/test_10n/instance_987.lp,49,74,0.17,0.0,optimal,0.1812668750000057,0.17998900000000617
internal:relpscost,545,tsp10,data/tsp10/instances/test_10n/instance_606.lp,49,74,0.15,0.0,optimal,0.16537387500000023,0.16432000000000357
gnn:supervised,545,tsp10,data/tsp10/instances/test_10n/instance_606.lp,49,74,0.17,0.0,optimal,0.1874899169999935,0.18529000000000906
internal:relpscost,545,tsp10,data/tsp10/instances/test_10n/instance_1613.lp,49,74,0.15,0.0,optimal,0.16043341700000724,0.1602410000000134
gnn:supervised,545,tsp10,data/tsp10/instances/test_10n/instance_1613.lp,49,74,0.16,0.0,optimal,0.17360041699998874,0.17333199999998783
internal:relpscost,545,tsp10,data/tsp10/instances/test_10n/instance_1464.lp,49,74,0.14,0.0,optimal,0.1551198749999969,0.15503299999997466
gnn:supervised,545,tsp10,data/tsp10/instances/test_10n/instance_1464.lp,49,74,0.15,0.0,optimal,0.17322699999999713,0.1728119999999933
internal:relpscost,545,tsp10,data/tsp10/instances/test_10n/instance_762.lp,49,74,0.14,0.0,optimal,0.16404833300001087,0.16039299999999912
gnn:supervised,545,tsp10,data/tsp10/instances/test_10n/instance_762.lp,49,74,0.16,0.0,optimal,0.17551041699999814,0.17493500000000495
internal:relpscost,545,tsp10,data/tsp10/instances/test_10n/instance_747.lp,49,74,0.15,0.0,optimal,0.15947850000000585,0.15840199999999527
gnn:supervised,545,tsp10,data/tsp10/instances/test_10n/instance_747.lp,49,74,0.16,0.0,optimal,0.17450445800000125,0.1740739999999903
internal:relpscost,545,tsp10,data/tsp10/instances/test_10n/instance_861.lp,49,74,0.14,0.0,optimal,0.16106829199998174,0.15990600000000654
gnn:supervised,545,tsp10,data/tsp10/instances/test_10n/instance_861.lp,49,74,0.16,0.0,optimal,0.1761332080000102,0.17547500000000582
internal:relpscost,545,tsp10,data/tsp10/instances/test_10n/instance_747.lp,49,74,0.14,0.0,optimal,0.15789245900000992,0.15760000000000218
gnn:supervised,545,tsp10,data/tsp10/instances/test_10n/instance_747.lp,49,74,0.15,0.0,optimal,0.17581391699999926,0.175186999999994
internal:relpscost,545,tsp10,data/tsp10/instances/test_10n/instance_1130.lp,49,74,0.14,0.0,optimal,0.15640700000000152,0.15592300000000137
gnn:supervised,545,tsp10,data/tsp10/instances/test_10n/instance_1130.lp,49,74,0.16,0.0,optimal,0.17326504199999704,0.17288900000002627
internal:relpscost,545,tsp10,data/tsp10/instances/test_10n/instance_273.lp,49,74,0.15,0.0,optimal,0.1615002919999995,0.16064900000000648
gnn:supervised,545,tsp10,data/tsp10/instances/test_10n/instance_273.lp,49,74,0.16,0.0,optimal,0.17695558299999448,0.17568399999998974
internal:relpscost,545,tsp10,data/tsp10/instances/test_10n/instance_1338.lp,49,74,0.14,0.0,optimal,0.1584172500000136,0.15787500000001842
gnn:supervised,545,tsp10,data/tsp10/instances/test_10n/instance_1338.lp,49,74,0.16,0.0,optimal,0.17758649999998966,0.1768780000000163
internal:relpscost,545,tsp10,data/tsp10/instances/test_10n/instance_1034.lp,49,74,0.15,0.0,optimal,0.16550974999998402,0.1641129999999862
gnn:supervised,545,tsp10,data/tsp10/instances/test_10n/instance_1034.lp,49,74,0.16,0.0,optimal,0.17491691699999024,0.1743990000000224
internal:relpscost,545,tsp10,data/tsp10/instances/test_10n/instance_519.lp,49,74,0.14,0.0,optimal,0.16771925000000465,0.16405299999999556
gnn:supervised,545,tsp10,data/tsp10/instances/test_10n/instance_519.lp,49,74,0.16,0.0,optimal,0.1807938750000062,0.17801099999999792
internal:relpscost,545,tsp10,data/tsp10/instances/test_10n/instance_1318.lp,49,74,0.14,0.0,optimal,0.16015762500001074,0.15855899999999679
gnn:supervised,545,tsp10,data/tsp10/instances/test_10n/instance_1318.lp,49,74,0.15,0.0,optimal,0.17311295800001858,0.17298500000001127
internal:relpscost,545,tsp10,data/tsp10/instances/test_10n/instance_82.lp,49,74,0.14,0.0,optimal,0.1602319170000044,0.15914799999998763
gnn:supervised,545,tsp10,data/tsp10/instances/test_10n/instance_82.lp,49,74,0.15,0.0,optimal,0.1739028340000175,0.17347899999998617
internal:relpscost,545,tsp10,data/tsp10/instances/test_10n/instance_1748.lp,49,74,0.14,0.0,optimal,0.15974420899999586,0.15919799999997508
gnn:supervised,545,tsp10,data/tsp10/instances/test_10n/instance_1748.lp,49,74,0.16,0.0,optimal,0.17383458300000143,0.17354499999999007
internal:relpscost,545,tsp10,data/tsp10/instances/test_10n/instance_692.lp,49,74,0.14,0.0,optimal,0.16077612499998395,0.15944600000000264
gnn:supervised,545,tsp10,data/tsp10/instances/test_10n/instance_692.lp,49,74,0.16,0.0,optimal,0.1748940829999981,0.17436600000002045
internal:relpscost,545,tsp10,data/tsp10/instances/test_10n/instance_1891.lp,49,74,0.14,0.0,optimal,0.1610707080000111,0.15968300000000113
gnn:supervised,545,tsp10,data/tsp10/instances/test_10n/instance_1891.lp,49,74,0.15,0.0,optimal,0.17203741700001274,0.1718879999999956
internal:relpscost,545,tsp10,data/tsp10/instances/test_10n/instance_645.lp,49,74,0.13,0.0,optimal,0.15515391599998907,0.1542559999999753
gnn:supervised,545,tsp10,data/tsp10/instances/test_10n/instance_645.lp,49,74,0.15,0.0,optimal,0.171158958999996,0.17104899999998224
internal:relpscost,545,tsp10,data/tsp10/instances/test_10n/instance_553.lp,49,74,0.14,0.0,optimal,0.16056037500001707,0.1593689999999981
gnn:supervised,545,tsp10,data/tsp10/instances/test_10n/instance_553.lp,49,74,0.16,0.0,optimal,0.1748559159999843,0.17457599999997342
internal:relpscost,545,tsp10,data/tsp10/instances/test_10n/instance_133.lp,49,74,0.14,0.0,optimal,0.16352920899998935,0.16243500000001632
gnn:supervised,545,tsp10,data/tsp10/instances/test_10n/instance_133.lp,49,74,0.15,0.0,optimal,0.17220429200000353,0.17186399999999935
internal:relpscost,545,tsp10,data/tsp10/instances/test_10n/instance_1891.lp,49,74,0.14,0.0,optimal,0.1576829170000167,0.15742499999998927
gnn:supervised,545,tsp10,data/tsp10/instances/test_10n/instance_1891.lp,49,74,0.15,0.0,optimal,0.17160129100000177,0.17134699999999725
internal:relpscost,545,tsp10,data/tsp10/instances/test_10n/instance_834.lp,49,74,0.14,0.0,optimal,0.15450087499999654,0.1536350000000084
gnn:supervised,545,tsp10,data/tsp10/instances/test_10n/instance_834.lp,49,74,0.16,0.0,optimal,0.1723701250000147,0.17222999999998478
internal:relpscost,545,tsp10,data/tsp10/instances/test_10n/instance_1166.lp,49,74,0.14,0.0,optimal,0.1601699999999937,0.1597150000000056
gnn:supervised,545,tsp10,data/tsp10/instances/test_10n/instance_1166.lp,49,74,0.16,0.0,optimal,0.17578183299997363,0.17529199999998468
internal:relpscost,545,tsp10,data/tsp10/instances/test_10n/instance_1902.lp,49,74,0.14,0.0,optimal,0.15485991599999238,0.1539769999999976
gnn:supervised,545,tsp10,data/tsp10/instances/test_10n/instance_1902.lp,49,74,0.16,0.0,optimal,0.17281066699999315,0.17262300000001574
internal:relpscost,545,tsp10,data/tsp10/instances/test_10n/instance_1329.lp,49,74,0.14,0.0,optimal,0.159075042000012,0.15811899999999923
gnn:supervised,545,tsp10,data/tsp10/instances/test_10n/instance_1329.lp,49,74,0.15,0.0,optimal,0.1736114169999894,0.1734519999999975
internal:relpscost,545,tsp10,data/tsp10/instances/test_10n/instance_1936.lp,49,74,0.14,0.0,optimal,0.16164879199999405,0.16044899999999984
gnn:supervised,545,tsp10,data/tsp10/instances/test_10n/instance_1936.lp,49,74,0.15,0.0,optimal,0.1707960420000063,0.17073900000002595
internal:relpscost,545,tsp10,data/tsp10/instances/test_10n/instance_1747.lp,49,74,0.14,0.0,optimal,0.15858970799999383,0.15748400000001084
gnn:supervised,545,tsp10,data/tsp10/instances/test_10n/instance_1747.lp,49,74,0.15,0.0,optimal,0.17145212500000184,0.17119900000000143
internal:relpscost,545,tsp10,data/tsp10/instances/test_10n/instance_652.lp,49,74,0.14,0.0,optimal,0.15908241599998973,0.15804700000001048
gnn:supervised,545,tsp10,data/tsp10/instances/test_10n/instance_652.lp,49,74,0.16,0.0,optimal,0.18007016699999667,0.17946299999999837
internal:relpscost,545,tsp10,data/tsp10/instances/test_10n/instance_1482.lp,49,74,0.14,0.0,optimal,0.16487075000000573,0.1631699999999796
gnn:supervised,545,tsp10,data/tsp10/instances/test_10n/instance_1482.lp,49,74,0.16,0.0,optimal,0.17821349999999825,0.17677000000000476
internal:relpscost,545,tsp10,data/tsp10/instances/test_10n/instance_529.lp,49,74,0.15,0.0,optimal,0.1632891250000057,0.1598199999999963
gnn:supervised,545,tsp10,data/tsp10/instances/test_10n/instance_529.lp,49,74,0.16,0.0,optimal,0.17368612499998903,0.17352399999998624
internal:relpscost,545,tsp10,data/tsp10/instances/test_10n/instance_1298.lp,49,74,0.14,0.0,optimal,0.1594830829999978,0.15845999999999094
gnn:supervised,545,tsp10,data/tsp10/instances/test_10n/instance_1298.lp,49,74,0.15,0.0,optimal,0.17061704199997507,0.17044999999998822
internal:relpscost,545,tsp10,data/tsp10/instances/test_10n/instance_587.lp,49,74,0.14,0.0,optimal,0.1585769579999976,0.15753900000001408
gnn:supervised,545,tsp10,data/tsp10/instances/test_10n/instance_587.lp,49,74,0.15,0.0,optimal,0.1716514580000137,0.17155900000000202
internal:relpscost,545,tsp10,data/tsp10/instances/test_10n/instance_1374.lp,49,74,0.14,0.0,optimal,0.159347624999981,0.1588649999999916
gnn:supervised,545,tsp10,data/tsp10/instances/test_10n/instance_1374.lp,49,74,0.15,0.0,optimal,0.17222295799999188,0.17206699999999842
internal:relpscost,545,tsp10,data/tsp10/instances/test_10n/instance_923.lp,49,74,0.14,0.0,optimal,0.15733954200001676,0.1564090000000249
gnn:supervised,545,tsp10,data/tsp10/instances/test_10n/instance_923.lp,49,74,0.16,0.0,optimal,0.17676812499999528,0.17595700000001102
internal:relpscost,545,tsp10,data/tsp10/instances/test_10n/instance_1280.lp,49,74,0.14,0.0,optimal,0.1588931660000128,0.15745200000000636
gnn:supervised,545,tsp10,data/tsp10/instances/test_10n/instance_1280.lp,49,74,0.15,0.0,optimal,0.1755715830000213,0.17477700000000596
internal:relpscost,545,tsp10,data/tsp10/instances/test_10n/instance_925.lp,49,74,0.14,0.0,optimal,0.16359137500000998,0.16206500000001256
gnn:supervised,545,tsp10,data/tsp10/instances/test_10n/instance_925.lp,49,74,0.15,0.0,optimal,0.1731553340000005,0.17270899999999756
internal:relpscost,545,tsp10,data/tsp10/instances/test_10n/instance_420.lp,49,74,0.14,0.0,optimal,0.15644566700001405,0.15548200000000634
gnn:supervised,545,tsp10,data/tsp10/instances/test_10n/instance_420.lp,49,74,0.16,0.0,optimal,0.1724422919999995,0.172159999999991
internal:relpscost,545,tsp10,data/tsp10/instances/test_10n/instance_1124.lp,49,74,0.14,0.0,optimal,0.15626670800000397,0.15534900000000107
gnn:supervised,545,tsp10,data/tsp10/instances/test_10n/instance_1124.lp,49,74,0.16,0.0,optimal,0.17138833299998169,0.17120099999999638
internal:relpscost,545,tsp10,data/tsp10/instances/test_10n/instance_1337.lp,49,74,0.14,0.0,optimal,0.15404812500000276,0.15378599999999665
gnn:supervised,545,tsp10,data/tsp10/instances/test_10n/instance_1337.lp,49,74,0.16,0.0,optimal,0.171188165999979,0.17100300000001312
internal:relpscost,545,tsp10,data/tsp10/instances/test_10n/instance_1886.lp,49,74,0.14,0.0,optimal,0.15611737499997957,0.15502900000001318
gnn:supervised,545,tsp10,data/tsp10/instances/test_10n/instance_1886.lp,49,74,0.16,0.0,optimal,0.1712474580000105,0.1710989999999981
internal:relpscost,545,tsp10,data/tsp10/instances/test_10n/instance_1804.lp,49,74,0.14,0.0,optimal,0.15450587499998392,0.15424899999999298
gnn:supervised,545,tsp10,data/tsp10/instances/test_10n/instance_1804.lp,49,74,0.16,0.0,optimal,0.172230667000008,0.17217899999999986
internal:relpscost,545,tsp10,data/tsp10/instances/test_10n/instance_1321.lp,49,74,0.14,0.0,optimal,0.15562099999999646,0.15469799999999623
gnn:supervised,545,tsp10,data/tsp10/instances/test_10n/instance_1321.lp,49,74,0.15,0.0,optimal,0.1724196250000034,0.17226600000000758
internal:relpscost,545,tsp10,data/tsp10/instances/test_10n/instance_138.lp,49,74,0.14,0.0,optimal,0.16081691700000533,0.1597590000000082
gnn:supervised,545,tsp10,data/tsp10/instances/test_10n/instance_138.lp,49,74,0.16,0.0,optimal,0.17872700000000918,0.17787000000001285
internal:relpscost,545,tsp10,data/tsp10/instances/test_10n/instance_1166.lp,49,74,0.14,0.0,optimal,0.16042200000001117,0.16022899999998685
gnn:supervised,545,tsp10,data/tsp10/instances/test_10n/instance_1166.lp,49,74,0.15,0.0,optimal,0.17698724999999627,0.17642100000000482
internal:relpscost,545,tsp10,data/tsp10/instances/test_10n/instance_1015.lp,49,74,0.14,0.0,optimal,0.16509770800001888,0.16384500000000912
gnn:supervised,545,tsp10,data/tsp10/instances/test_10n/instance_1015.lp,49,74,0.16,0.0,optimal,0.17692199999999048,0.17610100000001694
internal:relpscost,545,tsp10,data/tsp10/instances/test_10n/instance_1987.lp,49,74,0.14,0.0,optimal,0.15805633299999045,0.15712299999998436
gnn:supervised,545,tsp10,data/tsp10/instances/test_10n/instance_1987.lp,49,74,0.16,0.0,optimal,0.17687387499998408,0.17611399999998412
internal:relpscost,545,tsp10,data/tsp10/instances/test_10n/instance_261.lp,49,74,0.14,0.0,optimal,0.161851917000007,0.1607270000000085
gnn:supervised,545,tsp10,data/tsp10/instances/test_10n/instance_261.lp,49,74,0.16,0.0,optimal,0.1803639170000224,0.17666900000000396
internal:relpscost,545,tsp10,data/tsp10/instances/test_10n/instance_1607.lp,49,74,0.14,0.0,optimal,0.15784241599999405,0.15747500000000514
gnn:supervised,545,tsp10,data/tsp10/instances/test_10n/instance_1607.lp,49,74,0.16,0.0,optimal,0.17730704200002378,0.17607000000000994
internal:relpscost,545,tsp10,data/tsp10/instances/test_10n/instance_577.lp,49,74,0.14,0.0,optimal,0.1605752920000043,0.15922699999998713
gnn:supervised,545,tsp10,data/tsp10/instances/test_10n/instance_577.lp,49,74,0.15,0.0,optimal,0.17500520900000538,0.17462699999998677
internal:relpscost,545,tsp10,data/tsp10/instances/test_10n/instance_1116.lp,49,74,0.14,0.0,optimal,0.16254791700001192,0.1618129999999951
gnn:supervised,545,tsp10,data/tsp10/instances/test_10n/instance_1116.lp,49,74,0.15,0.0,optimal,0.17523179099998742,0.17482200000000603
internal:relpscost,545,tsp10,data/tsp10/instances/test_10n/instance_475.lp,49,74,0.14,0.0,optimal,0.16352637500000355,0.16210499999999683
gnn:supervised,545,tsp10,data/tsp10/instances/test_10n/instance_475.lp,49,74,0.16,0.0,optimal,0.17436895900002014,0.17408900000000926
internal:relpscost,545,tsp10,data/tsp10/instances/test_10n/instance_1018.lp,49,74,0.14,0.0,optimal,0.1547937079999997,0.15389999999999304
gnn:supervised,545,tsp10,data/tsp10/instances/test_10n/instance_1018.lp,49,74,0.16,0.0,optimal,0.17138366700001484,0.17120300000001976
internal:relpscost,545,tsp10,data/tsp10/instances/test_10n/instance_719.lp,49,74,0.14,0.0,optimal,0.15868062500001656,0.15767600000000925
gnn:supervised,545,tsp10,data/tsp10/instances/test_10n/instance_719.lp,49,74,0.15,0.0,optimal,0.17206966700001658,0.1718540000000246
internal:relpscost,545,tsp10,data/tsp10/instances/test_10n/instance_1460.lp,49,74,0.15,0.0,optimal,0.16232320899999308,0.16121599999999603
gnn:supervised,545,tsp10,data/tsp10/instances/test_10n/instance_1460.lp,49,74,0.16,0.0,optimal,0.17977920899997457,0.17833699999999908
internal:relpscost,545,tsp10,data/tsp10/instances/test_10n/instance_1857.lp,49,74,0.14,0.0,optimal,0.16726337500000454,0.1637179999999887
gnn:supervised,545,tsp10,data/tsp10/instances/test_10n/instance_1857.lp,49,74,0.16,0.0,optimal,0.1757245839999939,0.17501400000000444
internal:relpscost,545,tsp10,data/tsp10/instances/test_10n/instance_85.lp,49,74,0.14,0.0,optimal,0.160750500000006,0.15940499999999247
gnn:supervised,545,tsp10,data/tsp10/instances/test_10n/instance_85.lp,49,74,0.15,0.0,optimal,0.16866154199999528,0.1685070000000053
internal:relpscost,545,tsp10,data/tsp10/instances/test_10n/instance_399.lp,49,74,0.14,0.0,optimal,0.15912691599999107,0.1580280000000016
gnn:supervised,545,tsp10,data/tsp10/instances/test_10n/instance_399.lp,49,74,0.16,0.0,optimal,0.1763381250000009,0.1753789999999924
internal:relpscost,545,tsp10,data/tsp10/instances/test_10n/instance_400.lp,49,74,0.14,0.0,optimal,0.16196208400000955,0.16065399999999386
gnn:supervised,545,tsp10,data/tsp10/instances/test_10n/instance_400.lp,49,74,0.16,0.0,optimal,0.17542600000001585,0.17497900000000755
internal:relpscost,545,tsp10,data/tsp10/instances/test_10n/instance_1981.lp,49,74,0.14,0.0,optimal,0.15998479199998883,0.15881899999999405
gnn:supervised,545,tsp10,data/tsp10/instances/test_10n/instance_1981.lp,49,74,0.15,0.0,optimal,0.1728352089999987,0.1724450000000104
internal:relpscost,545,tsp10,data/tsp10/instances/test_10n/instance_352.lp,49,74,0.14,0.0,optimal,0.1588521250000099,0.15766700000000355
gnn:supervised,545,tsp10,data/tsp10/instances/test_10n/instance_352.lp,49,74,0.16,0.0,optimal,0.17584570900001495,0.17523699999998144
internal:relpscost,545,tsp10,data/tsp10/instances/test_10n/instance_467.lp,49,74,0.15,0.0,optimal,0.16285474999997973,0.15865999999999758
gnn:supervised,545,tsp10,data/tsp10/instances/test_10n/instance_467.lp,49,74,0.16,0.0,optimal,0.1753717500000107,0.17478100000002428
internal:relpscost,545,tsp10,data/tsp10/instances/test_10n/instance_746.lp,49,74,0.14,0.0,optimal,0.1593585829999995,0.15833200000000147
gnn:supervised,545,tsp10,data/tsp10/instances/test_10n/instance_746.lp,49,74,0.15,0.0,optimal,0.1725372909999976,0.1722910000000013
internal:relpscost,545,tsp10,data/tsp10/instances/test_10n/instance_1614.lp,49,74,0.14,0.0,optimal,0.15832312500000967,0.15666300000000888
gnn:supervised,545,tsp10,data/tsp10/instances/test_10n/instance_1614.lp,49,74,0.16,0.0,optimal,0.17700479100000166,0.17644100000001117
internal:relpscost,545,tsp10,data/tsp10/instances/test_10n/instance_1973.lp,49,74,0.14,0.0,optimal,0.159530999999987,0.15852899999998726
gnn:supervised,545,tsp10,data/tsp10/instances/test_10n/instance_1973.lp,49,74,0.16,0.0,optimal,0.17289266699998507,0.1726539999999943
internal:relpscost,545,tsp10,data/tsp10/instances/test_10n/instance_1229.lp,49,74,0.14,0.0,optimal,0.16102658299999462,0.1586330000000089
gnn:supervised,545,tsp10,data/tsp10/instances/test_10n/instance_1229.lp,49,74,0.16,0.0,optimal,0.17718750000000227,0.176589000000007
internal:relpscost,545,tsp10,data/tsp10/instances/test_10n/instance_1480.lp,49,74,0.14,0.0,optimal,0.15828020800000786,0.15711500000000456
gnn:supervised,545,tsp10,data/tsp10/instances/test_10n/instance_1480.lp,49,74,0.15,0.0,optimal,0.1755287499999838,0.17502000000001772
internal:relpscost,545,tsp10,data/tsp10/instances/test_10n/instance_1111.lp,49,74,0.14,0.0,optimal,0.1620179169999858,0.16147499999999582
gnn:supervised,545,tsp10,data/tsp10/instances/test_10n/instance_1111.lp,49,74,0.15,0.0,optimal,0.1757884999999817,0.17504399999998554
internal:relpscost,545,tsp10,data/tsp10/instances/test_10n/instance_901.lp,49,74,0.14,0.0,optimal,0.1637485409999897,0.16189500000001544
gnn:supervised,545,tsp10,data/tsp10/instances/test_10n/instance_901.lp,49,74,0.15,0.0,optimal,0.17388862499998936,0.1735710000000097
internal:relpscost,545,tsp10,data/tsp10/instances/test_10n/instance_1080.lp,49,74,0.14,0.0,optimal,0.16035170899999684,0.15883600000000797
gnn:supervised,545,tsp10,data/tsp10/instances/test_10n/instance_1080.lp,49,74,0.16,0.0,optimal,0.1835542910000072,0.1781259999999918
internal:relpscost,545,tsp10,data/tsp10/instances/test_10n/instance_1496.lp,49,74,0.14,0.0,optimal,0.16165320800001837,0.16038299999999595
gnn:supervised,545,tsp10,data/tsp10/instances/test_10n/instance_1496.lp,49,74,0.15,0.0,optimal,0.17503554199998916,0.17444100000000162
internal:relpscost,545,tsp10,data/tsp10/instances/test_10n/instance_1310.lp,49,74,0.14,0.0,optimal,0.16130887500000313,0.16062800000000266
gnn:supervised,545,tsp10,data/tsp10/instances/test_10n/instance_1310.lp,49,74,0.15,0.0,optimal,0.17354299999999512,0.1730009999999993
internal:relpscost,545,tsp10,data/tsp10/instances/test_10n/instance_1106.lp,49,74,0.14,0.0,optimal,0.16081854200001544,0.15985900000001152
gnn:supervised,545,tsp10,data/tsp10/instances/test_10n/instance_1106.lp,49,74,0.16,0.0,optimal,0.1761819580000008,0.17537799999999493
internal:relpscost,545,tsp10,data/tsp10/instances/test_10n/instance_1282.lp,49,74,0.14,0.0,optimal,0.16538991699999883,0.16374200000001338
gnn:supervised,545,tsp10,data/tsp10/instances/test_10n/instance_1282.lp,49,74,0.17,0.0,optimal,0.1892552920000128,0.18631999999999493
internal:relpscost,545,tsp10,data/tsp10/instances/test_10n/instance_1885.lp,49,74,0.15,0.0,optimal,0.16350470799997652,0.16272699999998963
gnn:supervised,545,tsp10,data/tsp10/instances/test_10n/instance_1885.lp,49,74,0.16,0.0,optimal,0.18654241599998045,0.18020400000000336
internal:relpscost,545,tsp10,data/tsp10/instances/test_10n/instance_897.lp,49,74,0.15,0.0,optimal,0.17344670800000017,0.1702489999999841
gnn:supervised,545,tsp10,data/tsp10/instances/test_10n/instance_897.lp,49,74,0.16,0.0,optimal,0.2048365830000023,0.18990099999999188
internal:relpscost,545,tsp10,data/tsp10/instances/test_10n/instance_424.lp,49,74,0.15,0.0,optimal,0.16767566699999747,0.16527600000000575
gnn:supervised,545,tsp10,data/tsp10/instances/test_10n/instance_424.lp,49,74,0.16,0.0,optimal,0.17584825000000137,0.1751289999999983
internal:relpscost,545,tsp10,data/tsp10/instances/test_10n/instance_1490.lp,49,74,0.15,0.0,optimal,0.1660189579999951,0.16165399999999863
gnn:supervised,545,tsp10,data/tsp10/instances/test_10n/instance_1490.lp,49,74,0.16,0.0,optimal,0.1737804159999996,0.17341999999999302
internal:relpscost,545,tsp10,data/tsp10/instances/test_10n/instance_1264.lp,49,74,0.15,0.0,optimal,0.16231087499997443,0.161073000000016
gnn:supervised,545,tsp10,data/tsp10/instances/test_10n/instance_1264.lp,49,74,0.16,0.0,optimal,0.17709499999998002,0.1761600000000101
internal:relpscost,545,tsp10,data/tsp10/instances/test_10n/instance_440.lp,49,74,0.14,0.0,optimal,0.1577985829999875,0.15675200000001155
gnn:supervised,545,tsp10,data/tsp10/instances/test_10n/instance_440.lp,49,74,0.16,0.0,optimal,0.17638441599999055,0.17572799999999233
internal:relpscost,545,tsp10,data/tsp10/instances/test_10n/instance_365.lp,49,74,0.14,0.0,optimal,0.160447750000003,0.15922700000001555
gnn:supervised,545,tsp10,data/tsp10/instances/test_10n/instance_365.lp,49,74,0.16,0.0,optimal,0.1792917500000044,0.17662999999998874
internal:relpscost,545,tsp10,data/tsp10/instances/test_10n/instance_634.lp,49,74,0.14,0.0,optimal,0.15950629099998537,0.15843000000000984
gnn:supervised,545,tsp10,data/tsp10/instances/test_10n/instance_634.lp,49,74,0.15,0.0,optimal,0.17444050000000288,0.17395000000001914
internal:relpscost,545,tsp10,data/tsp10/instances/test_10n/instance_690.lp,49,74,0.14,0.0,optimal,0.1602602920000038,0.15941700000001902
gnn:supervised,545,tsp10,data/tsp10/instances/test_10n/instance_690.lp,49,74,0.15,0.0,optimal,0.1751491660000113,0.1746259999999893
internal:relpscost,545,tsp10,data/tsp10/instances/test_10n/instance_322.lp,49,74,0.14,0.0,optimal,0.15885462500000358,0.1574510000000089
gnn:supervised,545,tsp10,data/tsp10/instances/test_10n/instance_322.lp,49,74,0.16,0.0,optimal,0.17280575000000908,0.17266100000000506
internal:relpscost,545,tsp10,data/tsp10/instances/test_10n/instance_1227.lp,49,74,0.14,0.0,optimal,0.1569674579999969,0.15650600000000736
gnn:supervised,545,tsp10,data/tsp10/instances/test_10n/instance_1227.lp,49,74,0.15,0.0,optimal,0.17256025000000363,0.17223100000001068
internal:relpscost,545,tsp10,data/tsp10/instances/test_10n/instance_784.lp,49,74,0.14,0.0,optimal,0.15818545799999129,0.15699600000002079
gnn:supervised,545,tsp10,data/tsp10/instances/test_10n/instance_784.lp,49,74,0.15,0.0,optimal,0.1733653340000103,0.17302799999998797
internal:relpscost,545,tsp10,data/tsp10/instances/test_10n/instance_702.lp,49,74,0.14,0.0,optimal,0.158341374999992,0.15639300000000844
gnn:supervised,545,tsp10,data/tsp10/instances/test_10n/instance_702.lp,49,74,0.16,0.0,optimal,0.17229958300001158,0.17176900000001183
internal:relpscost,545,tsp10,data/tsp10/instances/test_10n/instance_295.lp,49,74,0.14,0.0,optimal,0.15681804100000818,0.1564209999999946
gnn:supervised,545,tsp10,data/tsp10/instances/test_10n/instance_295.lp,49,74,0.15,0.0,optimal,0.1700529999999958,0.16986200000002327
internal:relpscost,545,tsp10,data/tsp10/instances/test_10n/instance_1262.lp,49,74,0.14,0.0,optimal,0.1588049579999904,0.1566880000000026
gnn:supervised,545,tsp10,data/tsp10/instances/test_10n/instance_1262.lp,49,74,0.15,0.0,optimal,0.17389083399999095,0.17360899999999901
internal:relpscost,545,tsp10,data/tsp10/instances/test_10n/instance_1542.lp,49,74,0.14,0.0,optimal,0.16053112500000566,0.1599209999999971
gnn:supervised,545,tsp10,data/tsp10/instances/test_10n/instance_1542.lp,49,74,0.15,0.0,optimal,0.17042462499998123,0.17023900000000936
internal:relpscost,545,tsp10,data/tsp10/instances/test_10n/instance_1727.lp,49,74,0.14,0.0,optimal,0.15721620799999414,0.15666199999998298
gnn:supervised,545,tsp10,data/tsp10/instances/test_10n/instance_1727.lp,49,74,0.15,0.0,optimal,0.16950795799999696,0.16946500000000242
internal:relpscost,545,tsp10,data/tsp10/instances/test_10n/instance_1963.lp,49,74,0.14,0.0,optimal,0.15514512499999,0.15420300000002385
gnn:supervised,545,tsp10,data/tsp10/instances/test_10n/instance_1963.lp,49,74,0.15,0.0,optimal,0.1692654169999912,0.1690720000000283
internal:relpscost,545,tsp10,data/tsp10/instances/test_10n/instance_189.lp,49,74,0.14,0.0,optimal,0.1586067920000005,0.15727699999999345
gnn:supervised,545,tsp10,data/tsp10/instances/test_10n/instance_189.lp,49,74,0.16,0.0,optimal,0.18100912500000277,0.17944300000002045
internal:relpscost,545,tsp10,data/tsp10/instances/test_10n/instance_374.lp,49,74,0.15,0.0,optimal,0.17119141700001705,0.16770199999999136
gnn:supervised,545,tsp10,data/tsp10/instances/test_10n/instance_374.lp,49,74,0.15,0.0,optimal,0.17457887499998037,0.17424400000001583
internal:relpscost,545,tsp10,data/tsp10/instances/test_10n/instance_220.lp,49,74,0.14,0.0,optimal,0.16947116699998332,0.16326799999998798
gnn:supervised,545,tsp10,data/tsp10/instances/test_10n/instance_220.lp,49,74,0.16,0.0,optimal,0.1794630839999911,0.17835500000001048
internal:relpscost,545,tsp10,data/tsp10/instances/test_10n/instance_1220.lp,49,74,0.15,0.0,optimal,0.16069941599999993,0.15967399999999543
gnn:supervised,545,tsp10,data/tsp10/instances/test_10n/instance_1220.lp,49,74,0.16,0.0,optimal,0.1776306669999883,0.17506199999999694
internal:relpscost,545,tsp10,data/tsp10/instances/test_10n/instance_1165.lp,49,74,0.15,0.0,optimal,0.16055779200002007,0.15929499999998598
gnn:supervised,545,tsp10,data/tsp10/instances/test_10n/instance_1165.lp,49,74,0.16,0.0,optimal,0.17372404100001404,0.17320100000000593
internal:relpscost,545,tsp10,data/tsp10/instances/test_10n/instance_612.lp,49,74,0.14,0.0,optimal,0.156245250000012,0.1544060000000229
gnn:supervised,545,tsp10,data/tsp10/instances/test_10n/instance_612.lp,49,74,0.16,0.0,optimal,0.1744580419999977,0.17417999999997846
internal:relpscost,545,tsp10,data/tsp10/instances/test_10n/instance_1200.lp,49,74,0.14,0.0,optimal,0.1556436250000104,0.15475000000000705
gnn:supervised,545,tsp10,data/tsp10/instances/test_10n/instance_1200.lp,49,74,0.15,0.0,optimal,0.17073462499999437,0.17051200000000222
internal:relpscost,545,tsp10,data/tsp10/instances/test_10n/instance_635.lp,49,74,0.14,0.0,optimal,0.15815995799999882,0.15713599999997996
gnn:supervised,545,tsp10,data/tsp10/instances/test_10n/instance_635.lp,49,74,0.15,0.0,optimal,0.1730311249999943,0.1728740000000073
internal:relpscost,545,tsp10,data/tsp10/instances/test_10n/instance_311.lp,49,74,0.14,0.0,optimal,0.15481962499998758,0.15394000000000574
gnn:supervised,545,tsp10,data/tsp10/instances/test_10n/instance_311.lp,49,74,0.15,0.0,optimal,0.1716006249999964,0.17138199999999415
internal:relpscost,545,tsp10,data/tsp10/instances/test_10n/instance_402.lp,49,74,0.14,0.0,optimal,0.15487720800001625,0.1539940000000115
gnn:supervised,545,tsp10,data/tsp10/instances/test_10n/instance_402.lp,49,74,0.15,0.0,optimal,0.17083133400001316,0.17037899999999695
internal:relpscost,545,tsp10,data/tsp10/instances/test_10n/instance_1916.lp,49,74,0.14,0.0,optimal,0.15809266699997693,0.15712899999999763
gnn:supervised,545,tsp10,data/tsp10/instances/test_10n/instance_1916.lp,49,74,0.16,0.0,optimal,0.1714300410000078,0.17137399999998593
internal:relpscost,545,tsp10,data/tsp10/instances/test_10n/instance_592.lp,49,74,0.14,0.0,optimal,0.15704091699998912,0.15542800000000057
gnn:supervised,545,tsp10,data/tsp10/instances/test_10n/instance_592.lp,49,74,0.16,0.0,optimal,0.17347545900000227,0.17328500000002123
internal:relpscost,545,tsp10,data/tsp10/instances/test_10n/instance_1321.lp,49,74,0.14,0.0,optimal,0.15572233399998936,0.15441700000002356
gnn:supervised,545,tsp10,data/tsp10/instances/test_10n/instance_1321.lp,49,74,0.15,0.0,optimal,0.17158975000000964,0.1714409999999873
internal:relpscost,545,tsp10,data/tsp10/instances/test_10n/instance_852.lp,49,74,0.13,0.0,optimal,0.15474837499999694,0.15384299999999484
gnn:supervised,545,tsp10,data/tsp10/instances/test_10n/instance_852.lp,49,74,0.15,0.0,optimal,0.17116349999997738,0.17096100000000547
internal:relpscost,545,tsp10,data/tsp10/instances/test_10n/instance_118.lp,49,74,0.13,0.0,optimal,0.15766970799998603,0.15664200000000505
gnn:supervised,545,tsp10,data/tsp10/instances/test_10n/instance_118.lp,49,74,0.16,0.0,optimal,0.1737862080000241,0.17341500000000565
internal:relpscost,545,tsp10,data/tsp10/instances/test_10n/instance_925.lp,49,74,0.14,0.0,optimal,0.16175487499998553,0.16037099999999782
gnn:supervised,545,tsp10,data/tsp10/instances/test_10n/instance_925.lp,49,74,0.15,0.0,optimal,0.1761280420000162,0.1751939999999763
internal:relpscost,545,tsp10,data/tsp10/instances/test_10n/instance_33.lp,49,74,0.14,0.0,optimal,0.16326900000001388,0.1616329999999948
gnn:supervised,545,tsp10,data/tsp10/instances/test_10n/instance_33.lp,49,74,0.16,0.0,optimal,0.17640199999999595,0.1755290000000116
internal:relpscost,545,tsp10,data/tsp10/instances/test_10n/instance_335.lp,49,74,0.14,0.0,optimal,0.16000099999999406,0.15883600000000797
gnn:supervised,545,tsp10,data/tsp10/instances/test_10n/instance_335.lp,49,74,0.15,0.0,optimal,0.17414295899999388,0.17376999999999043
internal:relpscost,545,tsp10,data/tsp10/instances/test_10n/instance_1114.lp,49,74,0.14,0.0,optimal,0.16283491699999786,0.16139100000000894
gnn:supervised,545,tsp10,data/tsp10/instances/test_10n/instance_1114.lp,49,74,0.16,0.0,optimal,0.17654029100000912,0.17579699999998866
internal:relpscost,545,tsp10,data/tsp10/instances/test_10n/instance_1841.lp,49,74,0.14,0.0,optimal,0.1596792500000106,0.15856899999999996
gnn:supervised,545,tsp10,data/tsp10/instances/test_10n/instance_1841.lp,49,74,0.16,0.0,optimal,0.1776629580000133,0.17682600000000548
internal:relpscost,545,tsp10,data/tsp10/instances/test_10n/instance_137.lp,49,74,0.14,0.0,optimal,0.15803866699999958,0.15741199999999367
gnn:supervised,545,tsp10,data/tsp10/instances/test_10n/instance_137.lp,49,74,0.15,0.0,optimal,0.17241287499999203,0.17221899999998413
internal:relpscost,545,tsp10,data/tsp10/instances/test_10n/instance_1728.lp,49,74,0.15,0.0,optimal,0.15848187499997834,0.15754299999997556
gnn:supervised,545,tsp10,data/tsp10/instances/test_10n/instance_1728.lp,49,74,0.16,0.0,optimal,0.17395158399997968,0.1734570000000133
internal:relpscost,545,tsp10,data/tsp10/instances/test_10n/instance_105.lp,49,74,0.14,0.0,optimal,0.16544545800002197,0.16069699999999898
gnn:supervised,545,tsp10,data/tsp10/instances/test_10n/instance_105.lp,49,74,0.16,0.0,optimal,0.17600912500000732,0.174870999999996
internal:relpscost,545,tsp10,data/tsp10/instances/test_10n/instance_1599.lp,49,74,0.14,0.0,optimal,0.1571752910000157,0.15671899999998118
gnn:supervised,545,tsp10,data/tsp10/instances/test_10n/instance_1599.lp,49,74,0.16,0.0,optimal,0.1831820839999807,0.17646500000000742
internal:relpscost,545,tsp10,data/tsp10/instances/test_10n/instance_932.lp,49,74,0.14,0.0,optimal,0.16697600000000534,0.1643410000000074
gnn:supervised,545,tsp10,data/tsp10/instances/test_10n/instance_932.lp,49,74,0.16,0.0,optimal,0.17896691699999678,0.17738900000000513
internal:relpscost,545,tsp10,data/tsp10/instances/test_10n/instance_1867.lp,49,74,0.14,0.0,optimal,0.1591887919999806,0.15818400000000565
gnn:supervised,545,tsp10,data/tsp10/instances/test_10n/instance_1867.lp,49,74,0.16,0.0,optimal,0.1783210419999932,0.17688100000000873
internal:relpscost,545,tsp10,data/tsp10/instances/test_10n/instance_1827.lp,49,74,0.15,0.0,optimal,0.16403316699998527,0.16313700000000608
gnn:supervised,545,tsp10,data/tsp10/instances/test_10n/instance_1827.lp,49,74,0.16,0.0,optimal,0.1768985409999857,0.17569299999999544
internal:relpscost,545,tsp10,data/tsp10/instances/test_10n/instance_150.lp,49,74,0.14,0.0,optimal,0.1644538339999997,0.1626529999999775
gnn:supervised,545,tsp10,data/tsp10/instances/test_10n/instance_150.lp,49,74,0.15,0.0,optimal,0.1763451669999938,0.17523099999999658
internal:relpscost,545,tsp10,data/tsp10/instances/test_10n/instance_567.lp,49,74,0.14,0.0,optimal,0.16126691700000606,0.15987799999999197
gnn:supervised,545,tsp10,data/tsp10/instances/test_10n/instance_567.lp,49,74,0.15,0.0,optimal,0.17648208399998566,0.17562399999999911
internal:relpscost,545,tsp10,data/tsp10/instances/test_10n/instance_1076.lp,49,74,0.14,0.0,optimal,0.16270308300002512,0.16096699999999942
gnn:supervised,545,tsp10,data/tsp10/instances/test_10n/instance_1076.lp,49,74,0.15,0.0,optimal,0.17610020800000825,0.17532900000000495
internal:relpscost,545,tsp10,data/tsp10/instances/test_10n/instance_198.lp,49,74,0.15,0.0,optimal,0.17196016700000882,0.16855099999997947
gnn:supervised,545,tsp10,data/tsp10/instances/test_10n/instance_198.lp,49,74,0.17,0.0,optimal,0.1910085840000022,0.18347300000002065
internal:relpscost,545,tsp10,data/tsp10/instances/test_10n/instance_794.lp,49,74,0.15,0.0,optimal,0.17203758299999095,0.16694799999999077
gnn:supervised,545,tsp10,data/tsp10/instances/test_10n/instance_794.lp,49,74,0.16,0.0,optimal,0.17889629100000093,0.17750200000000405
internal:relpscost,545,tsp10,data/tsp10/instances/test_10n/instance_1932.lp,49,74,0.15,0.0,optimal,0.16387291699999196,0.16172199999999748
gnn:supervised,545,tsp10,data/tsp10/instances/test_10n/instance_1932.lp,49,74,0.16,0.0,optimal,0.17625191600001244,0.1742800000000102
internal:relpscost,545,tsp10,data/tsp10/instances/test_10n/instance_1330.lp,49,74,0.14,0.0,optimal,0.15537850000001185,0.15440800000001786
gnn:supervised,545,tsp10,data/tsp10/instances/test_10n/instance_1330.lp,49,74,0.16,0.0,optimal,0.17178587499998343,0.17155700000000706
internal:relpscost,545,tsp10,data/tsp10/instances/test_10n/instance_1054.lp,49,74,0.14,0.0,optimal,0.15989454200001774,0.15878499999999462
gnn:supervised,545,tsp10,data/tsp10/instances/test_10n/instance_1054.lp,49,74,0.16,0.0,optimal,0.17916620799999805,0.17797500000000355
internal:relpscost,545,tsp10,data/tsp10/instances/test_10n/instance_616.lp,49,74,0.15,0.0,optimal,0.16340066700001898,0.16229900000001862
gnn:supervised,545,tsp10,data/tsp10/instances/test_10n/instance_616.lp,49,74,0.16,0.0,optimal,0.177079415999998,0.17600300000000857
internal:relpscost,545,tsp10,data/tsp10/instances/test_10n/instance_1472.lp,49,74,0.15,0.0,optimal,0.1598057909999966,0.15865600000000768
gnn:supervised,545,tsp10,data/tsp10/instances/test_10n/instance_1472.lp,49,74,0.16,0.0,optimal,0.1762558750000096,0.17562200000000416
internal:relpscost,545,tsp10,data/tsp10/instances/test_10n/instance_371.lp,49,74,0.15,0.0,optimal,0.16253604199999927,0.16116499999998268
gnn:supervised,545,tsp10,data/tsp10/instances/test_10n/instance_371.lp,49,74,0.16,0.0,optimal,0.18006712499999367,0.1761539999999968
internal:relpscost,545,tsp10,data/tsp10/instances/test_10n/instance_179.lp,49,74,0.14,0.0,optimal,0.1585507499999892,0.1582520000000045
gnn:supervised,545,tsp10,data/tsp10/instances/test_10n/instance_179.lp,49,74,0.16,0.0,optimal,0.17486445800000183,0.17450199999998972
internal:relpscost,545,tsp10,data/tsp10/instances/test_10n/instance_798.lp,49,74,0.14,0.0,optimal,0.1582975000000033,0.15772899999998913
gnn:supervised,545,tsp10,data/tsp10/instances/test_10n/instance_798.lp,49,74,0.15,0.0,optimal,0.1735928749999971,0.173119000000014
internal:relpscost,545,tsp10,data/tsp10/instances/test_10n/instance_692.lp,49,74,0.14,0.0,optimal,0.16133412499999622,0.1600830000000144
gnn:supervised,545,tsp10,data/tsp10/instances/test_10n/instance_692.lp,49,74,0.15,0.0,optimal,0.17316629199999056,0.1726799999999855
internal:relpscost,545,tsp10,data/tsp10/instances/test_10n/instance_1942.lp,49,74,0.14,0.0,optimal,0.15943662499998368,0.15907400000000393
gnn:supervised,545,tsp10,data/tsp10/instances/test_10n/instance_1942.lp,49,74,0.16,0.0,optimal,0.17738687499999628,0.17640800000000922
internal:relpscost,545,tsp10,data/tsp10/instances/test_10n/instance_1929.lp,49,74,0.15,0.0,optimal,0.16573999999999955,0.1640429999999924
gnn:supervised,545,tsp10,data/tsp10/instances/test_10n/instance_1929.lp,49,74,0.15,0.0,optimal,0.1765225409999971,0.17576199999999176
internal:relpscost,545,tsp10,data/tsp10/instances/test_10n/instance_1975.lp,49,74,0.14,0.0,optimal,0.15989216599999168,0.1586070000000177
gnn:supervised,545,tsp10,data/tsp10/instances/test_10n/instance_1975.lp,49,74,0.16,0.0,optimal,0.1722547910000003,0.1719410000000039
internal:relpscost,545,tsp10,data/tsp10/instances/test_10n/instance_736.lp,49,74,0.14,0.0,optimal,0.15685949999999593,0.15654000000000678
gnn:supervised,545,tsp10,data/tsp10/instances/test_10n/instance_736.lp,49,74,0.15,0.0,optimal,0.17232954199999995,0.17212999999998146
internal:relpscost,545,tsp10,data/tsp10/instances/test_10n/instance_1181.lp,49,74,0.14,0.0,optimal,0.16335412500001212,0.16192200000000412
gnn:supervised,545,tsp10,data/tsp10/instances/test_10n/instance_1181.lp,49,74,0.16,0.0,optimal,0.17968604199998595,0.1787219999999934
internal:relpscost,545,tsp10,data/tsp10/instances/test_10n/instance_249.lp,49,74,0.14,0.0,optimal,0.15885679199999458,0.15779299999999807
gnn:supervised,545,tsp10,data/tsp10/instances/test_10n/instance_249.lp,49,74,0.16,0.0,optimal,0.17543466699999044,0.1747220000000027
internal:relpscost,545,tsp10,data/tsp10/instances/test_10n/instance_127.lp,49,74,0.14,0.0,optimal,0.15871170799999845,0.15689299999999662
gnn:supervised,545,tsp10,data/tsp10/instances/test_10n/instance_127.lp,49,74,0.16,0.0,optimal,0.17500845800000775,0.17415600000001064
internal:relpscost,545,tsp10,data/tsp10/instances/test_10n/instance_635.lp,49,74,0.14,0.0,optimal,0.1632372079999982,0.16243199999999547
gnn:supervised,545,tsp10,data/tsp10/instances/test_10n/instance_635.lp,49,74,0.16,0.0,optimal,0.17959954200000539,0.1782699999999977
internal:relpscost,545,tsp10,data/tsp10/instances/test_10n/instance_829.lp,49,74,0.15,0.0,optimal,0.16551591600000393,0.16391699999999787
gnn:supervised,545,tsp10,data/tsp10/instances/test_10n/instance_829.lp,49,74,0.16,0.0,optimal,0.1847987499999988,0.17880599999998026
internal:relpscost,545,tsp10,data/tsp10/instances/test_10n/instance_639.lp,49,74,0.14,0.0,optimal,0.1591644999999744,0.1580409999999972
gnn:supervised,545,tsp10,data/tsp10/instances/test_10n/instance_639.lp,49,74,0.16,0.0,optimal,0.174089959000014,0.173640000000006
internal:relpscost,545,tsp10,data/tsp10/instances/test_10n/instance_69.lp,49,74,0.15,0.0,optimal,0.15990220800000543,0.15882900000002564
gnn:supervised,545,tsp10,data/tsp10/instances/test_10n/instance_69.lp,49,74,0.16,0.0,optimal,0.17704912499999637,0.17633200000000215
internal:relpscost,545,tsp10,data/tsp10/instances/test_10n/instance_88.lp,49,74,0.14,0.0,optimal,0.15749608300001228,0.15651000000002568
gnn:supervised,545,tsp10,data/tsp10/instances/test_10n/instance_88.lp,49,74,0.15,0.0,optimal,0.17192379099998334,0.17162200000001349
internal:relpscost,545,tsp10,data/tsp10/instances/test_10n/instance_573.lp,49,74,0.13,0.0,optimal,0.1552727919999768,0.1549530000000061
gnn:supervised,545,tsp10,data/tsp10/instances/test_10n/instance_573.lp,49,74,0.15,0.0,optimal,0.17082679200001394,0.17068900000001008
internal:relpscost,545,tsp10,data/tsp10/instances/test_10n/instance_345.lp,49,74,0.14,0.0,optimal,0.15565837500000157,0.15468699999999558
gnn:supervised,545,tsp10,data/tsp10/instances/test_10n/instance_345.lp,49,74,0.15,0.0,optimal,0.1721260839999843,0.17184400000002142
internal:relpscost,545,tsp10,data/tsp10/instances/test_10n/instance_930.lp,49,74,0.14,0.0,optimal,0.15441754100001504,0.153554999999983
gnn:supervised,545,tsp10,data/tsp10/instances/test_10n/instance_930.lp,49,74,0.16,0.0,optimal,0.1739974170000096,0.17373899999998343
internal:relpscost,545,tsp10,data/tsp10/instances/test_10n/instance_1618.lp,49,74,0.14,0.0,optimal,0.1539166249999937,0.15359599999999318
gnn:supervised,545,tsp10,data/tsp10/instances/test_10n/instance_1618.lp,49,74,0.16,0.0,optimal,0.17417062499998792,0.17383799999998928
internal:relpscost,545,tsp10,data/tsp10/instances/test_10n/instance_884.lp,49,74,0.14,0.0,optimal,0.1547069999999735,0.15446099999999774
gnn:supervised,545,tsp10,data/tsp10/instances/test_10n/instance_884.lp,49,74,0.15,0.0,optimal,0.17072275000001014,0.17044999999998822
internal:relpscost,545,tsp10,data/tsp10/instances/test_10n/instance_1957.lp,49,74,0.14,0.0,optimal,0.15524108399998227,0.15440000000000964
gnn:supervised,545,tsp10,data/tsp10/instances/test_10n/instance_1957.lp,49,74,0.15,0.0,optimal,0.17250258300001065,0.17213599999999474
internal:relpscost,545,tsp10,data/tsp10/instances/test_10n/instance_528.lp,49,74,0.14,0.0,optimal,0.15798424999999838,0.1564249999999845
gnn:supervised,545,tsp10,data/tsp10/instances/test_10n/instance_528.lp,49,74,0.15,0.0,optimal,0.17103370800001017,0.17084900000000403
internal:relpscost,545,tsp10,data/tsp10/instances/test_10n/instance_550.lp,49,74,0.13,0.0,optimal,0.15543829099999584,0.15450100000001044
gnn:supervised,545,tsp10,data/tsp10/instances/test_10n/instance_550.lp,49,74,0.15,0.0,optimal,0.17166816599998924,0.1715069999999912
internal:relpscost,545,tsp10,data/tsp10/instances/test_10n/instance_423.lp,49,74,0.14,0.0,optimal,0.15804333399998427,0.15705800000000636
gnn:supervised,545,tsp10,data/tsp10/instances/test_10n/instance_423.lp,49,74,0.15,0.0,optimal,0.1703807920000031,0.17027899999999363
internal:relpscost,545,tsp10,data/tsp10/instances/test_10n/instance_1824.lp,49,74,0.14,0.0,optimal,0.1657015000000115,0.16322499999998286
gnn:supervised,545,tsp10,data/tsp10/instances/test_10n/instance_1824.lp,49,74,0.15,0.0,optimal,0.1731257079999864,0.17289799999997513
internal:relpscost,545,tsp10,data/tsp10/instances/test_10n/instance_1519.lp,49,74,0.14,0.0,optimal,0.15640920799998526,0.15536700000001247
gnn:supervised,545,tsp10,data/tsp10/instances/test_10n/instance_1519.lp,49,74,0.16,0.0,optimal,0.17110570899998834,0.17088099999998008
internal:relpscost,545,tsp10,data/tsp10/instances/test_10n/instance_1304.lp,49,74,0.14,0.0,optimal,0.15795829199998934,0.1565999999999974
gnn:supervised,545,tsp10,data/tsp10/instances/test_10n/instance_1304.lp,49,74,0.16,0.0,optimal,0.17220341699999153,0.17192799999997987
internal:relpscost,545,tsp10,data/tsp10/instances/test_10n/instance_639.lp,49,74,0.14,0.0,optimal,0.15524541600001385,0.15507500000001073
gnn:supervised,545,tsp10,data/tsp10/instances/test_10n/instance_639.lp,49,74,0.15,0.0,optimal,0.17107220900001607,0.1707980000000191
internal:relpscost,545,tsp10,data/tsp10/instances/test_10n/instance_1968.lp,49,74,0.14,0.0,optimal,0.15672145899998213,0.15633099999999445
gnn:supervised,545,tsp10,data/tsp10/instances/test_10n/instance_1968.lp,49,74,0.16,0.0,optimal,0.17616695899999968,0.17538099999998735
internal:relpscost,545,tsp10,data/tsp10/instances/test_10n/instance_877.lp,49,74,0.14,0.0,optimal,0.16314158400001588,0.16146700000001601
gnn:supervised,545,tsp10,data/tsp10/instances/test_10n/instance_877.lp,49,74,0.16,0.0,optimal,0.17712520800000675,0.17608799999999292
internal:relpscost,545,tsp10,data/tsp10/instances/test_10n/instance_1973.lp,49,74,0.14,0.0,optimal,0.16085912500000177,0.15969700000002263
gnn:supervised,545,tsp10,data/tsp10/instances/test_10n/instance_1973.lp,49,74,0.16,0.0,optimal,0.17980120899997587,0.1773860000000127
internal:relpscost,545,tsp10,data/tsp10/instances/test_10n/instance_1321.lp,49,74,0.15,0.0,optimal,0.16173191699999734,0.16114799999999718
gnn:supervised,545,tsp10,data/tsp10/instances/test_10n/instance_1321.lp,49,74,0.16,0.0,optimal,0.17783179099998847,0.1771009999999933
internal:relpscost,545,tsp10,data/tsp10/instances/test_10n/instance_328.lp,49,74,0.14,0.0,optimal,0.16671995800001582,0.16181199999999762
gnn:supervised,545,tsp10,data/tsp10/instances/test_10n/instance_328.lp,49,74,0.17,0.0,optimal,0.17994720800001573,0.1789579999999944
internal:relpscost,545,tsp10,data/tsp10/instances/test_10n/instance_1477.lp,49,74,0.14,0.0,optimal,0.1648985420000031,0.16147100000000592
gnn:supervised,545,tsp10,data/tsp10/instances/test_10n/instance_1477.lp,49,74,0.16,0.0,optimal,0.1802831669999989,0.17851800000002527
internal:relpscost,545,tsp10,data/tsp10/instances/test_10n/instance_1974.lp,49,74,0.15,0.0,optimal,0.1655224579999981,0.16440000000000055
gnn:supervised,545,tsp10,data/tsp10/instances/test_10n/instance_1974.lp,49,74,0.15,0.0,optimal,0.17752420899998356,0.17659199999999942
internal:relpscost,545,tsp10,data/tsp10/instances/test_10n/instance_823.lp,49,74,0.14,0.0,optimal,0.15614733300000694,0.1551730000000191
gnn:supervised,545,tsp10,data/tsp10/instances/test_10n/instance_823.lp,49,74,0.16,0.0,optimal,0.1755253340000138,0.17505799999997862
internal:relpscost,545,tsp10,data/tsp10/instances/test_10n/instance_1196.lp,49,74,0.15,0.0,optimal,0.1615841249999903,0.16001099999999724
gnn:supervised,545,tsp10,data/tsp10/instances/test_10n/instance_1196.lp,49,74,0.16,0.0,optimal,0.17366124999998078,0.1726850000000013
internal:relpscost,545,tsp10,data/tsp10/instances/test_10n/instance_459.lp,49,74,0.14,0.0,optimal,0.15785791700000118,0.15655699999999229
gnn:supervised,545,tsp10,data/tsp10/instances/test_10n/instance_459.lp,49,74,0.15,0.0,optimal,0.17350645799999143,0.1730060000000151
internal:relpscost,545,tsp10,data/tsp10/instances/test_10n/instance_205.lp,49,74,0.14,0.0,optimal,0.16097070899999721,0.1595429999999851
gnn:supervised,545,tsp10,data/tsp10/instances/test_10n/instance_205.lp,49,74,0.16,0.0,optimal,0.1771328750000123,0.1757069999999885
internal:relpscost,545,tsp10,data/tsp10/instances/test_10n/instance_1084.lp,49,74,0.14,0.0,optimal,0.16222808300000224,0.1606249999999818
gnn:supervised,545,tsp10,data/tsp10/instances/test_10n/instance_1084.lp,49,74,0.16,0.0,optimal,0.17877095899999063,0.17774099999999748
internal:relpscost,545,tsp10,data/tsp10/instances/test_10n/instance_840.lp,49,74,0.14,0.0,optimal,0.16505629099998487,0.16425000000000978
gnn:supervised,545,tsp10,data/tsp10/instances/test_10n/instance_840.lp,49,74,0.15,0.0,optimal,0.17414324999998598,0.173562000000004
internal:relpscost,545,tsp10,data/tsp10/instances/test_10n/instance_301.lp,49,74,0.15,0.0,optimal,0.17023245799998676,0.16754099999999994
gnn:supervised,545,tsp10,data/tsp10/instances/test_10n/instance_301.lp,49,74,0.16,0.0,optimal,0.1815296670000066,0.17976200000001086
internal:relpscost,545,tsp10,data/tsp10/instances/test_10n/instance_1823.lp,49,74,0.14,0.0,optimal,0.16708499999998594,0.16150600000000281
gnn:supervised,545,tsp10,data/tsp10/instances/test_10n/instance_1823.lp,49,74,0.16,0.0,optimal,0.1863102920000017,0.17884699999999043
internal:relpscost,545,tsp10,data/tsp10/instances/test_10n/instance_116.lp,49,74,0.15,0.0,optimal,0.1712764170000014,0.16946300000000747
gnn:supervised,545,tsp10,data/tsp10/instances/test_10n/instance_116.lp,49,74,0.16,0.0,optimal,0.17470558299999084,0.17395500000000652
internal:relpscost,545,tsp10,data/tsp10/instances/test_10n/instance_1163.lp,49,74,0.14,0.0,optimal,0.15822883300000967,0.15755799999999454
gnn:supervised,545,tsp10,data/tsp10/instances/test_10n/instance_1163.lp,49,74,0.15,0.0,optimal,0.17441124999999147,0.1738459999999975
internal:relpscost,545,tsp10,data/tsp10/instances/test_10n/instance_1471.lp,49,74,0.14,0.0,optimal,0.16323337500000434,0.16180499999998688
gnn:supervised,545,tsp10,data/tsp10/instances/test_10n/instance_1471.lp,49,74,0.15,0.0,optimal,0.17537691700002256,0.17321099999998069
internal:relpscost,545,tsp10,data/tsp10/instances/test_10n/instance_74.lp,49,74,0.15,0.0,optimal,0.15836604200001148,0.15740299999998797
gnn:supervised,545,tsp10,data/tsp10/instances/test_10n/instance_74.lp,49,74,0.15,0.0,optimal,0.16868162500000494,0.16859699999997702
internal:relpscost,545,tsp10,data/tsp10/instances/test_10n/instance_1109.lp,49,74,0.13,0.0,optimal,0.15564162499998702,0.15469300000000885
gnn:supervised,545,tsp10,data/tsp10/instances/test_10n/instance_1109.lp,49,74,0.15,0.0,optimal,0.1736515830000087,0.17334900000000175
internal:relpscost,545,tsp10,data/tsp10/instances/test_10n/instance_1279.lp,49,74,0.14,0.0,optimal,0.1536102919999962,0.1533550000000048
gnn:supervised,545,tsp10,data/tsp10/instances/test_10n/instance_1279.lp,49,74,0.15,0.0,optimal,0.17200087499998062,0.17186799999998925
internal:relpscost,545,tsp10,data/tsp10/instances/test_10n/instance_491.lp,49,74,0.14,0.0,optimal,0.15541629199998397,0.1545099999999877
gnn:supervised,545,tsp10,data/tsp10/instances/test_10n/instance_491.lp,49,74,0.15,0.0,optimal,0.16823787500001686,0.1681300000000192
internal:relpscost,545,tsp10,data/tsp10/instances/test_10n/instance_1303.lp,49,74,0.14,0.0,optimal,0.15723191600000064,0.15633600000001024
gnn:supervised,545,tsp10,data/tsp10/instances/test_10n/instance_1303.lp,49,74,0.15,0.0,optimal,0.17125629200000958,0.17103099999999927
internal:relpscost,545,tsp10,data/tsp10/instances/test_10n/instance_241.lp,49,74,0.14,0.0,optimal,0.15560620800002312,0.15474599999998873
gnn:supervised,545,tsp10,data/tsp10/instances/test_10n/instance_241.lp,49,74,0.15,0.0,optimal,0.17063287499999547,0.17046799999999962
internal:relpscost,545,tsp10,data/tsp10/instances/test_10n/instance_361.lp,49,74,0.14,0.0,optimal,0.15372554100000002,0.15339600000001496
gnn:supervised,545,tsp10,data/tsp10/instances/test_10n/instance_361.lp,49,74,0.15,0.0,optimal,0.17171391700000527,0.17145400000001132
internal:relpscost,545,tsp10,data/tsp10/instances/test_10n/instance_1293.lp,49,74,0.14,0.0,optimal,0.15687870900001144,0.1564300000000003
gnn:supervised,545,tsp10,data/tsp10/instances/test_10n/instance_1293.lp,49,74,0.16,0.0,optimal,0.1741890830000159,0.1736669999999947
internal:relpscost,545,tsp10,data/tsp10/instances/test_10n/instance_168.lp,49,74,0.15,0.0,optimal,0.16365400000000818,0.16213400000000888
gnn:supervised,545,tsp10,data/tsp10/instances/test_10n/instance_168.lp,49,74,0.16,0.0,optimal,0.17953162500000985,0.17600899999999342
internal:relpscost,545,tsp10,data/tsp10/instances/test_10n/instance_920.lp,49,74,0.13,0.0,optimal,0.15494999999998527,0.15404800000001728
gnn:supervised,545,tsp10,data/tsp10/instances/test_10n/instance_920.lp,49,74,0.16,0.0,optimal,0.18610608299999853,0.18001999999998475
internal:relpscost,545,tsp10,data/tsp10/instances/test_10n/instance_365.lp,49,74,0.15,0.0,optimal,0.16551208300001008,0.1637749999999869
gnn:supervised,545,tsp10,data/tsp10/instances/test_10n/instance_365.lp,49,74,0.15,0.0,optimal,0.1775494999999978,0.17648399999998787
internal:relpscost,545,tsp10,data/tsp10/instances/test_10n/instance_340.lp,49,74,0.14,0.0,optimal,0.16229712500000915,0.16070199999998636
gnn:supervised,545,tsp10,data/tsp10/instances/test_10n/instance_340.lp,49,74,0.16,0.0,optimal,0.18031629200001476,0.17856499999999187
internal:relpscost,545,tsp10,data/tsp10/instances/test_10n/instance_1729.lp,49,74,0.15,0.0,optimal,0.1618316249999907,0.1605339999999842
gnn:supervised,545,tsp10,data/tsp10/instances/test_10n/instance_1729.lp,49,74,0.15,0.0,optimal,0.17274304199997914,0.17225799999999936
internal:relpscost,545,tsp10,data/tsp10/instances/test_10n/instance_185.lp,49,74,0.14,0.0,optimal,0.15880012499999907,0.15774700000000053
gnn:supervised,545,tsp10,data/tsp10/instances/test_10n/instance_185.lp,49,74,0.16,0.0,optimal,0.17358595899997908,0.17322100000001228
internal:relpscost,545,tsp10,data/tsp10/instances/test_10n/instance_1464.lp,49,74,0.14,0.0,optimal,0.15801895900000318,0.15694799999999987
gnn:supervised,545,tsp10,data/tsp10/instances/test_10n/instance_1464.lp,49,74,0.15,0.0,optimal,0.1703826670000126,0.17026100000001065
internal:relpscost,545,tsp10,data/tsp10/instances/test_10n/instance_493.lp,49,74,0.13,0.0,optimal,0.1563925000000097,0.15552099999999314
gnn:supervised,545,tsp10,data/tsp10/instances/test_10n/instance_493.lp,49,74,0.15,0.0,optimal,0.1710178750000182,0.17088999999998578
internal:relpscost,545,tsp10,data/tsp10/instances/test_10n/instance_394.lp,49,74,0.14,0.0,optimal,0.15991770900001256,0.15884199999999282
gnn:supervised,545,tsp10,data/tsp10/instances/test_10n/instance_394.lp,49,74,0.16,0.0,optimal,0.1792295410000122,0.17689199999998095
internal:relpscost,545,tsp10,data/tsp10/instances/test_10n/instance_151.lp,49,74,0.14,0.0,optimal,0.1566676250000114,0.15620699999999488
gnn:supervised,545,tsp10,data/tsp10/instances/test_10n/instance_151.lp,49,74,0.16,0.0,optimal,0.17472166700000002,0.17437100000000783
internal:relpscost,545,tsp10,data/tsp10/instances/test_10n/instance_602.lp,49,74,0.15,0.0,optimal,0.16183591699999056,0.1606559999999888
gnn:supervised,545,tsp10,data/tsp10/instances/test_10n/instance_602.lp,49,74,0.15,0.0,optimal,0.17202050000000213,0.17176800000001435
internal:relpscost,545,tsp10,data/tsp10/instances/test_10n/instance_879.lp,49,74,0.14,0.0,optimal,0.16194183400000384,0.16075499999999465
gnn:supervised,545,tsp10,data/tsp10/instances/test_10n/instance_879.lp,49,74,0.15,0.0,optimal,0.1749402079999811,0.17448699999999917
internal:relpscost,545,tsp10,data/tsp10/instances/test_10n/instance_1259.lp,49,74,0.14,0.0,optimal,0.15938624999998297,0.15829800000000205
gnn:supervised,545,tsp10,data/tsp10/instances/test_10n/instance_1259.lp,49,74,0.15,0.0,optimal,0.17473320899998157,0.17383599999999433
internal:relpscost,545,tsp10,data/tsp10/instances/test_10n/instance_1796.lp,49,74,0.14,0.0,optimal,0.16242975000000115,0.16111399999999776
gnn:supervised,545,tsp10,data/tsp10/instances/test_10n/instance_1796.lp,49,74,0.16,0.0,optimal,0.1737284590000172,0.17345900000000825
internal:relpscost,545,tsp10,data/tsp10/instances/test_10n/instance_1904.lp,49,74,0.14,0.0,optimal,0.16221649999999954,0.16113999999998896
gnn:supervised,545,tsp10,data/tsp10/instances/test_10n/instance_1904.lp,49,74,0.16,0.0,optimal,0.17114454099998966,0.1709510000000023
internal:relpscost,545,tsp10,data/tsp10/instances/test_10n/instance_1523.lp,49,74,0.14,0.0,optimal,0.15663858400000663,0.15570800000000418
gnn:supervised,545,tsp10,data/tsp10/instances/test_10n/instance_1523.lp,49,74,0.15,0.0,optimal,0.17506400000002031,0.17450099999999225
internal:relpscost,545,tsp10,data/tsp10/instances/test_10n/instance_571.lp,49,74,0.14,0.0,optimal,0.16259450000001152,0.16121899999998845
gnn:supervised,545,tsp10,data/tsp10/instances/test_10n/instance_571.lp,49,74,0.15,0.0,optimal,0.17587858300001358,0.17533199999999738
internal:relpscost,545,tsp10,data/tsp10/instances/test_10n/instance_446.lp,49,74,0.14,0.0,optimal,0.15851679200000035,0.1574720000000127
gnn:supervised,545,tsp10,data/tsp10/instances/test_10n/instance_446.lp,49,74,0.16,0.0,optimal,0.17351916599997708,0.17310299999999756
internal:relpscost,545,tsp10,data/tsp10/instances/test_10n/instance_66.lp,49,74,0.14,0.0,optimal,0.15745708299999706,0.15649399999998082
gnn:supervised,545,tsp10,data/tsp10/instances/test_10n/instance_66.lp,49,74,0.15,0.0,optimal,0.17321487500001354,0.17270000000002028
internal:relpscost,545,tsp10,data/tsp10/instances/test_10n/instance_445.lp,49,74,0.14,0.0,optimal,0.16418383300000983,0.15987899999998945
gnn:supervised,545,tsp10,data/tsp10/instances/test_10n/instance_445.lp,49,74,0.15,0.0,optimal,0.1766724169999918,0.1760500000000036
internal:relpscost,545,tsp10,data/tsp10/instances/test_10n/instance_880.lp,49,74,0.14,0.0,optimal,0.16056712500000003,0.1595389999999952
gnn:supervised,545,tsp10,data/tsp10/instances/test_10n/instance_880.lp,49,74,0.15,0.0,optimal,0.17603641700000594,0.17524000000000228
internal:relpscost,545,tsp10,data/tsp10/instances/test_10n/instance_909.lp,49,74,0.14,0.0,optimal,0.1576436670000021,0.1566699999999912
gnn:supervised,545,tsp10,data/tsp10/instances/test_10n/instance_909.lp,49,74,0.16,0.0,optimal,0.17461850000000823,0.17415600000001064
internal:relpscost,545,tsp10,data/tsp10/instances/test_10n/instance_1884.lp,49,74,0.15,0.0,optimal,0.16483295900002304,0.16324199999999678
gnn:supervised,545,tsp10,data/tsp10/instances/test_10n/instance_1884.lp,49,74,0.16,0.0,optimal,0.17645495799999367,0.17571699999999169
internal:relpscost,545,tsp10,data/tsp10/instances/test_10n/instance_374.lp,49,74,0.14,0.0,optimal,0.16106091599999672,0.15973100000002205
gnn:supervised,545,tsp10,data/tsp10/instances/test_10n/instance_374.lp,49,74,0.16,0.0,optimal,0.17761904200000345,0.1762470000000178
internal:relpscost,545,tsp10,data/tsp10/instances/test_10n/instance_1427.lp,49,74,0.14,0.0,optimal,0.1644011249999835,0.1627459999999985
gnn:supervised,545,tsp10,data/tsp10/instances/test_10n/instance_1427.lp,49,74,0.15,0.0,optimal,0.17131258400002025,0.170613000000003
internal:relpscost,545,tsp10,data/tsp10/instances/test_10n/instance_1370.lp,49,74,0.15,0.0,optimal,0.16471570799998858,0.16254799999998681
gnn:supervised,545,tsp10,data/tsp10/instances/test_10n/instance_1370.lp,49,74,0.16,0.0,optimal,0.1767064160000018,0.1756770000000074
internal:relpscost,545,tsp10,data/tsp10/instances/test_10n/instance_1082.lp,49,74,0.14,0.0,optimal,0.15861466699999482,0.15730899999999792
gnn:supervised,545,tsp10,data/tsp10/instances/test_10n/instance_1082.lp,49,74,0.16,0.0,optimal,0.17454466700002058,0.17383799999998928
internal:relpscost,545,tsp10,data/tsp10/instances/test_10n/instance_1946.lp,49,74,0.15,0.0,optimal,0.1712361659999999,0.16580300000001102
gnn:supervised,545,tsp10,data/tsp10/instances/test_10n/instance_1946.lp,49,74,0.15,0.0,optimal,0.17683716700000218,0.17601900000002502
internal:relpscost,545,tsp10,data/tsp10/instances/test_10n/instance_1551.lp,49,74,0.14,0.0,optimal,0.1631074999999953,0.1613360000000057
gnn:supervised,545,tsp10,data/tsp10/instances/test_10n/instance_1551.lp,49,74,0.15,0.0,optimal,0.1769307499999968,0.17561699999998837
internal:relpscost,545,tsp10,data/tsp10/instances/test_10n/instance_1267.lp,49,74,0.14,0.0,optimal,0.16491275000001338,0.1630269999999996
gnn:supervised,545,tsp10,data/tsp10/instances/test_10n/instance_1267.lp,49,74,0.16,0.0,optimal,0.17556520799999475,0.17468400000001338
internal:relpscost,545,tsp10,data/tsp10/instances/test_10n/instance_207.lp,49,74,0.15,0.0,optimal,0.16301037499999893,0.1617740000000083
gnn:supervised,545,tsp10,data/tsp10/instances/test_10n/instance_207.lp,49,74,0.16,0.0,optimal,0.17829445799998211,0.17737099999999373
internal:relpscost,545,tsp10,data/tsp10/instances/test_10n/instance_1657.lp,49,74,0.15,0.0,optimal,0.15970149999998284,0.15850899999998092
gnn:supervised,545,tsp10,data/tsp10/instances/test_10n/instance_1657.lp,49,74,0.16,0.0,optimal,0.1776446670000098,0.17652900000001637
internal:relpscost,545,tsp10,data/tsp10/instances/test_10n/instance_851.lp,49,74,0.14,0.0,optimal,0.1582512500000064,0.15720699999999965
gnn:supervised,545,tsp10,data/tsp10/instances/test_10n/instance_851.lp,49,74,0.15,0.0,optimal,0.1730507079999768,0.17276300000000333
internal:relpscost,545,tsp10,data/tsp10/instances/test_10n/instance_1437.lp,49,74,0.14,0.0,optimal,0.16238770900000077,0.16036900000000287
gnn:supervised,545,tsp10,data/tsp10/instances/test_10n/instance_1437.lp,49,74,0.15,0.0,optimal,0.17563616600000387,0.1746440000000007
internal:relpscost,545,tsp10,data/tsp10/instances/test_10n/instance_1217.lp,49,74,0.14,0.0,optimal,0.16356087500000172,0.1620360000000005
gnn:supervised,545,tsp10,data/tsp10/instances/test_10n/instance_1217.lp,49,74,0.15,0.0,optimal,0.1741357920000155,0.17366300000000479
internal:relpscost,545,tsp10,data/tsp10/instances/test_10n/instance_724.lp,49,74,0.14,0.0,optimal,0.16494449999999006,0.16294199999998682
gnn:supervised,545,tsp10,data/tsp10/instances/test_10n/instance_724.lp,49,74,0.16,0.0,optimal,0.17848054199998842,0.17753700000000094
internal:relpscost,545,tsp10,data/tsp10/instances/test_10n/instance_564.lp,49,74,0.15,0.0,optimal,0.1627411249999966,0.16136099999999942
gnn:supervised,545,tsp10,data/tsp10/instances/test_10n/instance_564.lp,49,74,0.16,0.0,optimal,0.17673045899999806,0.17590400000000272
internal:relpscost,545,tsp10,data/tsp10/instances/test_10n/instance_450.lp,49,74,0.15,0.0,optimal,0.16289774999998485,0.1617220000000259
gnn:supervised,545,tsp10,data/tsp10/instances/test_10n/instance_450.lp,49,74,0.16,0.0,optimal,0.17781708300000787,0.1766619999999932
internal:relpscost,545,tsp10,data/tsp10/instances/test_10n/instance_521.lp,49,74,0.14,0.0,optimal,0.15873183299999027,0.15761100000000283
gnn:supervised,545,tsp10,data/tsp10/instances/test_10n/instance_521.lp,49,74,0.16,0.0,optimal,0.1746981670000025,0.17395799999999895
internal:relpscost,545,tsp10,data/tsp10/instances/test_10n/instance_1071.lp,49,74,0.14,0.0,optimal,0.15940195799998946,0.15807699999999159
gnn:supervised,545,tsp10,data/tsp10/instances/test_10n/instance_1071.lp,49,74,0.16,0.0,optimal,0.17700512499999377,0.17518899999998894
internal:relpscost,545,tsp10,data/tsp10/instances/test_10n/instance_293.lp,49,74,0.14,0.0,optimal,0.16013091599998575,0.15887200000000234
gnn:supervised,545,tsp10,data/tsp10/instances/test_10n/instance_293.lp,49,74,0.15,0.0,optimal,0.1771004580000124,0.1757679999999766
internal:relpscost,545,tsp10,data/tsp10/instances/test_10n/instance_755.lp,49,74,0.14,0.0,optimal,0.16201854199999843,0.160254000000009
gnn:supervised,545,tsp10,data/tsp10/instances/test_10n/instance_755.lp,49,74,0.15,0.0,optimal,0.17487766700000407,0.17423400000001266
internal:relpscost,545,tsp10,data/tsp10/instances/test_10n/instance_512.lp,49,74,0.14,0.0,optimal,0.1578662500000121,0.15680000000000405
gnn:supervised,545,tsp10,data/tsp10/instances/test_10n/instance_512.lp,49,74,0.16,0.0,optimal,0.17485487499999408,0.1741090000000156
internal:relpscost,545,tsp10,data/tsp10/instances/test_10n/instance_572.lp,49,74,0.15,0.0,optimal,0.16145091700002467,0.16012899999998353
gnn:supervised,545,tsp10,data/tsp10/instances/test_10n/instance_572.lp,49,74,0.16,0.0,optimal,0.17794299999999907,0.17645799999999667
internal:relpscost,545,tsp10,data/tsp10/instances/test_10n/instance_25.lp,49,74,0.15,0.0,optimal,0.16307591599999682,0.16159100000001558
gnn:supervised,545,tsp10,data/tsp10/instances/test_10n/instance_25.lp,49,74,0.16,0.0,optimal,0.1803477920000205,0.1785470000000089
internal:relpscost,545,tsp10,data/tsp10/instances/test_10n/instance_1514.lp,49,74,0.14,0.0,optimal,0.16218745899999476,0.16080500000001052
gnn:supervised,545,tsp10,data/tsp10/instances/test_10n/instance_1514.lp,49,74,0.15,0.0,optimal,0.17640124999999784,0.17534699999998793
internal:relpscost,545,tsp10,data/tsp10/instances/test_10n/instance_1925.lp,49,74,0.15,0.0,optimal,0.16554354199999466,0.16337599999999952
gnn:supervised,545,tsp10,data/tsp10/instances/test_10n/instance_1925.lp,49,74,0.16,0.0,optimal,0.1765773749999937,0.17546299999997927
internal:relpscost,545,tsp10,data/tsp10/instances/test_10n/instance_778.lp,49,74,0.15,0.0,optimal,0.16283012499999927,0.16145199999999704
gnn:supervised,545,tsp10,data/tsp10/instances/test_10n/instance_778.lp,49,74,0.16,0.0,optimal,0.17826629199998933,0.17694399999999177
internal:relpscost,545,tsp10,data/tsp10/instances/test_10n/instance_670.lp,49,74,0.14,0.0,optimal,0.15982920799999079,0.15928799999997523
gnn:supervised,545,tsp10,data/tsp10/instances/test_10n/instance_670.lp,49,74,0.16,0.0,optimal,0.17257587500000682,0.1717559999999878
internal:relpscost,545,tsp10,data/tsp10/instances/test_10n/instance_1351.lp,49,74,0.15,0.0,optimal,0.16226983399999995,0.1606920000000116
gnn:supervised,545,tsp10,data/tsp10/instances/test_10n/instance_1351.lp,49,74,0.16,0.0,optimal,0.17610245800000257,0.17533800000001065
internal:relpscost,545,tsp10,data/tsp10/instances/test_10n/instance_695.lp,49,74,0.14,0.0,optimal,0.16186091599999486,0.160000000000025
gnn:supervised,545,tsp10,data/tsp10/instances/test_10n/instance_695.lp,49,74,0.15,0.0,optimal,0.17384975000001646,0.17319200000000023
internal:relpscost,545,tsp10,data/tsp10/instances/test_10n/instance_463.lp,49,74,0.14,0.0,optimal,0.16146987499999454,0.16055900000000634
gnn:supervised,545,tsp10,data/tsp10/instances/test_10n/instance_463.lp,49,74,0.15,0.0,optimal,0.17477537499999585,0.17389699999998243
internal:relpscost,545,tsp10,data/tsp10/instances/test_10n/instance_35.lp,49,74,0.14,0.0,optimal,0.16433291699999586,0.16260400000001596
gnn:supervised,545,tsp10,data/tsp10/instances/test_10n/instance_35.lp,49,74,0.16,0.0,optimal,0.17641337500000986,0.1755070000000103
internal:relpscost,545,tsp10,data/tsp10/instances/test_10n/instance_1335.lp,49,74,0.14,0.0,optimal,0.15984112500001402,0.1586719999999957
gnn:supervised,545,tsp10,data/tsp10/instances/test_10n/instance_1335.lp,49,74,0.15,0.0,optimal,0.17374787500000366,0.17305999999999244
internal:relpscost,545,tsp10,data/tsp10/instances/test_10n/instance_305.lp,49,74,0.14,0.0,optimal,0.15613941700001988,0.155729000000008
gnn:supervised,545,tsp10,data/tsp10/instances/test_10n/instance_305.lp,49,74,0.15,0.0,optimal,0.17082804099999294,0.1706570000000056
internal:relpscost,545,tsp10,data/tsp10/instances/test_10n/instance_885.lp,49,74,0.14,0.0,optimal,0.1557130830000233,0.15476400000000012
gnn:supervised,545,tsp10,data/tsp10/instances/test_10n/instance_885.lp,49,74,0.16,0.0,optimal,0.1735020840000061,0.17301199999999994
internal:relpscost,545,tsp10,data/tsp10/instances/test_10n/instance_431.lp,49,74,0.14,0.0,optimal,0.16265383299997893,0.16112700000002178
gnn:supervised,545,tsp10,data/tsp10/instances/test_10n/instance_431.lp,49,74,0.16,0.0,optimal,0.1750895839999771,0.17451299999999037
internal:relpscost,545,tsp10,data/tsp10/instances/test_10n/instance_1960.lp,49,74,0.14,0.0,optimal,0.16011724999998478,0.159575000000018
gnn:supervised,545,tsp10,data/tsp10/instances/test_10n/instance_1960.lp,49,74,0.16,0.0,optimal,0.17629766699997163,0.17552700000001664
internal:relpscost,545,tsp10,data/tsp10/instances/test_10n/instance_842.lp,49,74,0.14,0.0,optimal,0.16037220900000193,0.15815399999999613
gnn:supervised,545,tsp10,data/tsp10/instances/test_10n/instance_842.lp,49,74,0.15,0.0,optimal,0.1742172079999591,0.17384300000000508
internal:relpscost,545,tsp10,data/tsp10/instances/test_10n/instance_91.lp,49,74,0.14,0.0,optimal,0.16461070900004415,0.1610979999999813
gnn:supervised,545,tsp10,data/tsp10/instances/test_10n/instance_91.lp,49,74,0.16,0.0,optimal,0.1760416249999821,0.17502700000000004
internal:relpscost,545,tsp10,data/tsp10/instances/test_10n/instance_1553.lp,49,74,0.14,0.0,optimal,0.16018870900001048,0.1595489999999984
gnn:supervised,545,tsp10,data/tsp10/instances/test_10n/instance_1553.lp,49,74,0.16,0.0,optimal,0.17522420799997462,0.17453100000000177
internal:relpscost,545,tsp10,data/tsp10/instances/test_10n/instance_1151.lp,49,74,0.14,0.0,optimal,0.15679379199997356,0.15580199999999422
gnn:supervised,545,tsp10,data/tsp10/instances/test_10n/instance_1151.lp,49,74,0.15,0.0,optimal,0.17168345800001816,0.17151399999997352
internal:relpscost,545,tsp10,data/tsp10/instances/test_10n/instance_982.lp,49,74,0.14,0.0,optimal,0.15625266699998974,0.15529900000001362
gnn:supervised,545,tsp10,data/tsp10/instances/test_10n/instance_982.lp,49,74,0.16,0.0,optimal,0.173085374999971,0.17270200000001523
internal:relpscost,545,tsp10,data/tsp10/instances/test_10n/instance_704.lp,49,74,0.14,0.0,optimal,0.16071399999998448,0.16009100000002263
gnn:supervised,545,tsp10,data/tsp10/instances/test_10n/instance_704.lp,49,74,0.15,0.0,optimal,0.1787571659999685,0.17501600000002782
internal:relpscost,545,tsp10,data/tsp10/instances/test_10n/instance_352.lp,49,74,0.14,0.0,optimal,0.1556001669999887,0.1546809999999823
gnn:supervised,545,tsp10,data/tsp10/instances/test_10n/instance_352.lp,49,74,0.16,0.0,optimal,0.1718525830000317,0.17160999999998694
internal:relpscost,545,tsp10,data/tsp10/instances/test_10n/instance_1539.lp,49,74,0.14,0.0,optimal,0.15846629100002474,0.1573219999999651
gnn:supervised,545,tsp10,data/tsp10/instances/test_10n/instance_1539.lp,49,74,0.15,0.0,optimal,0.1710738749999905,0.17094100000002754
internal:relpscost,545,tsp10,data/tsp10/instances/test_10n/instance_1437.lp,49,74,0.14,0.0,optimal,0.15500583400000778,0.15472599999998238
gnn:supervised,545,tsp10,data/tsp10/instances/test_10n/instance_1437.lp,49,74,0.15,0.0,optimal,0.17110879200004092,0.17083900000000085
internal:relpscost,545,tsp10,data/tsp10/instances/test_10n/instance_1319.lp,49,74,0.15,0.0,optimal,0.1598093750000089,0.15856899999999996
gnn:supervised,545,tsp10,data/tsp10/instances/test_10n/instance_1319.lp,49,74,0.16,0.0,optimal,0.18361091700000998,0.17774300000002086
internal:relpscost,545,tsp10,data/tsp10/instances/test_10n/instance_272.lp,49,74,0.15,0.0,optimal,0.16125579200001994,0.16003800000004276
gnn:supervised,545,tsp10,data/tsp10/instances/test_10n/instance_272.lp,49,74,0.16,0.0,optimal,0.17505841700000246,0.17454300000002831
internal:relpscost,545,tsp10,data/tsp10/instances/test_10n/instance_400.lp,49,74,0.14,0.0,optimal,0.1591280000000097,0.15855499999997846
gnn:supervised,545,tsp10,data/tsp10/instances/test_10n/instance_400.lp,49,74,0.16,0.0,optimal,0.1762365839999802,0.17577799999997978
internal:relpscost,545,tsp10,data/tsp10/instances/test_10n/instance_1060.lp,49,74,0.15,0.0,optimal,0.16214612499999248,0.1609109999999987
gnn:supervised,545,tsp10,data/tsp10/instances/test_10n/instance_1060.lp,49,74,0.15,0.0,optimal,0.17262633299998242,0.1723559999999793
internal:relpscost,545,tsp10,data/tsp10/instances/test_10n/instance_402.lp,49,74,0.14,0.0,optimal,0.15651720799996838,0.155475000000024
gnn:supervised,545,tsp10,data/tsp10/instances/test_10n/instance_402.lp,49,74,0.16,0.0,optimal,0.17011166700001468,0.16998499999999694
internal:relpscost,545,tsp10,data/tsp10/instances/test_10n/instance_748.lp,49,74,0.14,0.0,optimal,0.15636516699998992,0.1560000000000059
gnn:supervised,545,tsp10,data/tsp10/instances/test_10n/instance_748.lp,49,74,0.16,0.0,optimal,0.17459616599995798,0.1742089999999621
internal:relpscost,545,tsp10,data/tsp10/instances/test_10n/instance_1430.lp,49,74,0.15,0.0,optimal,0.16201379099999258,0.16081400000001622
gnn:supervised,545,tsp10,data/tsp10/instances/test_10n/instance_1430.lp,49,74,0.16,0.0,optimal,0.17561050000000478,0.17478099999999586
internal:relpscost,545,tsp10,data/tsp10/instances/test_10n/instance_1947.lp,49,74,0.15,0.0,optimal,0.16290004199998975,0.16116199999999026
gnn:supervised,545,tsp10,data/tsp10/instances/test_10n/instance_1947.lp,49,74,0.16,0.0,optimal,0.18624341700001423,0.17785199999997303
internal:relpscost,545,tsp10,data/tsp10/instances/test_10n/instance_253.lp,49,74,0.13,0.0,optimal,0.1543146249999836,0.1539760000000001
gnn:supervised,545,tsp10,data/tsp10/instances/test_10n/instance_253.lp,49,74,0.16,0.0,optimal,0.17580237500004614,0.17452400000001944
internal:relpscost,545,tsp10,data/tsp10/instances/test_10n/instance_1833.lp,49,74,0.15,0.0,optimal,0.16514883299998928,0.1633239999999887
gnn:supervised,545,tsp10,data/tsp10/instances/test_10n/instance_1833.lp,49,74,0.16,0.0,optimal,0.17330762500000674,0.17276000000003933
internal:relpscost,545,tsp10,data/tsp10/instances/test_10n/instance_1761.lp,49,74,0.15,0.0,optimal,0.16383770900000627,0.16227500000002237
gnn:supervised,545,tsp10,data/tsp10/instances/test_10n/instance_1761.lp,49,74,0.16,0.0,optimal,0.17642691700001478,0.17578299999996716
internal:relpscost,545,tsp10,data/tsp10/instances/test_10n/instance_1840.lp,49,74,0.14,0.0,optimal,0.16025020900002573,0.15896699999996144
gnn:supervised,545,tsp10,data/tsp10/instances/test_10n/instance_1840.lp,49,74,0.16,0.0,optimal,0.17516266699999505,0.17461299999996527
internal:relpscost,545,tsp10,data/tsp10/instances/test_10n/instance_1562.lp,49,74,0.14,0.0,optimal,0.15978120799996987,0.15839399999998705
gnn:supervised,545,tsp10,data/tsp10/instances/test_10n/instance_1562.lp,49,74,0.15,0.0,optimal,0.17508358300000282,0.17465600000002723
internal:relpscost,545,tsp10,data/tsp10/instances/test_10n/instance_1274.lp,49,74,0.14,0.0,optimal,0.15746516699999802,0.15651200000002063
gnn:supervised,545,tsp10,data/tsp10/instances/test_10n/instance_1274.lp,49,74,0.16,0.0,optimal,0.17240129099997148,0.17184300000002395
internal:relpscost,545,tsp10,data/tsp10/instances/test_10n/instance_1066.lp,49,74,0.14,0.0,optimal,0.1599120420000304,0.15848000000005413
gnn:supervised,545,tsp10,data/tsp10/instances/test_10n/instance_1066.lp,49,74,0.16,0.0,optimal,0.1774719169999912,0.17643599999996695
internal:relpscost,545,tsp10,data/tsp10/instances/test_10n/instance_1227.lp,49,74,0.15,0.0,optimal,0.16249487499999304,0.1610689999999977
gnn:supervised,545,tsp10,data/tsp10/instances/test_10n/instance_1227.lp,49,74,0.15,0.0,optimal,0.1721185000000105,0.17159699999996292
internal:relpscost,545,tsp10,data/tsp10/instances/test_10n/instance_796.lp,49,74,0.14,0.0,optimal,0.159404875000007,0.15732900000000427
gnn:supervised,545,tsp10,data/tsp10/instances/test_10n/instance_796.lp,49,74,0.16,0.0,optimal,0.1706976670000131,0.17052799999999024
internal:relpscost,545,tsp10,data/tsp10/instances/test_10n/instance_191.lp,49,74,0.14,0.0,optimal,0.157034499999952,0.15611699999999473
gnn:supervised,545,tsp10,data/tsp10/instances/test_10n/instance_191.lp,49,74,0.16,0.0,optimal,0.1709917079999741,0.1707049999999981
internal:relpscost,545,tsp10,data/tsp10/instances/test_10n/instance_1520.lp,49,74,0.14,0.0,optimal,0.15550441699997464,0.1545449999999846
gnn:supervised,545,tsp10,data/tsp10/instances/test_10n/instance_1520.lp,49,74,0.16,0.0,optimal,0.1687650000000076,0.16866199999998344
internal:relpscost,545,tsp10,data/tsp10/instances/test_10n/instance_1621.lp,49,74,0.14,0.0,optimal,0.15595812499998374,0.15495599999997012
gnn:supervised,545,tsp10,data/tsp10/instances/test_10n/instance_1621.lp,49,74,0.16,0.0,optimal,0.17048387500000217,0.1702940000000126
internal:relpscost,545,tsp10,data/tsp10/instances/test_10n/instance_1491.lp,49,74,0.14,0.0,optimal,0.1566887500000007,0.15574000000003707
gnn:supervised,545,tsp10,data/tsp10/instances/test_10n/instance_1491.lp,49,74,0.16,0.0,optimal,0.17436179099996707,0.17395399999998062
internal:relpscost,545,tsp10,data/tsp10/instances/test_10n/instance_1745.lp,49,74,0.14,0.0,optimal,0.1592991250000182,0.15826300000003357
gnn:supervised,545,tsp10,data/tsp10/instances/test_10n/instance_1745.lp,49,74,0.16,0.0,optimal,0.1781819160000282,0.1770530000000008
internal:relpscost,545,tsp10,data/tsp10/instances/test_10n/instance_989.lp,49,74,0.14,0.0,optimal,0.15921841699997685,0.15807899999998654
gnn:supervised,545,tsp10,data/tsp10/instances/test_10n/instance_989.lp,49,74,0.15,0.0,optimal,0.17152008300001853,0.17124999999998636
internal:relpscost,545,tsp10,data/tsp10/instances/test_10n/instance_1252.lp,49,74,0.14,0.0,optimal,0.15797470799998337,0.15691400000002886
gnn:supervised,545,tsp10,data/tsp10/instances/test_10n/instance_1252.lp,49,74,0.16,0.0,optimal,0.17445412500001112,0.17414999999999736
internal:relpscost,545,tsp10,data/tsp10/instances/test_10n/instance_1903.lp,49,74,0.14,0.0,optimal,0.158039040999995,0.1569250000000011
gnn:supervised,545,tsp10,data/tsp10/instances/test_10n/instance_1903.lp,49,74,0.15,0.0,optimal,0.1718438340000148,0.1716030000000046
internal:relpscost,545,tsp10,data/tsp10/instances/test_10n/instance_961.lp,49,74,0.14,0.0,optimal,0.1583888750000142,0.15801500000003443
gnn:supervised,545,tsp10,data/tsp10/instances/test_10n/instance_961.lp,49,74,0.15,0.0,optimal,0.16970695800000613,0.16948499999995192
internal:relpscost,545,tsp10,data/tsp10/instances/test_10n/instance_564.lp,49,74,0.14,0.0,optimal,0.15827833299999838,0.15797100000003184
gnn:supervised,545,tsp10,data/tsp10/instances/test_10n/instance_564.lp,49,74,0.16,0.0,optimal,0.1740404999999896,0.17372399999999288
internal:relpscost,545,tsp10,data/tsp10/instances/test_10n/instance_312.lp,49,74,0.14,0.0,optimal,0.1585732089999965,0.15728100000001177
gnn:supervised,545,tsp10,data/tsp10/instances/test_10n/instance_312.lp,49,74,0.15,0.0,optimal,0.17100866599997744,0.17086000000000467
internal:relpscost,545,tsp10,data/tsp10/instances/test_10n/instance_860.lp,49,74,0.14,0.0,optimal,0.1620118330000082,0.16095199999995202
gnn:supervised,545,tsp10,data/tsp10/instances/test_10n/instance_860.lp,49,74,0.15,0.0,optimal,0.17652562500001068,0.17589999999995598
internal:relpscost,545,tsp10,data/tsp10/instances/test_10n/instance_1659.lp,49,74,0.14,0.0,optimal,0.15886266699999396,0.15784000000002152
gnn:supervised,545,tsp10,data/tsp10/instances/test_10n/instance_1659.lp,49,74,0.16,0.0,optimal,0.17244962500001293,0.17222000000003845
internal:relpscost,545,tsp10,data/tsp10/instances/test_10n/instance_926.lp,49,74,0.15,0.0,optimal,0.1598645410000472,0.15874600000000783
gnn:supervised,545,tsp10,data/tsp10/instances/test_10n/instance_926.lp,49,74,0.15,0.0,optimal,0.17227829199998723,0.17182900000000245
internal:relpscost,545,tsp10,data/tsp10/instances/test_10n/instance_151.lp,49,74,0.14,0.0,optimal,0.1590207500000247,0.15867500000001655
gnn:supervised,545,tsp10,data/tsp10/instances/test_10n/instance_151.lp,49,74,0.16,0.0,optimal,0.1717310829999974,0.17103099999997085
internal:relpscost,545,tsp10,data/tsp10/instances/test_10n/instance_254.lp,49,74,0.14,0.0,optimal,0.15536920800002463,0.15447900000003756
gnn:supervised,545,tsp10,data/tsp10/instances/test_10n/instance_254.lp,49,74,0.15,0.0,optimal,0.17117712500004245,0.17092399999995678
internal:relpscost,545,tsp10,data/tsp10/instances/test_10n/instance_1030.lp,49,74,0.14,0.0,optimal,0.15939670900002056,0.15771599999999353
gnn:supervised,545,tsp10,data/tsp10/instances/test_10n/instance_1030.lp,49,74,0.16,0.0,optimal,0.17619037500003287,0.1754439999999704
internal:relpscost,545,tsp10,data/tsp10/instances/test_10n/instance_92.lp,49,74,0.14,0.0,optimal,0.1619730840000102,0.16070300000001225
gnn:supervised,545,tsp10,data/tsp10/instances/test_10n/instance_92.lp,49,74,0.15,0.0,optimal,0.1710469579999767,0.17085099999997055
internal:relpscost,545,tsp10,data/tsp10/instances/test_10n/instance_96.lp,49,74,0.14,0.0,optimal,0.1597629999999981,0.15866299999999
gnn:supervised,545,tsp10,data/tsp10/instances/test_10n/instance_96.lp,49,74,0.16,0.0,optimal,0.17444725000001426,0.17381199999999808
internal:relpscost,545,tsp10,data/tsp10/instances/test_10n/instance_1402.lp,49,74,0.15,0.0,optimal,0.16181275000002415,0.16092199999997092
gnn:supervised,545,tsp10,data/tsp10/instances/test_10n/instance_1402.lp,49,74,0.16,0.0,optimal,0.17498033399999713,0.17444499999999152
internal:relpscost,545,tsp10,data/tsp10/instances/test_10n/instance_725.lp,49,74,0.15,0.0,optimal,0.1608710409999503,0.15947699999998122
gnn:supervised,545,tsp10,data/tsp10/instances/test_10n/instance_725.lp,49,74,0.16,0.0,optimal,0.1736817909999786,0.17316799999997556
internal:relpscost,545,tsp10,data/tsp10/instances/test_10n/instance_1633.lp,49,74,0.14,0.0,optimal,0.15981770899998082,0.15841199999999844
gnn:supervised,545,tsp10,data/tsp10/instances/test_10n/instance_1633.lp,49,74,0.15,0.0,optimal,0.17583154199996898,0.1752499999999486
internal:relpscost,545,tsp10,data/tsp10/instances/test_10n/instance_1098.lp,49,74,0.14,0.0,optimal,0.1597520839999902,0.15859600000004548
gnn:supervised,545,tsp10,data/tsp10/instances/test_10n/instance_1098.lp,49,74,0.15,0.0,optimal,0.17536058299998558,0.17461900000000696
internal:relpscost,545,tsp10,data/tsp10/instances/test_10n/instance_599.lp,49,74,0.14,0.0,optimal,0.1617519170000037,0.160349999999994
gnn:supervised,545,tsp10,data/tsp10/instances/test_10n/instance_599.lp,49,74,0.16,0.0,optimal,0.17441862499998706,0.17373500000002196
internal:relpscost,545,tsp10,data/tsp10/instances/test_10n/instance_1368.lp,49,74,0.14,0.0,optimal,0.16329362499999434,0.1596490000000017
gnn:supervised,545,tsp10,data/tsp10/instances/test_10n/instance_1368.lp,49,74,0.16,0.0,optimal,0.1755431660000113,0.17517899999995734
internal:relpscost,545,tsp10,data/tsp10/instances/test_10n/instance_599.lp,49,74,0.15,0.0,optimal,0.1604152500000282,0.15986199999997552
gnn:supervised,545,tsp10,data/tsp10/instances/test_10n/instance_599.lp,49,74,0.16,0.0,optimal,0.1772651660000406,0.17654299999998102
internal:relpscost,545,tsp10,data/tsp10/instances/test_10n/instance_1858.lp,49,74,0.15,0.0,optimal,0.16121399999997266,0.16055000000000064
gnn:supervised,545,tsp10,data/tsp10/instances/test_10n/instance_1858.lp,49,74,0.16,0.0,optimal,0.17442474999995738,0.17377800000002708
internal:relpscost,545,tsp10,data/tsp10/instances/test_10n/instance_805.lp,49,74,0.15,0.0,optimal,0.16155374999999594,0.16014300000000503
gnn:supervised,545,tsp10,data/tsp10/instances/test_10n/instance_805.lp,49,74,0.16,0.0,optimal,0.17563708300002645,0.1749929999999722
internal:relpscost,545,tsp10,data/tsp10/instances/test_10n/instance_1841.lp,49,74,0.14,0.0,optimal,0.15805387500000734,0.1568849999999884
gnn:supervised,545,tsp10,data/tsp10/instances/test_10n/instance_1841.lp,49,74,0.15,0.0,optimal,0.1724723749999839,0.17220999999995001
internal:relpscost,545,tsp10,data/tsp10/instances/test_10n/instance_1177.lp,49,74,0.13,0.0,optimal,0.15657004100000904,0.15560799999997244
gnn:supervised,545,tsp10,data/tsp10/instances/test_10n/instance_1177.lp,49,74,0.16,0.0,optimal,0.1760455410000077,0.1748649999999543
internal:relpscost,545,tsp10,data/tsp10/instances/test_10n/instance_161.lp,49,74,0.14,0.0,optimal,0.16021633300005078,0.15872799999999643
gnn:supervised,545,tsp10,data/tsp10/instances/test_10n/instance_161.lp,49,74,0.16,0.0,optimal,0.1774740839999822,0.17637600000000475
internal:relpscost,545,tsp10,data/tsp10/instances/test_10n/instance_982.lp,49,74,0.14,0.0,optimal,0.16076658299999735,0.1599689999999896
gnn:supervised,545,tsp10,data/tsp10/instances/test_10n/instance_982.lp,49,74,0.16,0.0,optimal,0.17550295899997082,0.1745610000000397
internal:relpscost,545,tsp10,data/tsp10/instances/test_10n/instance_997.lp,49,74,0.14,0.0,optimal,0.16283470799999122,0.16130900000001702
gnn:supervised,545,tsp10,data/tsp10/instances/test_10n/instance_997.lp,49,74,0.16,0.0,optimal,0.17619775000002846,0.17538900000005242
internal:relpscost,545,tsp10,data/tsp10/instances/test_10n/instance_1471.lp,49,74,0.14,0.0,optimal,0.1605021670000042,0.15982300000001715
gnn:supervised,545,tsp10,data/tsp10/instances/test_10n/instance_1471.lp,49,74,0.16,0.0,optimal,0.17840654200000472,0.1771889999999985
internal:relpscost,545,tsp10,data/tsp10/instances/test_10n/instance_1465.lp,49,74,0.15,0.0,optimal,0.16194479199998568,0.16053400000004103
gnn:supervised,545,tsp10,data/tsp10/instances/test_10n/instance_1465.lp,49,74,0.16,0.0,optimal,0.17605620800003408,0.1739689999999996
internal:relpscost,545,tsp10,data/tsp10/instances/test_10n/instance_340.lp,49,74,0.14,0.0,optimal,0.15992904199998748,0.15944200000001274
gnn:supervised,545,tsp10,data/tsp10/instances/test_10n/instance_340.lp,49,74,0.16,0.0,optimal,0.17620037500000763,0.17556700000000092
internal:relpscost,545,tsp10,data/tsp10/instances/test_10n/instance_1255.lp,49,74,0.14,0.0,optimal,0.15549491699999862,0.15460100000001376
gnn:supervised,545,tsp10,data/tsp10/instances/test_10n/instance_1255.lp,49,74,0.16,0.0,optimal,0.17130241600000318,0.17102999999997337
internal:relpscost,545,tsp10,data/tsp10/instances/test_10n/instance_1088.lp,49,74,0.14,0.0,optimal,0.15865462499999694,0.15740399999998544
gnn:supervised,545,tsp10,data/tsp10/instances/test_10n/instance_1088.lp,49,74,0.15,0.0,optimal,0.17388091699996266,0.17323499999997694
internal:relpscost,545,tsp10,data/tsp10/instances/test_10n/instance_502.lp,49,74,0.14,0.0,optimal,0.1607869169999958,0.15969200000000683
gnn:supervised,545,tsp10,data/tsp10/instances/test_10n/instance_502.lp,49,74,0.16,0.0,optimal,0.17115758300002426,0.17093999999997322
internal:relpscost,545,tsp10,data/tsp10/instances/test_10n/instance_454.lp,49,74,0.14,0.0,optimal,0.1544451249999952,0.15358399999996664
gnn:supervised,545,tsp10,data/tsp10/instances/test_10n/instance_454.lp,49,74,0.16,0.0,optimal,0.171292416999961,0.1711639999999761
internal:relpscost,545,tsp10,data/tsp10/instances/test_10n/instance_1050.lp,49,74,0.14,0.0,optimal,0.15557175000003554,0.154658999999981
gnn:supervised,545,tsp10,data/tsp10/instances/test_10n/instance_1050.lp,49,74,0.16,0.0,optimal,0.17019850000002634,0.16997499999996535
internal:relpscost,545,tsp10,data/tsp10/instances/test_10n/instance_1959.lp,49,74,0.14,0.0,optimal,0.15722995799995942,0.15554600000001528
gnn:supervised,545,tsp10,data/tsp10/instances/test_10n/instance_1959.lp,49,74,0.16,0.0,optimal,0.1744484999999827,0.1740740000000187
internal:relpscost,545,tsp10,data/tsp10/instances/test_10n/instance_1867.lp,49,74,0.14,0.0,optimal,0.1621038750000139,0.16128600000001825
gnn:supervised,545,tsp10,data/tsp10/instances/test_10n/instance_1867.lp,49,74,0.16,0.0,optimal,0.18206062499996278,0.17686400000002322
internal:relpscost,545,tsp10,data/tsp10/instances/test_10n/instance_1576.lp,49,74,0.14,0.0,optimal,0.15790712499995152,0.15687400000001617
gnn:supervised,545,tsp10,data/tsp10/instances/test_10n/instance_1576.lp,49,74,0.15,0.0,optimal,0.16994150000004993,0.1696730000000457
internal:relpscost,545,tsp10,data/tsp10/instances/test_10n/instance_1773.lp,49,74,0.14,0.0,optimal,0.1610704590000296,0.1600090000000023
gnn:supervised,545,tsp10,data/tsp10/instances/test_10n/instance_1773.lp,49,74,0.16,0.0,optimal,0.17811766700003773,0.17750900000004322
internal:relpscost,545,tsp10,data/tsp10/instances/test_10n/instance_1167.lp,49,74,0.14,0.0,optimal,0.1584130829999708,0.1580849999999714
gnn:supervised,545,tsp10,data/tsp10/instances/test_10n/instance_1167.lp,49,74,0.15,0.0,optimal,0.16940049999999474,0.16924099999999953
internal:relpscost,545,tsp10,data/tsp10/instances/test_10n/instance_943.lp,49,74,0.14,0.0,optimal,0.15727408300000434,0.15627299999999877
gnn:supervised,545,tsp10,data/tsp10/instances/test_10n/instance_943.lp,49,74,0.15,0.0,optimal,0.1734632920000081,0.173136999999997
internal:relpscost,545,tsp10,data/tsp10/instances/test_10n/instance_1085.lp,49,74,0.14,0.0,optimal,0.1579665830000181,0.1576409999999555
gnn:supervised,545,tsp10,data/tsp10/instances/test_10n/instance_1085.lp,49,74,0.16,0.0,optimal,0.170188875000008,0.16995200000002342
internal:relpscost,545,tsp10,data/tsp10/instances/test_10n/instance_379.lp,49,74,0.14,0.0,optimal,0.1587255410000239,0.15769200000005412
gnn:supervised,545,tsp10,data/tsp10/instances/test_10n/instance_379.lp,49,74,0.15,0.0,optimal,0.17212575000002062,0.17196000000001277
internal:relpscost,545,tsp10,data/tsp10/instances/test_10n/instance_534.lp,49,74,0.14,0.0,optimal,0.15421574999999166,0.15396899999996094
gnn:supervised,545,tsp10,data/tsp10/instances/test_10n/instance_534.lp,49,74,0.15,0.0,optimal,0.17177395900000647,0.17148300000002337
internal:relpscost,545,tsp10,data/tsp10/instances/test_10n/instance_427.lp,49,74,0.14,0.0,optimal,0.15936612500001957,0.15831900000000587
gnn:supervised,545,tsp10,data/tsp10/instances/test_10n/instance_427.lp,49,74,0.16,0.0,optimal,0.17739595900002314,0.17510099999998374
internal:relpscost,545,tsp10,data/tsp10/instances/test_10n/instance_681.lp,49,74,0.14,0.0,optimal,0.15759887500001923,0.15654499999999416
gnn:supervised,545,tsp10,data/tsp10/instances/test_10n/instance_681.lp,49,74,0.15,0.0,optimal,0.17045704200000955,0.17027400000000625
internal:relpscost,545,tsp10,data/tsp10/instances/test_10n/instance_99.lp,49,74,0.15,0.0,optimal,0.16172249999999622,0.16025899999999638
gnn:supervised,545,tsp10,data/tsp10/instances/test_10n/instance_99.lp,49,74,0.15,0.0,optimal,0.17020516700000599,0.17002599999995027
internal:relpscost,545,tsp10,data/tsp10/instances/test_10n/instance_1882.lp,49,74,0.14,0.0,optimal,0.15717754100001002,0.156675000000007
gnn:supervised,545,tsp10,data/tsp10/instances/test_10n/instance_1882.lp,49,74,0.16,0.0,optimal,0.16940466599999127,0.1692820000000097
internal:relpscost,545,tsp10,data/tsp10/instances/test_10n/instance_1775.lp,49,74,0.14,0.0,optimal,0.15598316699998804,0.15498200000001816
gnn:supervised,545,tsp10,data/tsp10/instances/test_10n/instance_1775.lp,49,74,0.15,0.0,optimal,0.16972770799998216,0.16961800000001404
internal:relpscost,545,tsp10,data/tsp10/instances/test_10n/instance_1099.lp,49,74,0.14,0.0,optimal,0.15674625000002607,0.15572700000001305
gnn:supervised,545,tsp10,data/tsp10/instances/test_10n/instance_1099.lp,49,74,0.16,0.0,optimal,0.17679125000000795,0.1763599999999883
internal:relpscost,545,tsp10,data/tsp10/instances/test_10n/instance_102.lp,49,74,0.14,0.0,optimal,0.1619194169999787,0.16078099999998585
gnn:supervised,545,tsp10,data/tsp10/instances/test_10n/instance_102.lp,49,74,0.15,0.0,optimal,0.17340562499998668,0.17313500000000204
internal:relpscost,545,tsp10,data/tsp10/instances/test_10n/instance_662.lp,49,74,0.14,0.0,optimal,0.15537320900000395,0.15447699999998576
gnn:supervised,545,tsp10,data/tsp10/instances/test_10n/instance_662.lp,49,74,0.15,0.0,optimal,0.17309033300000465,0.17278100000004315
internal:relpscost,545,tsp10,data/tsp10/instances/test_10n/instance_1657.lp,49,74,0.14,0.0,optimal,0.16064591700001074,0.15862999999995964
gnn:supervised,545,tsp10,data/tsp10/instances/test_10n/instance_1657.lp,49,74,0.16,0.0,optimal,0.17209291700004314,0.17192399999998997
internal:relpscost,545,tsp10,data/tsp10/instances/test_10n/instance_979.lp,49,74,0.14,0.0,optimal,0.15590816700000687,0.15500799999995252
gnn:supervised,545,tsp10,data/tsp10/instances/test_10n/instance_979.lp,49,74,0.16,0.0,optimal,0.17659220899997763,0.17593699999997625
internal:relpscost,545,tsp10,data/tsp10/instances/test_10n/instance_35.lp,49,74,0.14,0.0,optimal,0.16078904199997623,0.15989600000000337
gnn:supervised,545,tsp10,data/tsp10/instances/test_10n/instance_35.lp,49,74,0.15,0.0,optimal,0.17682154200002742,0.17581799999999248
internal:relpscost,545,tsp10,data/tsp10/instances/test_10n/instance_1533.lp,49,74,0.14,0.0,optimal,0.15931891700000733,0.15815599999996266
gnn:supervised,545,tsp10,data/tsp10/instances/test_10n/instance_1533.lp,49,74,0.16,0.0,optimal,0.1772876659999838,0.17604399999999032
internal:relpscost,545,tsp10,data/tsp10/instances/test_10n/instance_1170.lp,49,74,0.14,0.0,optimal,0.1643542909999951,0.1624490000000378
gnn:supervised,545,tsp10,data/tsp10/instances/test_10n/instance_1170.lp,49,74,0.15,0.0,optimal,0.17587170900003457,0.17464999999998554
internal:relpscost,545,tsp10,data/tsp10/instances/test_10n/instance_194.lp,49,74,0.14,0.0,optimal,0.16172975000000633,0.1601079999999797
gnn:supervised,545,tsp10,data/tsp10/instances/test_10n/instance_194.lp,49,74,0.15,0.0,optimal,0.17514858399999866,0.17432700000000523
internal:relpscost,545,tsp10,data/tsp10/instances/test_10n/instance_726.lp,49,74,0.14,0.0,optimal,0.1614864169999919,0.15991900000000214
gnn:supervised,545,tsp10,data/tsp10/instances/test_10n/instance_726.lp,49,74,0.16,0.0,optimal,0.17733979100000852,0.1764500000000453
internal:relpscost,545,tsp10,data/tsp10/instances/test_10n/instance_1117.lp,49,74,0.14,0.0,optimal,0.16201595799998358,0.1603860000000168
gnn:supervised,545,tsp10,data/tsp10/instances/test_10n/instance_1117.lp,49,74,0.15,0.0,optimal,0.17764308300002085,0.17659699999995837
internal:relpscost,545,tsp10,data/tsp10/instances/test_10n/instance_915.lp,49,74,0.14,0.0,optimal,0.15558441599995376,0.15467799999998988
gnn:supervised,545,tsp10,data/tsp10/instances/test_10n/instance_915.lp,49,74,0.16,0.0,optimal,0.17646912500003964,0.17566599999997834
internal:relpscost,545,tsp10,data/tsp10/instances/test_10n/instance_1144.lp,49,74,0.14,0.0,optimal,0.15800129100000504,0.15693499999997584
gnn:supervised,545,tsp10,data/tsp10/instances/test_10n/instance_1144.lp,49,74,0.16,0.0,optimal,0.1755841670000109,0.17501500000003034
internal:relpscost,545,tsp10,data/tsp10/instances/test_10n/instance_990.lp,49,74,0.14,0.0,optimal,0.16159154100000706,0.16014999999998736
gnn:supervised,545,tsp10,data/tsp10/instances/test_10n/instance_990.lp,49,74,0.15,0.0,optimal,0.1756697079999867,0.1750030000000038
internal:relpscost,545,tsp10,data/tsp10/instances/test_10n/instance_1954.lp,49,74,0.14,0.0,optimal,0.15649558299998034,0.156187999999986
gnn:supervised,545,tsp10,data/tsp10/instances/test_10n/instance_1954.lp,49,74,0.16,0.0,optimal,0.17705062499999258,0.17581799999999248
internal:relpscost,545,tsp10,data/tsp10/instances/test_10n/instance_1255.lp,49,74,0.14,0.0,optimal,0.15542962499995383,0.15523699999999963
gnn:supervised,545,tsp10,data/tsp10/instances/test_10n/instance_1255.lp,49,74,0.16,0.0,optimal,0.1776877499999614,0.17630900000000338
internal:relpscost,545,tsp10,data/tsp10/instances/test_10n/instance_1012.lp,49,74,0.14,0.0,optimal,0.15877337499995292,0.15762000000000853
gnn:supervised,545,tsp10,data/tsp10/instances/test_10n/instance_1012.lp,49,74,0.16,0.0,optimal,0.17665683299998136,0.17590199999995093
internal:relpscost,545,tsp10,data/tsp10/instances/test_10n/instance_1406.lp,49,74,0.15,0.0,optimal,0.16672574999995504,0.1648190000000227
gnn:supervised,545,tsp10,data/tsp10/instances/test_10n/instance_1406.lp,49,74,0.16,0.0,optimal,0.1768592909999711,0.1761160000000359
internal:relpscost,545,tsp10,data/tsp10/instances/test_10n/instance_992.lp,49,74,0.14,0.0,optimal,0.16241487499996765,0.16107099999999264
gnn:supervised,545,tsp10,data/tsp10/instances/test_10n/instance_992.lp,49,74,0.16,0.0,optimal,0.17478216699998939,0.171641999999963
internal:relpscost,545,tsp10,data/tsp10/instances/test_10n/instance_1432.lp,49,74,0.15,0.0,optimal,0.16120050000000674,0.15998000000001866
gnn:supervised,545,tsp10,data/tsp10/instances/test_10n/instance_1432.lp,49,74,0.16,0.0,optimal,0.17601304200002232,0.17487399999998843
internal:relpscost,545,tsp10,data/tsp10/instances/test_10n/instance_1796.lp,49,74,0.15,0.0,optimal,0.16525104199996576,0.16259200000001783
gnn:supervised,545,tsp10,data/tsp10/instances/test_10n/instance_1796.lp,49,74,0.16,0.0,optimal,0.1762841670000057,0.1739949999999908
internal:relpscost,545,tsp10,data/tsp10/instances/test_10n/instance_1420.lp,49,74,0.14,0.0,optimal,0.160847375000003,0.15950999999995474
gnn:supervised,545,tsp10,data/tsp10/instances/test_10n/instance_1420.lp,49,74,0.16,0.0,optimal,0.17668054099999608,0.17574999999999363
internal:relpscost,545,tsp10,data/tsp10/instances/test_10n/instance_1762.lp,49,74,0.14,0.0,optimal,0.16101945899998782,0.1595179999999914
gnn:supervised,545,tsp10,data/tsp10/instances/test_10n/instance_1762.lp,49,74,0.16,0.0,optimal,0.17478691699994897,0.17433899999997493
internal:relpscost,545,tsp10,data/tsp10/instances/test_10n/instance_714.lp,49,74,0.14,0.0,optimal,0.15860283300003175,0.15757500000000846
gnn:supervised,545,tsp10,data/tsp10/instances/test_10n/instance_714.lp,49,74,0.15,0.0,optimal,0.17283937499996682,0.17255599999998594
internal:relpscost,545,tsp10,data/tsp10/instances/test_10n/instance_1506.lp,49,74,0.14,0.0,optimal,0.15872400000000653,0.15751299999999446
gnn:supervised,545,tsp10,data/tsp10/instances/test_10n/instance_1506.lp,49,74,0.16,0.0,optimal,0.17718654200001538,0.1762109999999666
internal:relpscost,545,tsp10,data/tsp10/instances/test_10n/instance_1500.lp,49,74,0.15,0.0,optimal,0.16226233399999046,0.16069799999996803
gnn:supervised,545,tsp10,data/tsp10/instances/test_10n/instance_1500.lp,49,74,0.16,0.0,optimal,0.1732188340000107,0.17232300000000578
internal:relpscost,545,tsp10,data/tsp10/instances/test_10n/instance_443.lp,49,74,0.14,0.0,optimal,0.15811708299997917,0.1570769999999584
gnn:supervised,545,tsp10,data/tsp10/instances/test_10n/instance_443.lp,49,74,0.15,0.0,optimal,0.17322945799998024,0.1729530000000068
internal:relpscost,545,tsp10,data/tsp10/instances/test_10n/instance_1677.lp,49,74,0.14,0.0,optimal,0.15770441599994456,0.15663799999998673
gnn:supervised,545,tsp10,data/tsp10/instances/test_10n/instance_1677.lp,49,74,0.16,0.0,optimal,0.17735766700002387,0.17661000000003924
internal:relpscost,545,tsp10,data/tsp10/instances/test_10n/instance_1528.lp,49,74,0.14,0.0,optimal,0.16017749999997477,0.15915899999998828
gnn:supervised,545,tsp10,data/tsp10/instances/test_10n/instance_1528.lp,49,74,0.15,0.0,optimal,0.17067133400001921,0.17047900000000027
internal:relpscost,545,tsp10,data/tsp10/instances/test_10n/instance_158.lp,49,74,0.14,0.0,optimal,0.1560811249999574,0.15515300000004117
gnn:supervised,545,tsp10,data/tsp10/instances/test_10n/instance_158.lp,49,74,0.16,0.0,optimal,0.1737377499999866,0.17343299999998862
internal:relpscost,545,tsp10,data/tsp10/instances/test_10n/instance_128.lp,49,74,0.15,0.0,optimal,0.16353550000002315,0.1621340000000373
gnn:supervised,545,tsp10,data/tsp10/instances/test_10n/instance_128.lp,49,74,0.15,0.0,optimal,0.17083400000001348,0.17062100000003966
internal:relpscost,545,tsp10,data/tsp10/instances/test_10n/instance_487.lp,49,74,0.14,0.0,optimal,0.16117145800001254,0.15987899999998945
gnn:supervised,545,tsp10,data/tsp10/instances/test_10n/instance_487.lp,49,74,0.15,0.0,optimal,0.1780118340000172,0.17734300000000758
internal:relpscost,545,tsp10,data/tsp10/instances/test_10n/instance_1.lp,49,74,0.14,0.0,optimal,0.15650220800000625,0.1555970000000002
gnn:supervised,545,tsp10,data/tsp10/instances/test_10n/instance_1.lp,49,74,0.16,0.0,optimal,0.17216254200002368,0.17179800000002388
internal:relpscost,545,tsp10,data/tsp10/instances/test_10n/instance_31.lp,49,74,0.14,0.0,optimal,0.15548491700002387,0.15460200000001123
gnn:supervised,545,tsp10,data/tsp10/instances/test_10n/instance_31.lp,49,74,0.16,0.0,optimal,0.16827416600000333,0.1681600000000003
internal:relpscost,545,tsp10,data/tsp10/instances/test_10n/instance_1721.lp,49,74,0.14,0.0,optimal,0.15801108400000885,0.15700700000002143
gnn:supervised,545,tsp10,data/tsp10/instances/test_10n/instance_1721.lp,49,74,0.16,0.0,optimal,0.17049458299999287,0.17031700000001138
internal:relpscost,545,tsp10,data/tsp10/instances/test_10n/instance_68.lp,49,74,0.14,0.0,optimal,0.15882712500001617,0.15778599999998733
gnn:supervised,545,tsp10,data/tsp10/instances/test_10n/instance_68.lp,49,74,0.15,0.0,optimal,0.1711999160000346,0.1710560000000214
internal:relpscost,545,tsp10,data/tsp10/instances/test_10n/instance_1353.lp,49,74,0.13,0.0,optimal,0.15653516600002604,0.1555259999999521
gnn:supervised,545,tsp10,data/tsp10/instances/test_10n/instance_1353.lp,49,74,0.15,0.0,optimal,0.170698208000033,0.17052100000000792
internal:relpscost,545,tsp10,data/tsp10/instances/test_10n/instance_981.lp,49,74,0.13,0.0,optimal,0.15694574999997712,0.15591100000000324
gnn:supervised,545,tsp10,data/tsp10/instances/test_10n/instance_981.lp,49,74,0.16,0.0,optimal,0.1752782500000194,0.17477200000001858
internal:relpscost,545,tsp10,data/tsp10/instances/test_10n/instance_1791.lp,49,74,0.14,0.0,optimal,0.16024349999997867,0.1589800000000423
gnn:supervised,545,tsp10,data/tsp10/instances/test_10n/instance_1791.lp,49,74,0.15,0.0,optimal,0.17372045799999114,0.1732579999999757
internal:relpscost,545,tsp10,data/tsp10/instances/test_10n/instance_446.lp,49,74,0.14,0.0,optimal,0.1593221669999707,0.15882399999998142
gnn:supervised,545,tsp10,data/tsp10/instances/test_10n/instance_446.lp,49,74,0.16,0.0,optimal,0.17562070799999674,0.17541199999999435
internal:relpscost,545,tsp10,data/tsp10/instances/test_10n/instance_1208.lp,49,74,0.14,0.0,optimal,0.16271670800000493,0.16155200000002878
gnn:supervised,545,tsp10,data/tsp10/instances/test_10n/instance_1208.lp,49,74,0.15,0.0,optimal,0.17235812500001657,0.17219499999998789
internal:relpscost,545,tsp10,data/tsp10/instances/test_10n/instance_1502.lp,49,74,0.14,0.0,optimal,0.1650344999999902,0.16365299999995386
gnn:supervised,545,tsp10,data/tsp10/instances/test_10n/instance_1502.lp,49,74,0.16,0.0,optimal,0.19845258300000523,0.17892599999998993
internal:relpscost,545,tsp10,data/tsp10/instances/test_10n/instance_409.lp,49,74,0.14,0.0,optimal,0.15852020900001662,0.158032999999989
gnn:supervised,545,tsp10,data/tsp10/instances/test_10n/instance_409.lp,49,74,0.15,0.0,optimal,0.17117424999997866,0.17081300000000965
internal:relpscost,545,tsp10,data/tsp10/instances/test_10n/instance_922.lp,49,74,0.13,0.0,optimal,0.1573014589999957,0.15640300000001162
gnn:supervised,545,tsp10,data/tsp10/instances/test_10n/instance_922.lp,49,74,0.16,0.0,optimal,0.17625504199997977,0.17550699999998187
internal:relpscost,545,tsp10,data/tsp10/instances/test_10n/instance_1099.lp,49,74,0.14,0.0,optimal,0.155442665999999,0.1553119999999808
gnn:supervised,545,tsp10,data/tsp10/instances/test_10n/instance_1099.lp,49,74,0.15,0.0,optimal,0.17381495799997992,0.17342800000000125
internal:relpscost,545,tsp10,data/tsp10/instances/test_10n/instance_70.lp,49,74,0.14,0.0,optimal,0.16388241699996797,0.1625869999999736
gnn:supervised,545,tsp10,data/tsp10/instances/test_10n/instance_70.lp,49,74,0.15,0.0,optimal,0.17488937499996382,0.17445899999995618
internal:relpscost,545,tsp10,data/tsp10/instances/test_10n/instance_1716.lp,49,74,0.14,0.0,optimal,0.1585468750000132,0.15751299999999446
gnn:supervised,545,tsp10,data/tsp10/instances/test_10n/instance_1716.lp,49,74,0.16,0.0,optimal,0.17543929100003197,0.17523599999998396
internal:relpscost,545,tsp10,data/tsp10/instances/test_10n/instance_1652.lp,49,74,0.15,0.0,optimal,0.1598302090000061,0.1584420000000364
gnn:supervised,545,tsp10,data/tsp10/instances/test_10n/instance_1652.lp,49,74,0.16,0.0,optimal,0.17450091699998893,0.17400799999995797
internal:relpscost,545,tsp10,data/tsp10/instances/test_10n/instance_1482.lp,49,74,0.14,0.0,optimal,0.16143841600000997,0.16030799999998635
gnn:supervised,545,tsp10,data/tsp10/instances/test_10n/instance_1482.lp,49,74,0.15,0.0,optimal,0.1699682920000214,0.16981299999997646
internal:relpscost,545,tsp10,data/tsp10/instances/test_10n/instance_724.lp,49,74,0.14,0.0,optimal,0.15657912500000748,0.15640600000000404
gnn:supervised,545,tsp10,data/tsp10/instances/test_10n/instance_724.lp,49,74,0.15,0.0,optimal,0.17087141700000075,0.17070999999998548
internal:relpscost,545,tsp10,data/tsp10/instances/test_10n/instance_134.lp,49,74,0.14,0.0,optimal,0.16359129199997824,0.16196500000000924
gnn:supervised,545,tsp10,data/tsp10/instances/test_10n/instance_134.lp,49,74,0.16,0.0,optimal,0.17755299999998897,0.1764660000000049
internal:relpscost,545,tsp10,data/tsp10/instances/test_10n/instance_955.lp,49,74,0.15,0.0,optimal,0.1649001249999742,0.16287599999998292
gnn:supervised,545,tsp10,data/tsp10/instances/test_10n/instance_955.lp,49,74,0.16,0.0,optimal,0.1763717500000439,0.17526799999996
internal:relpscost,545,tsp10,data/tsp10/instances/test_10n/instance_1296.lp,49,74,0.15,0.0,optimal,0.1611805839999647,0.15982700000000705
gnn:supervised,545,tsp10,data/tsp10/instances/test_10n/instance_1296.lp,49,74,0.16,0.0,optimal,0.17638224999996055,0.17534699999998793
internal:relpscost,545,tsp10,data/tsp10/instances/test_10n/instance_145.lp,49,74,0.15,0.0,optimal,0.16290845800000398,0.1612079999999878
gnn:supervised,545,tsp10,data/tsp10/instances/test_10n/instance_145.lp,49,74,0.16,0.0,optimal,0.17471816599999102,0.17418799999995827
internal:relpscost,545,tsp10,data/tsp10/instances/test_10n/instance_1628.lp,49,74,0.15,0.0,optimal,0.16511025000005475,0.1608889999999974
gnn:supervised,545,tsp10,data/tsp10/instances/test_10n/instance_1628.lp,49,74,0.16,0.0,optimal,0.1769979580000154,0.17587200000002667
internal:relpscost,545,tsp10,data/tsp10/instances/test_10n/instance_1311.lp,49,74,0.15,0.0,optimal,0.16129979200002253,0.15974400000004607
gnn:supervised,545,tsp10,data/tsp10/instances/test_10n/instance_1311.lp,49,74,0.15,0.0,optimal,0.16995974999997543,0.1697950000000219
internal:relpscost,545,tsp10,data/tsp10/instances/test_10n/instance_1491.lp,49,74,0.14,0.0,optimal,0.15927012500003457,0.15892900000000054
gnn:supervised,545,tsp10,data/tsp10/instances/test_10n/instance_1491.lp,49,74,0.16,0.0,optimal,0.1691240420000213,0.1690420000000472
internal:relpscost,545,tsp10,data/tsp10/instances/test_10n/instance_560.lp,49,74,0.14,0.0,optimal,0.15828779200001009,0.15724999999997635
gnn:supervised,545,tsp10,data/tsp10/instances/test_10n/instance_560.lp,49,74,0.16,0.0,optimal,0.17099674999997205,0.17082099999998945
internal:relpscost,545,tsp10,data/tsp10/instances/test_10n/instance_1433.lp,49,74,0.14,0.0,optimal,0.15923391699999456,0.15796899999998004
gnn:supervised,545,tsp10,data/tsp10/instances/test_10n/instance_1433.lp,49,74,0.15,0.0,optimal,0.1725123749999966,0.17221900000004098
internal:relpscost,545,tsp10,data/tsp10/instances/test_10n/instance_863.lp,49,74,0.14,0.0,optimal,0.15925416599998243,0.1581860000000006
gnn:supervised,545,tsp10,data/tsp10/instances/test_10n/instance_863.lp,49,74,0.16,0.0,optimal,0.17428516699999363,0.1740310000000136
internal:relpscost,545,tsp10,data/tsp10/instances/test_10n/instance_1828.lp,49,74,0.15,0.0,optimal,0.1598739579999915,0.15885800000000927
gnn:supervised,545,tsp10,data/tsp10/instances/test_10n/instance_1828.lp,49,74,0.16,0.0,optimal,0.1736001250000072,0.17328100000003133
internal:relpscost,545,tsp10,data/tsp10/instances/test_10n/instance_948.lp,49,74,0.14,0.0,optimal,0.1558825419999721,0.15484700000001794
gnn:supervised,545,tsp10,data/tsp10/instances/test_10n/instance_948.lp,49,74,0.16,0.0,optimal,0.17239733299999216,0.1722120000000018
internal:relpscost,545,tsp10,data/tsp10/instances/test_10n/instance_1367.lp,49,74,0.14,0.0,optimal,0.16053233299999192,0.1592539999999758
gnn:supervised,545,tsp10,data/tsp10/instances/test_10n/instance_1367.lp,49,74,0.16,0.0,optimal,0.175221874999977,0.17468299999995907
internal:relpscost,545,tsp10,data/tsp10/instances/test_10n/instance_1361.lp,49,74,0.14,0.0,optimal,0.16164412500000935,0.1605000000000132
gnn:supervised,545,tsp10,data/tsp10/instances/test_10n/instance_1361.lp,49,74,0.15,0.0,optimal,0.17354812499996797,0.17314900000002353
internal:relpscost,545,tsp10,data/tsp10/instances/test_10n/instance_1730.lp,49,74,0.14,0.0,optimal,0.15747133400003577,0.15651100000002316
gnn:supervised,545,tsp10,data/tsp10/instances/test_10n/instance_1730.lp,49,74,0.16,0.0,optimal,0.17337570799998048,0.1730969999999843
internal:relpscost,545,tsp10,data/tsp10/instances/test_10n/instance_779.lp,49,74,0.15,0.0,optimal,0.16235337500000924,0.16110799999995606
gnn:supervised,545,tsp10,data/tsp10/instances/test_10n/instance_779.lp,49,74,0.16,0.0,optimal,0.17110570800002733,0.17081300000000965
internal:relpscost,545,tsp10,data/tsp10/instances/test_10n/instance_634.lp,49,74,0.14,0.0,optimal,0.1588505830000031,0.1577389999999923
gnn:supervised,545,tsp10,data/tsp10/instances/test_10n/instance_634.lp,49,74,0.15,0.0,optimal,0.17328833400000576,0.1730529999999817
internal:relpscost,545,tsp10,data/tsp10/instances/test_10n/instance_1629.lp,49,74,0.13,0.0,optimal,0.15565929199999573,0.15473700000001145
gnn:supervised,545,tsp10,data/tsp10/instances/test_10n/instance_1629.lp,49,74,0.16,0.0,optimal,0.17655674999997473,0.17601700000000164
internal:relpscost,545,tsp10,data/tsp10/instances/test_10n/instance_1342.lp,49,74,0.15,0.0,optimal,0.16196504199996298,0.16084399999999732
gnn:supervised,545,tsp10,data/tsp10/instances/test_10n/instance_1342.lp,49,74,0.15,0.0,optimal,0.1688599580000414,0.168754999999976
internal:relpscost,545,tsp10,data/tsp10/instances/test_10n/instance_144.lp,49,74,0.14,0.0,optimal,0.15833250000002863,0.15729300000003832
gnn:supervised,545,tsp10,data/tsp10/instances/test_10n/instance_144.lp,49,74,0.16,0.0,optimal,0.17399816700003612,0.17356100000000652
internal:relpscost,545,tsp10,data/tsp10/instances/test_10n/instance_339.lp,49,74,0.14,0.0,optimal,0.15690270800001827,0.15597300000001724
gnn:supervised,545,tsp10,data/tsp10/instances/test_10n/instance_339.lp,49,74,0.15,0.0,optimal,0.17566308400000707,0.17496999999997342
internal:relpscost,545,tsp10,data/tsp10/instances/test_10n/instance_136.lp,49,74,0.14,0.0,optimal,0.16366033299999572,0.16206399999998666
gnn:supervised,545,tsp10,data/tsp10/instances/test_10n/instance_136.lp,49,74,0.15,0.0,optimal,0.1736965419999592,0.17333299999995688
internal:relpscost,545,tsp10,data/tsp10/instances/test_10n/instance_1645.lp,49,74,0.14,0.0,optimal,0.16307604200000014,0.16166599999996834
gnn:supervised,545,tsp10,data/tsp10/instances/test_10n/instance_1645.lp,49,74,0.15,0.0,optimal,0.173833333999994,0.17342800000000125
internal:relpscost,545,tsp10,data/tsp10/instances/test_10n/instance_1370.lp,49,74,0.13,0.0,optimal,0.15565458300000046,0.1555039999999508
gnn:supervised,545,tsp10,data/tsp10/instances/test_10n/instance_1370.lp,49,74,0.15,0.0,optimal,0.1723242499999742,0.1722639999999842
internal:relpscost,545,tsp10,data/tsp10/instances/test_10n/instance_40.lp,49,74,0.14,0.0,optimal,0.15550716699999612,0.15462600000000748
gnn:supervised,545,tsp10,data/tsp10/instances/test_10n/instance_40.lp,49,74,0.15,0.0,optimal,0.17033395800001472,0.17007099999995035
internal:relpscost,545,tsp10,data/tsp10/instances/test_10n/instance_548.lp,49,74,0.14,0.0,optimal,0.15833700000001727,0.15730199999995875
gnn:supervised,545,tsp10,data/tsp10/instances/test_10n/instance_548.lp,49,74,0.16,0.0,optimal,0.17572949999998855,0.1753760000000284
internal:relpscost,545,tsp10,data/tsp10/instances/test_10n/instance_196.lp,49,74,0.14,0.0,optimal,0.159928415999957,0.15885800000000927
gnn:supervised,545,tsp10,data/tsp10/instances/test_10n/instance_196.lp,49,74,0.16,0.0,optimal,0.17637883399999055,0.17588499999999385
internal:relpscost,545,tsp10,data/tsp10/instances/test_10n/instance_1245.lp,49,74,0.14,0.0,optimal,0.1632357089999914,0.16186599999997497
gnn:supervised,545,tsp10,data/tsp10/instances/test_10n/instance_1245.lp,49,74,0.16,0.0,optimal,0.17585191599999916,0.17531600000000935
internal:relpscost,545,tsp10,data/tsp10/instances/test_10n/instance_1145.lp,49,74,0.14,0.0,optimal,0.1636224590000097,0.16262599999998884
gnn:supervised,545,tsp10,data/tsp10/instances/test_10n/instance_1145.lp,49,74,0.16,0.0,optimal,0.18078620900001852,0.17968000000001894
internal:relpscost,545,tsp10,data/tsp10/instances/test_10n/instance_142.lp,49,74,0.15,0.0,optimal,0.16318016600001783,0.1622099999999591
gnn:supervised,545,tsp10,data/tsp10/instances/test_10n/instance_142.lp,49,74,0.16,0.0,optimal,0.18505495800002336,0.17631699999998318
internal:relpscost,545,tsp10,data/tsp10/instances/test_10n/instance_1573.lp,49,74,0.14,0.0,optimal,0.15988274999995156,0.1563839999999459
gnn:supervised,545,tsp10,data/tsp10/instances/test_10n/instance_1573.lp,49,74,0.16,0.0,optimal,0.17786866599999485,0.1772179999999821
internal:relpscost,545,tsp10,data/tsp10/instances/test_10n/instance_1122.lp,49,74,0.15,0.0,optimal,0.1620191250000289,0.1604950000000258
gnn:supervised,545,tsp10,data/tsp10/instances/test_10n/instance_1122.lp,49,74,0.16,0.0,optimal,0.1706616669999903,0.1705159999999637
internal:relpscost,545,tsp10,data/tsp10/instances/test_10n/instance_373.lp,49,74,0.14,0.0,optimal,0.15549049999998488,0.15459800000002133
gnn:supervised,545,tsp10,data/tsp10/instances/test_10n/instance_373.lp,49,74,0.16,0.0,optimal,0.17193254099998967,0.17162200000001349
internal:relpscost,545,tsp10,data/tsp10/instances/test_10n/instance_313.lp,49,74,0.14,0.0,optimal,0.15651224999999158,0.1553079999999909
gnn:supervised,545,tsp10,data/tsp10/instances/test_10n/instance_313.lp,49,74,0.16,0.0,optimal,0.17376154100003305,0.17339499999997088
internal:relpscost,545,tsp10,data/tsp10/instances/test_10n/instance_268.lp,49,74,0.15,0.0,optimal,0.16040974999998525,0.15908499999994774
gnn:supervised,545,tsp10,data/tsp10/instances/test_10n/instance_268.lp,49,74,0.16,0.0,optimal,0.17341087500000185,0.17294199999997772
internal:relpscost,545,tsp10,data/tsp10/instances/test_10n/instance_1789.lp,49,74,0.14,0.0,optimal,0.1566233330000273,0.15636900000004061
gnn:supervised,545,tsp10,data/tsp10/instances/test_10n/instance_1789.lp,49,74,0.16,0.0,optimal,0.18696583299998792,0.18471199999999044
internal:relpscost,545,tsp10,data/tsp10/instances/test_10n/instance_1669.lp,49,74,0.14,0.0,optimal,0.16227745799994864,0.1586110000000076
gnn:supervised,545,tsp10,data/tsp10/instances/test_10n/instance_1669.lp,49,74,0.16,0.0,optimal,0.17439758299997266,0.17414999999999736
internal:relpscost,545,tsp10,data/tsp10/instances/test_10n/instance_1477.lp,49,74,0.16,0.0,optimal,0.17758787499997197,0.17164800000000469
gnn:supervised,545,tsp10,data/tsp10/instances/test_10n/instance_1477.lp,49,74,0.16,0.0,optimal,0.17714524999996684,0.17616100000003598
internal:relpscost,545,tsp10,data/tsp10/instances/test_10n/instance_1718.lp,49,74,0.15,0.0,optimal,0.15810283299998673,0.15774199999998473
gnn:supervised,545,tsp10,data/tsp10/instances/test_10n/instance_1718.lp,49,74,0.16,0.0,optimal,0.17644858300002397,0.17611400000004096
internal:relpscost,545,tsp10,data/tsp10/instances/test_10n/instance_1264.lp,49,74,0.15,0.0,optimal,0.16113316600001326,0.1603979999999865
gnn:supervised,545,tsp10,data/tsp10/instances/test_10n/instance_1264.lp,49,74,0.16,0.0,optimal,0.17349804200000563,0.17317100000002483
internal:relpscost,545,tsp10,data/tsp10/instances/test_10n/instance_963.lp,49,74,0.14,0.0,optimal,0.16140616699999555,0.15983599999998432
gnn:supervised,545,tsp10,data/tsp10/instances/test_10n/instance_963.lp,49,74,0.15,0.0,optimal,0.16984791599998061,0.16974999999996498
internal:relpscost,545,tsp10,data/tsp10/instances/test_10n/instance_540.lp,49,74,0.14,0.0,optimal,0.15860933300001534,0.15826300000003357
gnn:supervised,545,tsp10,data/tsp10/instances/test_10n/instance_540.lp,49,74,0.15,0.0,optimal,0.17043645800004015,0.17023000000000366
internal:relpscost,545,tsp10,data/tsp10/instances/test_10n/instance_367.lp,49,74,0.13,0.0,optimal,0.1543295000000171,0.1534560000000056
gnn:supervised,545,tsp10,data/tsp10/instances/test_10n/instance_367.lp,49,74,0.16,0.0,optimal,0.1776645830000234,0.17686800000001313
internal:relpscost,545,tsp10,data/tsp10/instances/test_10n/instance_1636.lp,49,74,0.15,0.0,optimal,0.17071287500004928,0.1679849999999874
gnn:supervised,545,tsp10,data/tsp10/instances/test_10n/instance_1636.lp,49,74,0.15,0.0,optimal,0.17479512500000283,0.1743359999999825
internal:relpscost,545,tsp10,data/tsp10/instances/test_10n/instance_845.lp,49,74,0.14,0.0,optimal,0.15584649999999556,0.15559799999999768
gnn:supervised,545,tsp10,data/tsp10/instances/test_10n/instance_845.lp,49,74,0.16,0.0,optimal,0.18570120800001177,0.17958099999998467
internal:relpscost,545,tsp10,data/tsp10/instances/test_10n/instance_884.lp,49,74,0.14,0.0,optimal,0.16468770899996343,0.16378199999996923
gnn:supervised,545,tsp10,data/tsp10/instances/test_10n/instance_884.lp,49,74,0.16,0.0,optimal,0.17888354199999412,0.17786200000000463
internal:relpscost,545,tsp10,data/tsp10/instances/test_10n/instance_1036.lp,49,74,0.15,0.0,optimal,0.16406558299996732,0.16194799999999532
gnn:supervised,545,tsp10,data/tsp10/instances/test_10n/instance_1036.lp,49,74,0.16,0.0,optimal,0.1780100419999826,0.17686800000001313
internal:relpscost,545,tsp10,data/tsp10/instances/test_10n/instance_170.lp,49,74,0.14,0.0,optimal,0.1588769169999864,0.15785399999998617
gnn:supervised,545,tsp10,data/tsp10/instances/test_10n/instance_170.lp,49,74,0.16,0.0,optimal,0.17445474999999533,0.17386800000002722
internal:relpscost,545,tsp10,data/tsp10/instances/test_10n/instance_1476.lp,49,74,0.14,0.0,optimal,0.15847395899999128,0.1574560000000247
gnn:supervised,545,tsp10,data/tsp10/instances/test_10n/instance_1476.lp,49,74,0.15,0.0,optimal,0.1709013750000281,0.17069200000003093
internal:relpscost,545,tsp10,data/tsp10/instances/test_10n/instance_1384.lp,49,74,0.14,0.0,optimal,0.16010995900001035,0.1589089999999942
gnn:supervised,545,tsp10,data/tsp10/instances/test_10n/instance_1384.lp,49,74,0.16,0.0,optimal,0.17386583299997938,0.17341500000003407
internal:relpscost,545,tsp10,data/tsp10/instances/test_10n/instance_321.lp,49,74,0.14,0.0,optimal,0.15982758300003752,0.1586229999999773
gnn:supervised,545,tsp10,data/tsp10/instances/test_10n/instance_321.lp,49,74,0.16,0.0,optimal,0.1797778750000134,0.17597299999999905
internal:relpscost,545,tsp10,data/tsp10/instances/test_10n/instance_1723.lp,49,74,0.14,0.0,optimal,0.16073650000004136,0.159561999999994
gnn:supervised,545,tsp10,data/tsp10/instances/test_10n/instance_1723.lp,49,74,0.15,0.0,optimal,0.17469512499997109,0.17386599999997543
internal:relpscost,545,tsp10,data/tsp10/instances/test_10n/instance_1996.lp,49,74,0.14,0.0,optimal,0.15959041700000398,0.1584320000000048
gnn:supervised,545,tsp10,data/tsp10/instances/test_10n/instance_1996.lp,49,74,0.15,0.0,optimal,0.17381862499996714,0.17338399999999865
internal:relpscost,545,tsp10,data/tsp10/instances/test_10n/instance_605.lp,49,74,0.13,0.0,optimal,0.15675579199995582,0.1558710000000474
gnn:supervised,545,tsp10,data/tsp10/instances/test_10n/instance_605.lp,49,74,0.16,0.0,optimal,0.17622725000001083,0.17541899999997668
internal:relpscost,545,tsp10,data/tsp10/instances/test_10n/instance_1072.lp,49,74,0.14,0.0,optimal,0.159016916999974,0.15800899999999274
gnn:supervised,545,tsp10,data/tsp10/instances/test_10n/instance_1072.lp,49,74,0.15,0.0,optimal,0.17551341699999057,0.17473200000000588
internal:relpscost,545,tsp10,data/tsp10/instances/test_10n/instance_154.lp,49,74,0.14,0.0,optimal,0.15973608399997374,0.15864900000002535
gnn:supervised,545,tsp10,data/tsp10/instances/test_10n/instance_154.lp,49,74,0.15,0.0,optimal,0.17129495799997585,0.17098599999997077
internal:relpscost,545,tsp10,data/tsp10/instances/test_10n/instance_1380.lp,49,74,0.15,0.0,optimal,0.15995258300000614,0.1588570000000118
gnn:supervised,545,tsp10,data/tsp10/instances/test_10n/instance_1380.lp,49,74,0.16,0.0,optimal,0.1740174580000371,0.17353999999994585
internal:relpscost,545,tsp10,data/tsp10/instances/test_10n/instance_480.lp,49,74,0.14,0.0,optimal,0.1589761660000022,0.15796499999999014
gnn:supervised,545,tsp10,data/tsp10/instances/test_10n/instance_480.lp,49,74,0.15,0.0,optimal,0.1700676250000015,0.16979399999996758
internal:relpscost,545,tsp10,data/tsp10/instances/test_10n/instance_259.lp,49,74,0.15,0.0,optimal,0.16643604200004347,0.16294300000004114
gnn:supervised,545,tsp10,data/tsp10/instances/test_10n/instance_259.lp,49,74,0.16,0.0,optimal,0.17850866600002746,0.17804200000000492
internal:relpscost,545,tsp10,data/tsp10/instances/test_10n/instance_1811.lp,49,74,0.14,0.0,optimal,0.15649754199995414,0.1554039999999759
gnn:supervised,545,tsp10,data/tsp10/instances/test_10n/instance_1811.lp,49,74,0.16,0.0,optimal,0.1770220420000328,0.17375199999997903
internal:relpscost,545,tsp10,data/tsp10/instances/test_10n/instance_1827.lp,49,74,0.14,0.0,optimal,0.16343904100000373,0.16138300000000072
gnn:supervised,545,tsp10,data/tsp10/instances/test_10n/instance_1827.lp,49,74,0.16,0.0,optimal,0.17485008299996707,0.17424999999997226
internal:relpscost,545,tsp10,data/tsp10/instances/test_10n/instance_1650.lp,49,74,0.14,0.0,optimal,0.1586017910000237,0.15748700000000326
gnn:supervised,545,tsp10,data/tsp10/instances/test_10n/instance_1650.lp,49,74,0.15,0.0,optimal,0.1746766250000178,0.1742060000000265
internal:relpscost,545,tsp10,data/tsp10/instances/test_10n/instance_343.lp,49,74,0.14,0.0,optimal,0.15535670899998877,0.15494400000000041
gnn:supervised,545,tsp10,data/tsp10/instances/test_10n/instance_343.lp,49,74,0.15,0.0,optimal,0.1702041670000085,0.17000000000001592
internal:relpscost,545,tsp10,data/tsp10/instances/test_10n/instance_1434.lp,49,74,0.14,0.0,optimal,0.15953912500003753,0.15840099999996937
gnn:supervised,545,tsp10,data/tsp10/instances/test_10n/instance_1434.lp,49,74,0.16,0.0,optimal,0.17510054199999558,0.17451399999998785
internal:relpscost,545,tsp10,data/tsp10/instances/test_10n/instance_1279.lp,49,74,0.14,0.0,optimal,0.15799500000002809,0.15693200000004026
gnn:supervised,545,tsp10,data/tsp10/instances/test_10n/instance_1279.lp,49,74,0.16,0.0,optimal,0.17596174999999903,0.17540199999996275
internal:relpscost,545,tsp10,data/tsp10/instances/test_10n/instance_1264.lp,49,74,0.14,0.0,optimal,0.15553112499998178,0.15534300000001622
gnn:supervised,545,tsp10,data/tsp10/instances/test_10n/instance_1264.lp,49,74,0.16,0.0,optimal,0.17688062499996704,0.17643700000002127
internal:relpscost,545,tsp10,data/tsp10/instances/test_10n/instance_1695.lp,49,74,0.14,0.0,optimal,0.1588087090000272,0.157745000000034
gnn:supervised,545,tsp10,data/tsp10/instances/test_10n/instance_1695.lp,49,74,0.15,0.0,optimal,0.1691147910000268,0.16891300000003184
internal:relpscost,545,tsp10,data/tsp10/instances/test_10n/instance_1619.lp,49,74,0.14,0.0,optimal,0.1565735410000002,0.15560299999998506
gnn:supervised,545,tsp10,data/tsp10/instances/test_10n/instance_1619.lp,49,74,0.16,0.0,optimal,0.1711834590000194,0.17096600000002127
internal:relpscost,545,tsp10,data/tsp10/instances/test_10n/instance_1173.lp,49,74,0.14,0.0,optimal,0.1609745829999838,0.16021599999999125
gnn:supervised,545,tsp10,data/tsp10/instances/test_10n/instance_1173.lp,49,74,0.16,0.0,optimal,0.17701837499998874,0.17632800000001225
internal:relpscost,545,tsp10,data/tsp10/instances/test_10n/instance_1058.lp,49,74,0.14,0.0,optimal,0.16003079200004322,0.15886599999998907
gnn:supervised,545,tsp10,data/tsp10/instances/test_10n/instance_1058.lp,49,74,0.15,0.0,optimal,0.1754297909999991,0.17494199999998727
internal:relpscost,545,tsp10,data/tsp10/instances/test_10n/instance_1954.lp,49,74,0.14,0.0,optimal,0.15996533300000237,0.15887599999996382
gnn:supervised,545,tsp10,data/tsp10/instances/test_10n/instance_1954.lp,49,74,0.15,0.0,optimal,0.1768437079999785,0.1761280000000056
internal:relpscost,545,tsp10,data/tsp10/instances/test_10n/instance_192.lp,49,74,0.14,0.0,optimal,0.15991550000001098,0.159183999999982
gnn:supervised,545,tsp10,data/tsp10/instances/test_10n/instance_192.lp,49,74,0.15,0.0,optimal,0.1765029580000146,0.17574500000000626
internal:relpscost,545,tsp10,data/tsp10/instances/test_10n/instance_716.lp,49,74,0.14,0.0,optimal,0.15827295799999774,0.15733699999998407
gnn:supervised,545,tsp10,data/tsp10/instances/test_10n/instance_716.lp,49,74,0.16,0.0,optimal,0.17197170800000094,0.17165600000004133
internal:relpscost,545,tsp10,data/tsp10/instances/test_10n/instance_585.lp,49,74,0.15,0.0,optimal,0.16140137500002538,0.16022100000003547
gnn:supervised,545,tsp10,data/tsp10/instances/test_10n/instance_585.lp,49,74,0.15,0.0,optimal,0.17131033400005435,0.17111799999997857
internal:relpscost,545,tsp10,data/tsp10/instances/test_10n/instance_599.lp,49,74,0.13,0.0,optimal,0.15336383300001444,0.15305899999998474
gnn:supervised,545,tsp10,data/tsp10/instances/test_10n/instance_599.lp,49,74,0.15,0.0,optimal,0.17041154200001074,0.17015600000001996
internal:relpscost,545,tsp10,data/tsp10/instances/test_10n/instance_760.lp,49,74,0.14,0.0,optimal,0.1576719580000372,0.15666500000003225
gnn:supervised,545,tsp10,data/tsp10/instances/test_10n/instance_760.lp,49,74,0.16,0.0,optimal,0.1745015000000194,0.17391200000002982
internal:relpscost,545,tsp10,data/tsp10/instances/test_10n/instance_320.lp,49,74,0.14,0.0,optimal,0.15987629100004597,0.1589969999999994
gnn:supervised,545,tsp10,data/tsp10/instances/test_10n/instance_320.lp,49,74,0.15,0.0,optimal,0.17050979199996164,0.17032899999998108
internal:relpscost,545,tsp10,data/tsp10/instances/test_10n/instance_274.lp,49,74,0.14,0.0,optimal,0.15702429200001689,0.15653499999996257
gnn:supervised,545,tsp10,data/tsp10/instances/test_10n/instance_274.lp,49,74,0.15,0.0,optimal,0.170741334000013,0.17056900000000041
internal:relpscost,545,tsp10,data/tsp10/instances/test_10n/instance_63.lp,49,74,0.14,0.0,optimal,0.16059600000005503,0.15882599999997637
gnn:supervised,545,tsp10,data/tsp10/instances/test_10n/instance_63.lp,49,74,0.16,0.0,optimal,0.17878537500001812,0.17589199999997618
internal:relpscost,545,tsp10,data/tsp10/instances/test_10n/instance_1687.lp,49,74,0.14,0.0,optimal,0.15879695799998217,0.15829800000000205
gnn:supervised,545,tsp10,data/tsp10/instances/test_10n/instance_1687.lp,49,74,0.16,0.0,optimal,0.17658995799996546,0.1756379999999922
internal:relpscost,545,tsp10,data/tsp10/instances/test_10n/instance_729.lp,49,74,0.14,0.0,optimal,0.1602764169999773,0.15957200000002558
gnn:supervised,545,tsp10,data/tsp10/instances/test_10n/instance_729.lp,49,74,0.16,0.0,optimal,0.1752842080000505,0.17483000000004267
internal:relpscost,545,tsp10,data/tsp10/instances/test_10n/instance_1234.lp,49,74,0.15,0.0,optimal,0.16293333300001223,0.1614890000000173
gnn:supervised,545,tsp10,data/tsp10/instances/test_10n/instance_1234.lp,49,74,0.16,0.0,optimal,0.17421366700000362,0.17352200000004814
internal:relpscost,545,tsp10,data/tsp10/instances/test_10n/instance_242.lp,49,74,0.14,0.0,optimal,0.1584999169999719,0.15738400000003594
gnn:supervised,545,tsp10,data/tsp10/instances/test_10n/instance_242.lp,49,74,0.15,0.0,optimal,0.17151324999997541,0.17126700000000028
internal:relpscost,545,tsp10,data/tsp10/instances/test_10n/instance_1300.lp,49,74,0.14,0.0,optimal,0.15620704100001603,0.15591000000000577
gnn:supervised,545,tsp10,data/tsp10/instances/test_10n/instance_1300.lp,49,74,0.16,0.0,optimal,0.1758633340000415,0.1751170000000002
internal:relpscost,545,tsp10,data/tsp10/instances/test_10n/instance_1642.lp,49,74,0.15,0.0,optimal,0.16434579200000599,0.16296199999999317
gnn:supervised,545,tsp10,data/tsp10/instances/test_10n/instance_1642.lp,49,74,0.16,0.0,optimal,0.17582312500002217,0.175329999999974
internal:relpscost,545,tsp10,data/tsp10/instances/test_10n/instance_1662.lp,49,74,0.14,0.0,optimal,0.16035562500002243,0.15928400000001375
gnn:supervised,545,tsp10,data/tsp10/instances/test_10n/instance_1662.lp,49,74,0.16,0.0,optimal,0.18027708300002132,0.1792979999999602
internal:relpscost,545,tsp10,data/tsp10/instances/test_10n/instance_1055.lp,49,74,0.14,0.0,optimal,0.1653715420000026,0.1627110000000016
gnn:supervised,545,tsp10,data/tsp10/instances/test_10n/instance_1055.lp,49,74,0.15,0.0,optimal,0.17375779200000352,0.1734920000000102
internal:relpscost,545,tsp10,data/tsp10/instances/test_10n/instance_136.lp,49,74,0.14,0.0,optimal,0.16055116600000474,0.15968199999997523
gnn:supervised,545,tsp10,data/tsp10/instances/test_10n/instance_136.lp,49,74,0.15,0.0,optimal,0.17823433399996702,0.1748890000000074
internal:relpscost,545,tsp10,data/tsp10/instances/test_10n/instance_754.lp,49,74,0.14,0.0,optimal,0.15893991600000845,0.1577970000000164
gnn:supervised,545,tsp10,data/tsp10/instances/test_10n/instance_754.lp,49,74,0.16,0.0,optimal,0.17456633399996235,0.17397999999997182
internal:relpscost,545,tsp10,data/tsp10/instances/test_10n/instance_853.lp,49,74,0.15,0.0,optimal,0.15913416700004746,0.15789200000000392
gnn:supervised,545,tsp10,data/tsp10/instances/test_10n/instance_853.lp,49,74,0.16,0.0,optimal,0.17689400000000433,0.17562300000003006
internal:relpscost,545,tsp10,data/tsp10/instances/test_10n/instance_1972.lp,49,74,0.14,0.0,optimal,0.1600590840000109,0.15901600000000826
gnn:supervised,545,tsp10,data/tsp10/instances/test_10n/instance_1972.lp,49,74,0.16,0.0,optimal,0.1754823750000014,0.1746959999999831
internal:relpscost,545,tsp10,data/tsp10/instances/test_10n/instance_584.lp,49,74,0.14,0.0,optimal,0.16188349999998763,0.1604560000000106
gnn:supervised,545,tsp10,data/tsp10/instances/test_10n/instance_584.lp,49,74,0.16,0.0,optimal,0.1767630829999689,0.17597200000000157
internal:relpscost,545,tsp10,data/tsp10/instances/test_10n/instance_791.lp,49,74,0.14,0.0,optimal,0.16163733400003366,0.16028299999999263
gnn:supervised,545,tsp10,data/tsp10/instances/test_10n/instance_791.lp,49,74,0.16,0.0,optimal,0.17609175000001187,0.17534299999999803
internal:relpscost,545,tsp10,data/tsp10/instances/test_10n/instance_1623.lp,49,74,0.14,0.0,optimal,0.16292412500001774,0.161200000000008
gnn:supervised,545,tsp10,data/tsp10/instances/test_10n/instance_1623.lp,49,74,0.15,0.0,optimal,0.17287725000005594,0.17257000000000744
internal:relpscost,545,tsp10,data/tsp10/instances/test_10n/instance_586.lp,49,74,0.14,0.0,optimal,0.15506229199996824,0.15393599999998742
gnn:supervised,545,tsp10,data/tsp10/instances/test_10n/instance_586.lp,49,74,0.15,0.0,optimal,0.17045916700004682,0.17025300000000243
internal:relpscost,545,tsp10,data/tsp10/instances/test_10n/instance_851.lp,49,74,0.14,0.0,optimal,0.16453370800002176,0.15985200000000077
gnn:supervised,545,tsp10,data/tsp10/instances/test_10n/instance_851.lp,49,74,0.16,0.0,optimal,0.17307295799997746,0.1727030000000127
internal:relpscost,545,tsp10,data/tsp10/instances/test_10n/instance_917.lp,49,74,0.14,0.0,optimal,0.15696112499995252,0.15600200000000086
gnn:supervised,545,tsp10,data/tsp10/instances/test_10n/instance_917.lp,49,74,0.15,0.0,optimal,0.17421183400000473,0.17348500000002787
internal:relpscost,545,tsp10,data/tsp10/instances/test_10n/instance_1158.lp,49,74,0.14,0.0,optimal,0.1580571249999707,0.1570899999999824
gnn:supervised,545,tsp10,data/tsp10/instances/test_10n/instance_1158.lp,49,74,0.16,0.0,optimal,0.17386866700002201,0.17356499999999642
internal:relpscost,545,tsp10,data/tsp10/instances/test_10n/instance_1022.lp,49,74,0.15,0.0,optimal,0.15962416700000404,0.15848299999998972
gnn:supervised,545,tsp10,data/tsp10/instances/test_10n/instance_1022.lp,49,74,0.16,0.0,optimal,0.17763695799999368,0.17683399999998528
internal:relpscost,545,tsp10,data/tsp10/instances/test_10n/instance_77.lp,49,74,0.14,0.0,optimal,0.1596377500000017,0.1585059999999885
gnn:supervised,545,tsp10,data/tsp10/instances/test_10n/instance_77.lp,49,74,0.15,0.0,optimal,0.17123624999999265,0.17090200000001232
internal:relpscost,545,tsp10,data/tsp10/instances/test_10n/instance_760.lp,49,74,0.14,0.0,optimal,0.1556110829999966,0.15555599999999004
gnn:supervised,545,tsp10,data/tsp10/instances/test_10n/instance_760.lp,49,74,0.16,0.0,optimal,0.17812666699995816,0.17572400000000243
internal:relpscost,545,tsp10,data/tsp10/instances/test_10n/instance_76.lp,49,74,0.14,0.0,optimal,0.15598133399998915,0.1550799999999981
gnn:supervised,545,tsp10,data/tsp10/instances/test_10n/instance_76.lp,49,74,0.15,0.0,optimal,0.17057479099997863,0.17038299999995843
internal:relpscost,545,tsp10,data/tsp10/instances/test_10n/instance_1338.lp,49,74,0.14,0.0,optimal,0.15902066699999295,0.15788600000001907
gnn:supervised,545,tsp10,data/tsp10/instances/test_10n/instance_1338.lp,49,74,0.16,0.0,optimal,0.17523816699997496,0.17454600000002074
internal:relpscost,545,tsp10,data/tsp10/instances/test_10n/instance_1775.lp,49,74,0.14,0.0,optimal,0.15761391699999194,0.15718100000003687
gnn:supervised,545,tsp10,data/tsp10/instances/test_10n/instance_1775.lp,49,74,0.15,0.0,optimal,0.17721791700000722,0.17613000000000056
internal:relpscost,545,tsp10,data/tsp10/instances/test_10n/instance_1372.lp,49,74,0.14,0.0,optimal,0.16199666599999318,0.16029299999996738
gnn:supervised,545,tsp10,data/tsp10/instances/test_10n/instance_1372.lp,49,74,0.15,0.0,optimal,0.17818266600005472,0.17697899999996025
internal:relpscost,545,tsp10,data/tsp10/instances/test_10n/instance_498.lp,49,74,0.15,0.0,optimal,0.16576337500004001,0.16367400000001453
gnn:supervised,545,tsp10,data/tsp10/instances/test_10n/instance_498.lp,49,74,0.16,0.0,optimal,0.17831716599999936,0.17716899999999214
internal:relpscost,545,tsp10,data/tsp10/instances/test_10n/instance_300.lp,49,74,0.14,0.0,optimal,0.15959495800001378,0.1579150000000027
gnn:supervised,545,tsp10,data/tsp10/instances/test_10n/instance_300.lp,49,74,0.15,0.0,optimal,0.1714371250000113,0.17124899999998888
internal:relpscost,545,tsp10,data/tsp10/instances/test_10n/instance_794.lp,49,74,0.14,0.0,optimal,0.16125370800000383,0.1598730000000046
gnn:supervised,545,tsp10,data/tsp10/instances/test_10n/instance_794.lp,49,74,0.16,0.0,optimal,0.17255916699997442,0.17226699999997663
internal:relpscost,545,tsp10,data/tsp10/instances/test_10n/instance_975.lp,49,74,0.15,0.0,optimal,0.1592697500000213,0.1582119999999918
gnn:supervised,545,tsp10,data/tsp10/instances/test_10n/instance_975.lp,49,74,0.16,0.0,optimal,0.17614104099999395,0.17537500000003092
internal:relpscost,545,tsp10,data/tsp10/instances/test_10n/instance_1945.lp,49,74,0.14,0.0,optimal,0.1593074589999901,0.15831499999995913
gnn:supervised,545,tsp10,data/tsp10/instances/test_10n/instance_1945.lp,49,74,0.16,0.0,optimal,0.17720295899999883,0.17662200000000894
internal:relpscost,545,tsp10,data/tsp10/instances/test_10n/instance_1487.lp,49,74,0.14,0.0,optimal,0.16039654200000086,0.1591139999999882
gnn:supervised,545,tsp10,data/tsp10/instances/test_10n/instance_1487.lp,49,74,0.15,0.0,optimal,0.17157741699998041,0.1713100000000054
internal:relpscost,545,tsp10,data/tsp10/instances/test_10n/instance_1229.lp,49,74,0.14,0.0,optimal,0.1566747499999792,0.15558300000003555
gnn:supervised,545,tsp10,data/tsp10/instances/test_10n/instance_1229.lp,49,74,0.16,0.0,optimal,0.17399999999997817,0.17351100000001907
internal:relpscost,545,tsp10,data/tsp10/instances/test_10n/instance_437.lp,49,74,0.15,0.0,optimal,0.163120833999983,0.16232000000002245
gnn:supervised,545,tsp10,data/tsp10/instances/test_10n/instance_437.lp,49,74,0.16,0.0,optimal,0.17265804099997695,0.17235900000002857
internal:relpscost,545,tsp10,data/tsp10/instances/test_10n/instance_1954.lp,49,74,0.14,0.0,optimal,0.16021637500000452,0.15981199999998807
gnn:supervised,545,tsp10,data/tsp10/instances/test_10n/instance_1954.lp,49,74,0.16,0.0,optimal,0.1765852089999953,0.1760309999999663
internal:relpscost,545,tsp10,data/tsp10/instances/test_10n/instance_1170.lp,49,74,0.14,0.0,optimal,0.1598008330000198,0.15923500000002377
gnn:supervised,545,tsp10,data/tsp10/instances/test_10n/instance_1170.lp,49,74,0.15,0.0,optimal,0.1753668750000088,0.17477000000002363
internal:relpscost,545,tsp10,data/tsp10/instances/test_10n/instance_123.lp,49,74,0.14,0.0,optimal,0.16137137499998744,0.1601779999999735
gnn:supervised,545,tsp10,data/tsp10/instances/test_10n/instance_123.lp,49,74,0.15,0.0,optimal,0.1727706249999983,0.17246099999999842
internal:relpscost,545,transfer-small,data/tsp10/instances/transfer_5n/instance_45.lp,20,32,0.07,0.0,optimal,0.08722887499999388,0.08449699999999893
gnn:supervised,545,transfer-small,data/tsp10/instances/transfer_5n/instance_45.lp,17,26,0.09,0.0,optimal,0.12608879200001866,0.10602000000000089
internal:relpscost,545,transfer-small,data/tsp10/instances/transfer_5n/instance_10.lp,20,32,0.07,0.0,optimal,0.08521687500001462,0.08480400000001964
gnn:supervised,545,transfer-small,data/tsp10/instances/transfer_5n/instance_10.lp,17,26,0.09,0.0,optimal,0.09746945800003459,0.09734000000003107
internal:relpscost,545,transfer-small,data/tsp10/instances/transfer_5n/instance_9.lp,20,32,0.08,0.0,optimal,0.08402379199998222,0.0830150000000458
gnn:supervised,545,transfer-small,data/tsp10/instances/transfer_5n/instance_9.lp,17,26,0.09,0.0,optimal,0.09587725000000091,0.09574200000002975
internal:relpscost,545,transfer-small,data/tsp10/instances/transfer_5n/instance_27.lp,20,32,0.07,0.0,optimal,0.08117083399997682,0.08023399999996172
gnn:supervised,545,transfer-small,data/tsp10/instances/transfer_5n/instance_27.lp,17,26,0.09,0.0,optimal,0.09676554200001419,0.09662199999996801
internal:relpscost,545,transfer-small,data/tsp10/instances/transfer_5n/instance_97.lp,20,32,0.08,0.0,optimal,0.10549020799999198,0.08556499999997413
gnn:supervised,545,transfer-small,data/tsp10/instances/transfer_5n/instance_97.lp,17,26,0.11,0.0,optimal,0.16804058300004954,0.11317800000000489
internal:relpscost,545,transfer-small,data/tsp10/instances/transfer_5n/instance_34.lp,20,32,0.08,0.0,optimal,0.09013729099996226,0.08750899999995454
gnn:supervised,545,transfer-small,data/tsp10/instances/transfer_5n/instance_34.lp,17,26,0.09,0.0,optimal,0.10477387499997803,0.10305200000004788
internal:relpscost,545,transfer-small,data/tsp10/instances/transfer_5n/instance_94.lp,20,32,0.08,0.0,optimal,0.08698079099997358,0.08594200000004548
gnn:supervised,545,transfer-small,data/tsp10/instances/transfer_5n/instance_94.lp,17,26,0.09,0.0,optimal,0.10054995799998778,0.10001199999999244
internal:relpscost,545,transfer-small,data/tsp10/instances/transfer_5n/instance_51.lp,20,32,0.08,0.0,optimal,0.08573004199996603,0.08435000000002901
gnn:supervised,545,transfer-small,data/tsp10/instances/transfer_5n/instance_51.lp,17,26,0.09,0.0,optimal,0.0975252079999791,0.0974209999999971
internal:relpscost,545,transfer-small,data/tsp10/instances/transfer_5n/instance_61.lp,20,32,0.07,0.0,optimal,0.0835459589999914,0.08264199999996436
gnn:supervised,545,transfer-small,data/tsp10/instances/transfer_5n/instance_61.lp,17,26,0.09,0.0,optimal,0.0980580840000016,0.09793300000001182
internal:relpscost,545,transfer-small,data/tsp10/instances/transfer_5n/instance_21.lp,20,32,0.08,0.0,optimal,0.11021087500000704,0.08993900000001531
gnn:supervised,545,transfer-small,data/tsp10/instances/transfer_5n/instance_21.lp,17,26,0.09,0.0,optimal,0.10303604200004202,0.10166500000002543
internal:relpscost,545,transfer-small,data/tsp10/instances/transfer_5n/instance_84.lp,20,32,0.08,0.0,optimal,0.08336166700001968,0.08250599999996666
gnn:supervised,545,transfer-small,data/tsp10/instances/transfer_5n/instance_84.lp,17,26,0.09,0.0,optimal,0.09748374999998077,0.09737000000001217
internal:relpscost,545,transfer-small,data/tsp10/instances/transfer_5n/instance_14.lp,20,32,0.08,0.0,optimal,0.08765591599996014,0.0863109999999665
gnn:supervised,545,transfer-small,data/tsp10/instances/transfer_5n/instance_14.lp,17,26,0.09,0.0,optimal,0.09914624999998978,0.09901899999999841
internal:relpscost,545,transfer-small,data/tsp10/instances/transfer_5n/instance_28.lp,20,32,0.07,0.0,optimal,0.0853236250000009,0.08429200000000492
gnn:supervised,545,transfer-small,data/tsp10/instances/transfer_5n/instance_28.lp,17,26,0.09,0.0,optimal,0.10120287500001268,0.10062299999998459
internal:relpscost,545,transfer-small,data/tsp10/instances/transfer_5n/instance_1.lp,20,32,0.08,0.0,optimal,0.08790570799999387,0.08644500000002608
gnn:supervised,545,transfer-small,data/tsp10/instances/transfer_5n/instance_1.lp,17,26,0.09,0.0,optimal,0.09995933300001525,0.09976800000004005
internal:relpscost,545,transfer-small,data/tsp10/instances/transfer_5n/instance_35.lp,20,32,0.08,0.0,optimal,0.08566058399998155,0.08445299999999634
gnn:supervised,545,transfer-small,data/tsp10/instances/transfer_5n/instance_35.lp,17,26,0.09,0.0,optimal,0.1001175000000103,0.0998920000000112
internal:relpscost,545,transfer-small,data/tsp10/instances/transfer_5n/instance_53.lp,20,32,0.07,0.0,optimal,0.08316908300002979,0.08297800000002553
gnn:supervised,545,transfer-small,data/tsp10/instances/transfer_5n/instance_53.lp,17,26,0.09,0.0,optimal,0.09927466599998525,0.09912200000002258
internal:relpscost,545,transfer-small,data/tsp10/instances/transfer_5n/instance_100.lp,20,32,0.08,0.0,optimal,0.08383791699998255,0.0835739999999987
gnn:supervised,545,transfer-small,data/tsp10/instances/transfer_5n/instance_100.lp,17,26,0.09,0.0,optimal,0.09811987500000896,0.09794399999998404
internal:relpscost,545,transfer-small,data/tsp10/instances/transfer_5n/instance_64.lp,20,32,0.07,0.0,optimal,0.08229029199998195,0.08139099999999644
gnn:supervised,545,transfer-small,data/tsp10/instances/transfer_5n/instance_64.lp,17,26,0.09,0.0,optimal,0.09821041699996158,0.09801100000004226
internal:relpscost,545,transfer-small,data/tsp10/instances/transfer_5n/instance_57.lp,20,32,0.08,0.0,optimal,0.08479649999998173,0.08378899999996747
gnn:supervised,545,transfer-small,data/tsp10/instances/transfer_5n/instance_57.lp,17,26,0.09,0.0,optimal,0.09960745799997994,0.09948099999996884
internal:relpscost,545,transfer-small,data/tsp10/instances/transfer_5n/instance_20.lp,20,32,0.07,0.0,optimal,0.0841357079999625,0.08395099999995637
gnn:supervised,545,transfer-small,data/tsp10/instances/transfer_5n/instance_20.lp,17,26,0.09,0.0,optimal,0.09618154200001072,0.09603199999997969
internal:relpscost,545,transfer-small,data/tsp10/instances/transfer_5n/instance_56.lp,20,32,0.08,0.0,optimal,0.0846709580000038,0.08418799999998328
gnn:supervised,545,transfer-small,data/tsp10/instances/transfer_5n/instance_56.lp,17,26,0.09,0.0,optimal,0.09826495799995882,0.09773899999999003
internal:relpscost,545,transfer-small,data/tsp10/instances/transfer_5n/instance_61.lp,20,32,0.08,0.0,optimal,0.08574195799997142,0.0853249999999548
gnn:supervised,545,transfer-small,data/tsp10/instances/transfer_5n/instance_61.lp,17,26,0.09,0.0,optimal,0.10132141699995145,0.1008220000000506
internal:relpscost,545,transfer-small,data/tsp10/instances/transfer_5n/instance_11.lp,20,32,0.08,0.0,optimal,0.08462258299999803,0.08440799999999626
gnn:supervised,545,transfer-small,data/tsp10/instances/transfer_5n/instance_11.lp,17,26,0.09,0.0,optimal,0.09603695900000275,0.09596099999998842
internal:relpscost,545,transfer-small,data/tsp10/instances/transfer_5n/instance_41.lp,20,32,0.07,0.0,optimal,0.0827388750000182,0.08222500000005084
gnn:supervised,545,transfer-small,data/tsp10/instances/transfer_5n/instance_41.lp,17,26,0.09,0.0,optimal,0.09708487500000729,0.09694500000000517
internal:relpscost,545,transfer-small,data/tsp10/instances/transfer_5n/instance_26.lp,20,32,0.07,0.0,optimal,0.08046041699998341,0.0801010000000133
gnn:supervised,545,transfer-small,data/tsp10/instances/transfer_5n/instance_26.lp,17,26,0.09,0.0,optimal,0.0961000839999997,0.09597800000000234
internal:relpscost,545,transfer-small,data/tsp10/instances/transfer_5n/instance_100.lp,20,32,0.07,0.0,optimal,0.0854360829999905,0.08531099999999014
gnn:supervised,545,transfer-small,data/tsp10/instances/transfer_5n/instance_100.lp,17,26,0.09,0.0,optimal,0.1003106659999844,0.09988500000002887
internal:relpscost,545,transfer-small,data/tsp10/instances/transfer_5n/instance_18.lp,20,32,0.07,0.0,optimal,0.0825482500000021,0.0821650000000318
gnn:supervised,545,transfer-small,data/tsp10/instances/transfer_5n/instance_18.lp,17,26,0.1,0.0,optimal,0.10029133300002968,0.09986699999996063
internal:relpscost,545,transfer-small,data/tsp10/instances/transfer_5n/instance_12.lp,20,32,0.08,0.0,optimal,0.08334162500000275,0.0831330000000321
gnn:supervised,545,transfer-small,data/tsp10/instances/transfer_5n/instance_12.lp,17,26,0.09,0.0,optimal,0.09909616599998117,0.09853900000001659
internal:relpscost,545,transfer-small,data/tsp10/instances/transfer_5n/instance_32.lp,20,32,0.08,0.0,optimal,0.08322275000000445,0.0828119999999899
gnn:supervised,545,transfer-small,data/tsp10/instances/transfer_5n/instance_32.lp,17,26,0.09,0.0,optimal,0.09870508400001654,0.09845200000000887
internal:relpscost,545,transfer-small,data/tsp10/instances/transfer_5n/instance_54.lp,20,32,0.07,0.0,optimal,0.08203774999998359,0.0815499999999929
gnn:supervised,545,transfer-small,data/tsp10/instances/transfer_5n/instance_54.lp,17,26,0.09,0.0,optimal,0.0981744160000062,0.09795900000000302
internal:relpscost,545,transfer-small,data/tsp10/instances/transfer_5n/instance_39.lp,20,32,0.08,0.0,optimal,0.08394783399995731,0.08341200000000981
gnn:supervised,545,transfer-small,data/tsp10/instances/transfer_5n/instance_39.lp,17,26,0.09,0.0,optimal,0.09929329200002712,0.0986560000000054
internal:relpscost,545,transfer-small,data/tsp10/instances/transfer_5n/instance_10.lp,20,32,0.07,0.0,optimal,0.08332837499995094,0.0832149999999956
gnn:supervised,545,transfer-small,data/tsp10/instances/transfer_5n/instance_10.lp,17,26,0.1,0.0,optimal,0.09990074999996068,0.09921200000002273
internal:relpscost,545,transfer-small,data/tsp10/instances/transfer_5n/instance_97.lp,20,32,0.08,0.0,optimal,0.08412366699997165,0.08329600000001847
gnn:supervised,545,transfer-small,data/tsp10/instances/transfer_5n/instance_97.lp,17,26,0.09,0.0,optimal,0.09762220800001842,0.09734900000000835
internal:relpscost,545,transfer-small,data/tsp10/instances/transfer_5n/instance_45.lp,20,32,0.08,0.0,optimal,0.08443258300002299,0.08413099999995666
gnn:supervised,545,transfer-small,data/tsp10/instances/transfer_5n/instance_45.lp,17,26,0.09,0.0,optimal,0.09830991600000516,0.09797800000001189
internal:relpscost,545,transfer-small,data/tsp10/instances/transfer_5n/instance_88.lp,20,32,0.07,0.0,optimal,0.08385620899997548,0.08270899999996573
gnn:supervised,545,transfer-small,data/tsp10/instances/transfer_5n/instance_88.lp,17,26,0.09,0.0,optimal,0.09858591699997987,0.09831600000001117
internal:relpscost,545,transfer-small,data/tsp10/instances/transfer_5n/instance_89.lp,20,32,0.08,0.0,optimal,0.0840090000000373,0.08300900000000411
gnn:supervised,545,transfer-small,data/tsp10/instances/transfer_5n/instance_89.lp,17,26,0.09,0.0,optimal,0.09902295799997773,0.09851700000001529
internal:relpscost,545,transfer-small,data/tsp10/instances/transfer_5n/instance_56.lp,20,32,0.07,0.0,optimal,0.08379070900002716,0.08267899999998463
gnn:supervised,545,transfer-small,data/tsp10/instances/transfer_5n/instance_56.lp,17,26,0.09,0.0,optimal,0.09669070899997223,0.09643299999999044
internal:relpscost,545,transfer-small,data/tsp10/instances/transfer_5n/instance_1.lp,20,32,0.07,0.0,optimal,0.08245120899999847,0.08233199999995122
gnn:supervised,545,transfer-small,data/tsp10/instances/transfer_5n/instance_1.lp,17,26,0.09,0.0,optimal,0.09752741599999126,0.09743800000001102
internal:relpscost,545,transfer-small,data/tsp10/instances/transfer_5n/instance_84.lp,20,32,0.07,0.0,optimal,0.08183274999998957,0.08162900000002082
gnn:supervised,545,transfer-small,data/tsp10/instances/transfer_5n/instance_84.lp,17,26,0.09,0.0,optimal,0.09807362499998362,0.09751099999999724
internal:relpscost,545,transfer-small,data/tsp10/instances/transfer_5n/instance_83.lp,20,32,0.08,0.0,optimal,0.08460941599997795,0.0836620000000039
gnn:supervised,545,transfer-small,data/tsp10/instances/transfer_5n/instance_83.lp,17,26,0.09,0.0,optimal,0.09876095800001394,0.0984149999999886
internal:relpscost,545,transfer-small,data/tsp10/instances/transfer_5n/instance_29.lp,20,32,0.07,0.0,optimal,0.08246466700001065,0.08198199999998224
gnn:supervised,545,transfer-small,data/tsp10/instances/transfer_5n/instance_29.lp,17,26,0.09,0.0,optimal,0.09634379199997056,0.0963010000000395
internal:relpscost,545,transfer-small,data/tsp10/instances/transfer_5n/instance_86.lp,20,32,0.07,0.0,optimal,0.08150070900001083,0.08106099999997696
gnn:supervised,545,transfer-small,data/tsp10/instances/transfer_5n/instance_86.lp,17,26,0.09,0.0,optimal,0.09608695800000078,0.09593300000000227
internal:relpscost,545,transfer-small,data/tsp10/instances/transfer_5n/instance_87.lp,20,32,0.07,0.0,optimal,0.08407816700002968,0.0836039999999798
gnn:supervised,545,transfer-small,data/tsp10/instances/transfer_5n/instance_87.lp,17,26,0.08,0.0,optimal,0.09478391699997246,0.09478500000000167
internal:relpscost,545,transfer-small,data/tsp10/instances/transfer_5n/instance_24.lp,20,32,0.07,0.0,optimal,0.0835740829999736,0.08222799999998642
gnn:supervised,545,transfer-small,data/tsp10/instances/transfer_5n/instance_24.lp,17,26,0.09,0.0,optimal,0.09762933299998622,0.09724999999997408
internal:relpscost,545,transfer-small,data/tsp10/instances/transfer_5n/instance_5.lp,20,32,0.07,0.0,optimal,0.0819463749999727,0.08168499999999312
gnn:supervised,545,transfer-small,data/tsp10/instances/transfer_5n/instance_5.lp,17,26,0.09,0.0,optimal,0.09986266700002489,0.0996780000000399
internal:relpscost,545,transfer-small,data/tsp10/instances/transfer_5n/instance_64.lp,20,32,0.08,0.0,optimal,0.08302387499998076,0.08280400000001009
gnn:supervised,545,transfer-small,data/tsp10/instances/transfer_5n/instance_64.lp,17,26,0.09,0.0,optimal,0.09872866599999952,0.09845899999999119
internal:relpscost,545,transfer-small,data/tsp10/instances/transfer_5n/instance_33.lp,20,32,0.07,0.0,optimal,0.08388666700000158,0.08324299999998175
gnn:supervised,545,transfer-small,data/tsp10/instances/transfer_5n/instance_33.lp,17,26,0.09,0.0,optimal,0.09676916700004767,0.09622600000000148
internal:relpscost,545,transfer-small,data/tsp10/instances/transfer_5n/instance_99.lp,20,32,0.07,0.0,optimal,0.08105466699998942,0.08057299999995848
gnn:supervised,545,transfer-small,data/tsp10/instances/transfer_5n/instance_99.lp,17,26,0.08,0.0,optimal,0.09494754199999988,0.09489999999999554
internal:relpscost,545,transfer-small,data/tsp10/instances/transfer_5n/instance_82.lp,20,32,0.07,0.0,optimal,0.0813825000000179,0.08093800000000329
gnn:supervised,545,transfer-small,data/tsp10/instances/transfer_5n/instance_82.lp,17,26,0.08,0.0,optimal,0.09659287499999891,0.09635900000000674
internal:relpscost,545,transfer-small,data/tsp10/instances/transfer_5n/instance_15.lp,20,32,0.07,0.0,optimal,0.08440558299997747,0.0833030000000008
gnn:supervised,545,transfer-small,data/tsp10/instances/transfer_5n/instance_15.lp,17,26,0.09,0.0,optimal,0.09777225000004819,0.09748999999999342
internal:relpscost,545,transfer-small,data/tsp10/instances/transfer_5n/instance_4.lp,20,32,0.08,0.0,optimal,0.083626167000034,0.08267900000004147
gnn:supervised,545,transfer-small,data/tsp10/instances/transfer_5n/instance_4.lp,17,26,0.09,0.0,optimal,0.09891866699996399,0.0983590000000163
internal:relpscost,545,transfer-small,data/tsp10/instances/transfer_5n/instance_47.lp,20,32,0.08,0.0,optimal,0.08204004200001691,0.08141299999999774
gnn:supervised,545,transfer-small,data/tsp10/instances/transfer_5n/instance_47.lp,17,26,0.09,0.0,optimal,0.0986099589999867,0.09791500000000042
internal:relpscost,545,transfer-small,data/tsp10/instances/transfer_5n/instance_71.lp,20,32,0.07,0.0,optimal,0.08310262500003773,0.08296300000000656
gnn:supervised,545,transfer-small,data/tsp10/instances/transfer_5n/instance_71.lp,17,26,0.09,0.0,optimal,0.09947962500001495,0.09938599999998132
internal:relpscost,545,transfer-small,data/tsp10/instances/transfer_5n/instance_87.lp,20,32,0.08,0.0,optimal,0.08510729199997513,0.08491499999996677
gnn:supervised,545,transfer-small,data/tsp10/instances/transfer_5n/instance_87.lp,17,26,0.1,0.0,optimal,0.10118904199998724,0.1006500000000301
internal:relpscost,545,transfer-small,data/tsp10/instances/transfer_5n/instance_98.lp,20,32,0.08,0.0,optimal,0.08456208299998025,0.08353800000003275
gnn:supervised,545,transfer-small,data/tsp10/instances/transfer_5n/instance_98.lp,17,26,0.09,0.0,optimal,0.10161604100005661,0.1008380000000102
internal:relpscost,545,transfer-small,data/tsp10/instances/transfer_5n/instance_96.lp,20,32,0.07,0.0,optimal,0.08222287500001357,0.08169499999996788
gnn:supervised,545,transfer-small,data/tsp10/instances/transfer_5n/instance_96.lp,17,26,0.09,0.0,optimal,0.0983764160000078,0.09802799999999934
internal:relpscost,545,transfer-small,data/tsp10/instances/transfer_5n/instance_28.lp,20,32,0.07,0.0,optimal,0.08285570799995412,0.0826940000000036
gnn:supervised,545,transfer-small,data/tsp10/instances/transfer_5n/instance_28.lp,17,26,0.09,0.0,optimal,0.09678779199998644,0.09655700000001843
internal:relpscost,545,transfer-small,data/tsp10/instances/transfer_5n/instance_40.lp,20,32,0.08,0.0,optimal,0.08420862499997384,0.08367900000001782
gnn:supervised,545,transfer-small,data/tsp10/instances/transfer_5n/instance_40.lp,17,26,0.09,0.0,optimal,0.09880233299998054,0.09838799999999992
internal:relpscost,545,transfer-small,data/tsp10/instances/transfer_5n/instance_61.lp,20,32,0.07,0.0,optimal,0.08317695900001354,0.08277899999995952
gnn:supervised,545,transfer-small,data/tsp10/instances/transfer_5n/instance_61.lp,17,26,0.09,0.0,optimal,0.09712245800000119,0.09669700000000603
internal:relpscost,545,transfer-small,data/tsp10/instances/transfer_5n/instance_54.lp,20,32,0.07,0.0,optimal,0.08298683299994991,0.08272299999998722
gnn:supervised,545,transfer-small,data/tsp10/instances/transfer_5n/instance_54.lp,17,26,0.09,0.0,optimal,0.09719749999999294,0.09705399999995734
internal:relpscost,545,transfer-small,data/tsp10/instances/transfer_5n/instance_100.lp,20,32,0.08,0.0,optimal,0.0874765410000009,0.0860890000000154
gnn:supervised,545,transfer-small,data/tsp10/instances/transfer_5n/instance_100.lp,17,26,0.09,0.0,optimal,0.10122566699999425,0.1006060000000275
internal:relpscost,545,transfer-small,data/tsp10/instances/transfer_5n/instance_83.lp,20,32,0.07,0.0,optimal,0.08302250000002687,0.08267100000000482
gnn:supervised,545,transfer-small,data/tsp10/instances/transfer_5n/instance_83.lp,17,26,0.09,0.0,optimal,0.09910045899999886,0.09856800000000021
internal:relpscost,545,transfer-small,data/tsp10/instances/transfer_5n/instance_26.lp,20,32,0.08,0.0,optimal,0.08253891700002214,0.08246299999996154
gnn:supervised,545,transfer-small,data/tsp10/instances/transfer_5n/instance_26.lp,17,26,0.09,0.0,optimal,0.09764454199995498,0.0971770000000447
internal:relpscost,545,transfer-small,data/tsp10/instances/transfer_5n/instance_39.lp,20,32,0.07,0.0,optimal,0.0823406670000395,0.08128499999997985
gnn:supervised,545,transfer-small,data/tsp10/instances/transfer_5n/instance_39.lp,17,26,0.09,0.0,optimal,0.09617204200003471,0.09602499999999736
internal:relpscost,545,transfer-small,data/tsp10/instances/transfer_5n/instance_28.lp,20,32,0.07,0.0,optimal,0.08016837500002794,0.08015800000003992
gnn:supervised,545,transfer-small,data/tsp10/instances/transfer_5n/instance_28.lp,17,26,0.09,0.0,optimal,0.09825383400004739,0.09800200000000814
internal:relpscost,545,transfer-small,data/tsp10/instances/transfer_5n/instance_83.lp,20,32,0.07,0.0,optimal,0.08170845799998006,0.0816960000000222
gnn:supervised,545,transfer-small,data/tsp10/instances/transfer_5n/instance_83.lp,17,26,0.09,0.0,optimal,0.09907025000001113,0.09861699999999018
internal:relpscost,545,transfer-small,data/tsp10/instances/transfer_5n/instance_59.lp,20,32,0.07,0.0,optimal,0.08352441699997826,0.08294100000000526
gnn:supervised,545,transfer-small,data/tsp10/instances/transfer_5n/instance_59.lp,17,26,0.09,0.0,optimal,0.09660020899997335,0.0963610000000017
internal:relpscost,545,transfer-small,data/tsp10/instances/transfer_5n/instance_43.lp,20,32,0.08,0.0,optimal,0.08268708299999616,0.08230099999997265
gnn:supervised,545,transfer-small,data/tsp10/instances/transfer_5n/instance_43.lp,17,26,0.09,0.0,optimal,0.09470241600001827,0.09466400000002295
internal:relpscost,545,transfer-small,data/tsp10/instances/transfer_5n/instance_70.lp,20,32,0.07,0.0,optimal,0.08240879200002382,0.08200299999998606
gnn:supervised,545,transfer-small,data/tsp10/instances/transfer_5n/instance_70.lp,17,26,0.09,0.0,optimal,0.09651441700003716,0.09641100000004599
internal:relpscost,545,transfer-small,data/tsp10/instances/transfer_5n/instance_47.lp,20,32,0.08,0.0,optimal,0.0816524169999866,0.0816159999999968
gnn:supervised,545,transfer-small,data/tsp10/instances/transfer_5n/instance_47.lp,17,26,0.09,0.0,optimal,0.09844383299997617,0.09809999999998809
internal:relpscost,545,transfer-small,data/tsp10/instances/transfer_5n/instance_44.lp,20,32,0.08,0.0,optimal,0.08530700000000024,0.08438799999998992
gnn:supervised,545,transfer-small,data/tsp10/instances/transfer_5n/instance_44.lp,17,26,0.09,0.0,optimal,0.09804954200001248,0.09776499999998123
internal:relpscost,545,transfer-small,data/tsp10/instances/transfer_5n/instance_76.lp,20,32,0.07,0.0,optimal,0.08103770799999666,0.08046500000000378
gnn:supervised,545,transfer-small,data/tsp10/instances/transfer_5n/instance_76.lp,17,26,0.09,0.0,optimal,0.09816912500002672,0.09797200000002704
internal:relpscost,545,transfer-small,data/tsp10/instances/transfer_5n/instance_98.lp,20,32,0.07,0.0,optimal,0.08284674999998742,0.08264099999996688
gnn:supervised,545,transfer-small,data/tsp10/instances/transfer_5n/instance_98.lp,17,26,0.09,0.0,optimal,0.09752229100001841,0.0973329999999919
internal:relpscost,545,transfer-small,data/tsp10/instances/transfer_5n/instance_53.lp,20,32,0.08,0.0,optimal,0.08294395900003337,0.08261700000002747
gnn:supervised,545,transfer-small,data/tsp10/instances/transfer_5n/instance_53.lp,17,26,0.09,0.0,optimal,0.09826337500004456,0.0977640000000406
internal:relpscost,545,transfer-small,data/tsp10/instances/transfer_5n/instance_2.lp,20,32,0.07,0.0,optimal,0.08058099999999513,0.08030300000001489
gnn:supervised,545,transfer-small,data/tsp10/instances/transfer_5n/instance_2.lp,17,26,0.09,0.0,optimal,0.097135250000008,0.09690699999998742
internal:relpscost,545,transfer-small,data/tsp10/instances/transfer_5n/instance_78.lp,20,32,0.07,0.0,optimal,0.08553270800001656,0.0852610000000027
gnn:supervised,545,transfer-small,data/tsp10/instances/transfer_5n/instance_78.lp,17,26,0.09,0.0,optimal,0.10103079100002788,0.10047900000000709
internal:relpscost,545,transfer-small,data/tsp10/instances/transfer_5n/instance_39.lp,20,32,0.08,0.0,optimal,0.08360620799999197,0.08347600000001876
gnn:supervised,545,transfer-small,data/tsp10/instances/transfer_5n/instance_39.lp,17,26,0.1,0.0,optimal,0.09910879100004877,0.09867200000002185
internal:relpscost,545,transfer-small,data/tsp10/instances/transfer_5n/instance_85.lp,20,32,0.07,0.0,optimal,0.08309574999998404,0.08202400000004673
gnn:supervised,545,transfer-small,data/tsp10/instances/transfer_5n/instance_85.lp,17,26,0.09,0.0,optimal,0.09575487500001145,0.0956639999999993
internal:relpscost,545,transfer-small,data/tsp10/instances/transfer_5n/instance_58.lp,20,32,0.07,0.0,optimal,0.08103229099998543,0.0806479999999965
gnn:supervised,545,transfer-small,data/tsp10/instances/transfer_5n/instance_58.lp,17,26,0.08,0.0,optimal,0.09577370799996743,0.09565500000002203
internal:relpscost,545,transfer-small,data/tsp10/instances/transfer_5n/instance_34.lp,20,32,0.07,0.0,optimal,0.07975787499998432,0.07973100000003797
gnn:supervised,545,transfer-small,data/tsp10/instances/transfer_5n/instance_34.lp,17,26,0.1,0.0,optimal,0.10022041700000273,0.09986499999996568
internal:relpscost,545,transfer-small,data/tsp10/instances/transfer_5n/instance_64.lp,20,32,0.08,0.0,optimal,0.0853396249999605,0.0847880000000032
gnn:supervised,545,transfer-small,data/tsp10/instances/transfer_5n/instance_64.lp,17,26,0.09,0.0,optimal,0.09915666699998837,0.0988039999999728
internal:relpscost,545,transfer-small,data/tsp10/instances/transfer_5n/instance_12.lp,20,32,0.07,0.0,optimal,0.08331691699999055,0.08309800000000678
gnn:supervised,545,transfer-small,data/tsp10/instances/transfer_5n/instance_12.lp,17,26,0.09,0.0,optimal,0.09870095900004117,0.09844100000003664
internal:relpscost,545,transfer-small,data/tsp10/instances/transfer_5n/instance_20.lp,20,32,0.08,0.0,optimal,0.08191650000003392,0.08184399999998959
gnn:supervised,545,transfer-small,data/tsp10/instances/transfer_5n/instance_20.lp,17,26,0.09,0.0,optimal,0.09985195799998792,0.09915900000004285
internal:relpscost,545,transfer-small,data/tsp10/instances/transfer_5n/instance_33.lp,20,32,0.08,0.0,optimal,0.08646604200004049,0.08594699999997601
gnn:supervised,545,transfer-small,data/tsp10/instances/transfer_5n/instance_33.lp,17,26,0.09,0.0,optimal,0.09982037499997887,0.09899400000000469
internal:relpscost,545,transfer-small,data/tsp10/instances/transfer_5n/instance_44.lp,20,32,0.08,0.0,optimal,0.08400370799995471,0.083720000000028
gnn:supervised,545,transfer-small,data/tsp10/instances/transfer_5n/instance_44.lp,17,26,0.09,0.0,optimal,0.09862333300003456,0.09843299999999999
internal:relpscost,545,transfer-small,data/tsp10/instances/transfer_5n/instance_13.lp,20,32,0.07,0.0,optimal,0.08260237500002177,0.08216499999997495
gnn:supervised,545,transfer-small,data/tsp10/instances/transfer_5n/instance_13.lp,17,26,0.09,0.0,optimal,0.0987178329999665,0.0983789999999658
internal:relpscost,545,transfer-small,data/tsp10/instances/transfer_5n/instance_95.lp,20,32,0.08,0.0,optimal,0.08522737499998811,0.08449799999999641
gnn:supervised,545,transfer-small,data/tsp10/instances/transfer_5n/instance_95.lp,17,26,0.09,0.0,optimal,0.09855899999996609,0.09836199999995188
internal:relpscost,545,transfer-small,data/tsp10/instances/transfer_5n/instance_78.lp,20,32,0.07,0.0,optimal,0.08132308300002933,0.0811350000000175
gnn:supervised,545,transfer-small,data/tsp10/instances/transfer_5n/instance_78.lp,17,26,0.09,0.0,optimal,0.09608650000001262,0.09593100000000732
internal:relpscost,545,transfer-small,data/tsp10/instances/transfer_5n/instance_13.lp,20,32,0.07,0.0,optimal,0.08155758399999513,0.0814680000000294
gnn:supervised,545,transfer-small,data/tsp10/instances/transfer_5n/instance_13.lp,17,26,0.09,0.0,optimal,0.095247540999992,0.09520300000002635
internal:relpscost,545,transfer-small,data/tsp10/instances/transfer_5n/instance_25.lp,20,32,0.08,0.0,optimal,0.08295887500003118,0.08245799999997416
gnn:supervised,545,transfer-small,data/tsp10/instances/transfer_5n/instance_25.lp,17,26,0.09,0.0,optimal,0.09603183299998364,0.09597899999999981
internal:relpscost,545,transfer-small,data/tsp10/instances/transfer_5n/instance_40.lp,20,32,0.07,0.0,optimal,0.08039837500001568,0.08033999999997832
gnn:supervised,545,transfer-small,data/tsp10/instances/transfer_5n/instance_40.lp,17,26,0.09,0.0,optimal,0.09647566600000346,0.09635900000000674
internal:relpscost,545,transfer-small,data/tsp10/instances/transfer_5n/instance_20.lp,20,32,0.07,0.0,optimal,0.08400066699999797,0.08360499999997728
gnn:supervised,545,transfer-small,data/tsp10/instances/transfer_5n/instance_20.lp,17,26,0.09,0.0,optimal,0.10016829199997801,0.09914499999996451
internal:relpscost,545,transfer-small,data/tsp10/instances/transfer_5n/instance_16.lp,20,32,0.08,0.0,optimal,0.0888470419999976,0.08577000000002499
gnn:supervised,545,transfer-small,data/tsp10/instances/transfer_5n/instance_16.lp,17,26,0.09,0.0,optimal,0.10033233299998301,0.09964400000001206
internal:relpscost,545,transfer-small,data/tsp10/instances/transfer_5n/instance_87.lp,20,32,0.07,0.0,optimal,0.08188066700000718,0.0817000000000121
gnn:supervised,545,transfer-small,data/tsp10/instances/transfer_5n/instance_87.lp,17,26,0.09,0.0,optimal,0.09862166599998545,0.09812400000004118
internal:relpscost,545,transfer-small,data/tsp10/instances/transfer_5n/instance_11.lp,20,32,0.08,0.0,optimal,0.08388616700000284,0.08362799999997605
gnn:supervised,545,transfer-small,data/tsp10/instances/transfer_5n/instance_11.lp,17,26,0.09,0.0,optimal,0.10013616700001648,0.09955999999999676
internal:relpscost,545,transfer-small,data/tsp10/instances/transfer_5n/instance_90.lp,20,32,0.07,0.0,optimal,0.08515270800000962,0.08429000000000997
gnn:supervised,545,transfer-small,data/tsp10/instances/transfer_5n/instance_90.lp,17,26,0.09,0.0,optimal,0.09954599999997527,0.09903199999996559
internal:relpscost,545,transfer-small,data/tsp10/instances/transfer_5n/instance_46.lp,20,32,0.08,0.0,optimal,0.08287225000003673,0.08243399999997791
gnn:supervised,545,transfer-small,data/tsp10/instances/transfer_5n/instance_46.lp,17,26,0.09,0.0,optimal,0.09935349999994969,0.09886000000000195
internal:relpscost,545,transfer-small,data/tsp10/instances/transfer_5n/instance_62.lp,20,32,0.07,0.0,optimal,0.08291008300000158,0.08239199999997027
gnn:supervised,545,transfer-small,data/tsp10/instances/transfer_5n/instance_62.lp,17,26,0.09,0.0,optimal,0.09994108299997606,0.0993469999999661
internal:relpscost,545,transfer-small,data/tsp10/instances/transfer_5n/instance_17.lp,20,32,0.08,0.0,optimal,0.08504933400001846,0.08424400000001242
gnn:supervised,545,transfer-small,data/tsp10/instances/transfer_5n/instance_17.lp,17,26,0.09,0.0,optimal,0.1005664999999567,0.0992050000000404
internal:relpscost,545,transfer-small,data/tsp10/instances/transfer_5n/instance_50.lp,20,32,0.07,0.0,optimal,0.08589395900003183,0.0853089999999952
gnn:supervised,545,transfer-small,data/tsp10/instances/transfer_5n/instance_50.lp,17,26,0.09,0.0,optimal,0.09463466700003664,0.09449900000004163
internal:relpscost,545,transfer-medium,data/tsp10/instances/transfer_6n/instance_3.lp,9,29,0.08,0.0,optimal,0.08628254199999219,0.0852270000000317
gnn:supervised,545,transfer-medium,data/tsp10/instances/transfer_6n/instance_3.lp,9,29,0.09,0.0,optimal,0.09257533300001342,0.09233600000004571
internal:relpscost,545,transfer-medium,data/tsp10/instances/transfer_6n/instance_65.lp,9,29,0.08,0.0,optimal,0.08476320799996984,0.08430799999996452
gnn:supervised,545,transfer-medium,data/tsp10/instances/transfer_6n/instance_65.lp,9,29,0.09,0.0,optimal,0.0920379579999917,0.09190000000000964
internal:relpscost,545,transfer-medium,data/tsp10/instances/transfer_6n/instance_8.lp,9,29,0.08,0.0,optimal,0.08496912499998643,0.08473500000002332
gnn:supervised,545,transfer-medium,data/tsp10/instances/transfer_6n/instance_8.lp,9,29,0.09,0.0,optimal,0.09244695799998226,0.09242199999999912
internal:relpscost,545,transfer-medium,data/tsp10/instances/transfer_6n/instance_38.lp,9,29,0.08,0.0,optimal,0.08282733300001155,0.08240499999999429
gnn:supervised,545,transfer-medium,data/tsp10/instances/transfer_6n/instance_38.lp,9,29,0.08,0.0,optimal,0.0917919170000232,0.09173900000001822
internal:relpscost,545,transfer-medium,data/tsp10/instances/transfer_6n/instance_39.lp,9,29,0.08,0.0,optimal,0.08405149999998685,0.08378600000003189
gnn:supervised,545,transfer-medium,data/tsp10/instances/transfer_6n/instance_39.lp,9,29,0.08,0.0,optimal,0.09089199999999664,0.09085500000003321
internal:relpscost,545,transfer-medium,data/tsp10/instances/transfer_6n/instance_77.lp,9,29,0.07,0.0,optimal,0.08409808300001487,0.08369499999997743
gnn:supervised,545,transfer-medium,data/tsp10/instances/transfer_6n/instance_77.lp,9,29,0.08,0.0,optimal,0.09258537499999875,0.09240600000003951
internal:relpscost,545,transfer-medium,data/tsp10/instances/transfer_6n/instance_61.lp,9,29,0.07,0.0,optimal,0.0845447909999848,0.08355099999999993
gnn:supervised,545,transfer-medium,data/tsp10/instances/transfer_6n/instance_61.lp,9,29,0.09,0.0,optimal,0.0946587079999972,0.09443199999998342
internal:relpscost,545,transfer-medium,data/tsp10/instances/transfer_6n/instance_88.lp,9,29,0.08,0.0,optimal,0.0869440409999811,0.08645200000000841
gnn:supervised,545,transfer-medium,data/tsp10/instances/transfer_6n/instance_88.lp,9,29,0.09,0.0,optimal,0.09521599999999353,0.09494000000000824
internal:relpscost,545,transfer-medium,data/tsp10/instances/transfer_6n/instance_66.lp,9,29,0.07,0.0,optimal,0.08381070900003351,0.08287300000000641
gnn:supervised,545,transfer-medium,data/tsp10/instances/transfer_6n/instance_66.lp,9,29,0.08,0.0,optimal,0.09216783299996223,0.09216299999997091
internal:relpscost,545,transfer-medium,data/tsp10/instances/transfer_6n/instance_5.lp,9,29,0.08,0.0,optimal,0.08487691700003097,0.08255600000001095
gnn:supervised,545,transfer-medium,data/tsp10/instances/transfer_6n/instance_5.lp,9,29,0.09,0.0,optimal,0.09387333299997636,0.09372700000000123
internal:relpscost,545,transfer-medium,data/tsp10/instances/transfer_6n/instance_7.lp,9,29,0.08,0.0,optimal,0.08288575000000264,0.08204999999998108
gnn:supervised,545,transfer-medium,data/tsp10/instances/transfer_6n/instance_7.lp,9,29,0.09,0.0,optimal,0.09169662499999731,0.09161100000000033
internal:relpscost,545,transfer-medium,data/tsp10/instances/transfer_6n/instance_33.lp,9,29,0.08,0.0,optimal,0.0821459579999555,0.08203599999995959
gnn:supervised,545,transfer-medium,data/tsp10/instances/transfer_6n/instance_33.lp,9,29,0.09,0.0,optimal,0.09110654199997725,0.09103399999997919
internal:relpscost,545,transfer-medium,data/tsp10/instances/transfer_6n/instance_49.lp,9,29,0.08,0.0,optimal,0.08366725000001907,0.08283000000000129
gnn:supervised,545,transfer-medium,data/tsp10/instances/transfer_6n/instance_49.lp,9,29,0.08,0.0,optimal,0.09234541600000057,0.0921730000000025
internal:relpscost,545,transfer-medium,data/tsp10/instances/transfer_6n/instance_80.lp,9,29,0.07,0.0,optimal,0.08283758400000352,0.08202499999998736
gnn:supervised,545,transfer-medium,data/tsp10/instances/transfer_6n/instance_80.lp,9,29,0.09,0.0,optimal,0.09585112500002424,0.09550100000001294
internal:relpscost,545,transfer-medium,data/tsp10/instances/transfer_6n/instance_44.lp,9,29,0.08,0.0,optimal,0.08660262500001181,0.08542799999997897
gnn:supervised,545,transfer-medium,data/tsp10/instances/transfer_6n/instance_44.lp,9,29,0.09,0.0,optimal,0.09409466600004635,0.09390300000001162
internal:relpscost,545,transfer-medium,data/tsp10/instances/transfer_6n/instance_56.lp,9,29,0.08,0.0,optimal,0.0824638330000198,0.08222200000000157
gnn:supervised,545,transfer-medium,data/tsp10/instances/transfer_6n/instance_56.lp,9,29,0.09,0.0,optimal,0.09312937499998952,0.09301900000002661
internal:relpscost,545,transfer-medium,data/tsp10/instances/transfer_6n/instance_57.lp,9,29,0.08,0.0,optimal,0.08214870799997698,0.08173699999997552
gnn:supervised,545,transfer-medium,data/tsp10/instances/transfer_6n/instance_57.lp,9,29,0.09,0.0,optimal,0.09244908300001953,0.09234900000001289
internal:relpscost,545,transfer-medium,data/tsp10/instances/transfer_6n/instance_20.lp,9,29,0.08,0.0,optimal,0.08240175000003092,0.08199999999999363
gnn:supervised,545,transfer-medium,data/tsp10/instances/transfer_6n/instance_20.lp,9,29,0.08,0.0,optimal,0.09018800000001193,0.0901929999999993
internal:relpscost,545,transfer-medium,data/tsp10/instances/transfer_6n/instance_51.lp,9,29,0.08,0.0,optimal,0.08487179100001185,0.08471900000000687
gnn:supervised,545,transfer-medium,data/tsp10/instances/transfer_6n/instance_51.lp,9,29,0.09,0.0,optimal,0.0921282920000408,0.09203999999999724
internal:relpscost,545,transfer-medium,data/tsp10/instances/transfer_6n/instance_19.lp,9,29,0.08,0.0,optimal,0.08347637499997518,0.08298999999999523
gnn:supervised,545,transfer-medium,data/tsp10/instances/transfer_6n/instance_19.lp,9,29,0.08,0.0,optimal,0.0917808339999624,0.0917479999999955
internal:relpscost,545,transfer-medium,data/tsp10/instances/transfer_6n/instance_44.lp,9,29,0.07,0.0,optimal,0.08319041599997945,0.08313299999997525
gnn:supervised,545,transfer-medium,data/tsp10/instances/transfer_6n/instance_44.lp,9,29,0.08,0.0,optimal,0.09253425000002835,0.09246999999999161
internal:relpscost,545,transfer-medium,data/tsp10/instances/transfer_6n/instance_23.lp,9,29,0.07,0.0,optimal,0.08085716699997647,0.08049199999999246
gnn:supervised,545,transfer-medium,data/tsp10/instances/transfer_6n/instance_23.lp,9,29,0.08,0.0,optimal,0.09043266600002653,0.09035199999999577
internal:relpscost,545,transfer-medium,data/tsp10/instances/transfer_6n/instance_18.lp,9,29,0.08,0.0,optimal,0.08649195800001053,0.08559300000001713
gnn:supervised,545,transfer-medium,data/tsp10/instances/transfer_6n/instance_18.lp,9,29,0.08,0.0,optimal,0.09559516699999904,0.09515899999996691
internal:relpscost,545,transfer-medium,data/tsp10/instances/transfer_6n/instance_11.lp,9,29,0.08,0.0,optimal,0.08803970799999661,0.08676900000000387
gnn:supervised,545,transfer-medium,data/tsp10/instances/transfer_6n/instance_11.lp,9,29,0.09,0.0,optimal,0.09922279200003459,0.09477900000001682
internal:relpscost,545,transfer-medium,data/tsp10/instances/transfer_6n/instance_42.lp,9,29,0.08,0.0,optimal,0.08344279199997118,0.08303699999999026
gnn:supervised,545,transfer-medium,data/tsp10/instances/transfer_6n/instance_42.lp,9,29,0.09,0.0,optimal,0.09207587500003456,0.09176499999995258
internal:relpscost,545,transfer-medium,data/tsp10/instances/transfer_6n/instance_85.lp,9,29,0.08,0.0,optimal,0.08408074999999826,0.08323100000001205
gnn:supervised,545,transfer-medium,data/tsp10/instances/transfer_6n/instance_85.lp,9,29,0.09,0.0,optimal,0.09597187500003201,0.09547600000001921
internal:relpscost,545,transfer-medium,data/tsp10/instances/transfer_6n/instance_7.lp,9,29,0.08,0.0,optimal,0.08400429200003146,0.08352500000000873
gnn:supervised,545,transfer-medium,data/tsp10/instances/transfer_6n/instance_7.lp,9,29,0.08,0.0,optimal,0.09552608299998155,0.09510399999999208
internal:relpscost,545,transfer-medium,data/tsp10/instances/transfer_6n/instance_95.lp,9,29,0.07,0.0,optimal,0.08606099999997241,0.0846740000000068
gnn:supervised,545,transfer-medium,data/tsp10/instances/transfer_6n/instance_95.lp,9,29,0.08,0.0,optimal,0.0931065419999868,0.09285699999998087
internal:relpscost,545,transfer-medium,data/tsp10/instances/transfer_6n/instance_96.lp,9,29,0.08,0.0,optimal,0.08465541700002177,0.08371700000003557
gnn:supervised,545,transfer-medium,data/tsp10/instances/transfer_6n/instance_96.lp,9,29,0.08,0.0,optimal,0.09151741699997729,0.09140899999999874
internal:relpscost,545,transfer-medium,data/tsp10/instances/transfer_6n/instance_14.lp,9,29,0.07,0.0,optimal,0.08415233300002001,0.08295800000001918
gnn:supervised,545,transfer-medium,data/tsp10/instances/transfer_6n/instance_14.lp,9,29,0.08,0.0,optimal,0.09125491700001476,0.09119699999996556
internal:relpscost,545,transfer-medium,data/tsp10/instances/transfer_6n/instance_92.lp,9,29,0.07,0.0,optimal,0.08355075000002898,0.08273500000001377
gnn:supervised,545,transfer-medium,data/tsp10/instances/transfer_6n/instance_92.lp,9,29,0.08,0.0,optimal,0.09360216700002866,0.0933189999999513
internal:relpscost,545,transfer-medium,data/tsp10/instances/transfer_6n/instance_43.lp,9,29,0.07,0.0,optimal,0.08418633299999101,0.08374199999997245
gnn:supervised,545,transfer-medium,data/tsp10/instances/transfer_6n/instance_43.lp,9,29,0.08,0.0,optimal,0.09602258399996799,0.09545600000001286
internal:relpscost,545,transfer-medium,data/tsp10/instances/transfer_6n/instance_76.lp,9,29,0.08,0.0,optimal,0.08624991699997508,0.08502799999996569
gnn:supervised,545,transfer-medium,data/tsp10/instances/transfer_6n/instance_76.lp,9,29,0.09,0.0,optimal,0.09440970799994375,0.09394900000000916
internal:relpscost,545,transfer-medium,data/tsp10/instances/transfer_6n/instance_61.lp,9,29,0.08,0.0,optimal,0.08329887500002542,0.08316400000001067
gnn:supervised,545,transfer-medium,data/tsp10/instances/transfer_6n/instance_61.lp,9,29,0.09,0.0,optimal,0.09362395800002332,0.09339399999998932
internal:relpscost,545,transfer-medium,data/tsp10/instances/transfer_6n/instance_1.lp,9,29,0.08,0.0,optimal,0.08759316700002273,0.0862730000000056
gnn:supervised,545,transfer-medium,data/tsp10/instances/transfer_6n/instance_1.lp,9,29,0.08,0.0,optimal,0.09651695799999516,0.0956820000000107
internal:relpscost,545,transfer-medium,data/tsp10/instances/transfer_6n/instance_76.lp,9,29,0.08,0.0,optimal,0.08618666699999267,0.08575100000001612
gnn:supervised,545,transfer-medium,data/tsp10/instances/transfer_6n/instance_76.lp,9,29,0.09,0.0,optimal,0.09579316700001073,0.09509199999996554
internal:relpscost,545,transfer-medium,data/tsp10/instances/transfer_6n/instance_23.lp,9,29,0.08,0.0,optimal,0.0851364159999548,0.08489699999995537
gnn:supervised,545,transfer-medium,data/tsp10/instances/transfer_6n/instance_23.lp,9,29,0.08,0.0,optimal,0.09446241699998836,0.09398400000003448
internal:relpscost,545,transfer-medium,data/tsp10/instances/transfer_6n/instance_29.lp,9,29,0.07,0.0,optimal,0.0855340830000273,0.08500799999995934
gnn:supervised,545,transfer-medium,data/tsp10/instances/transfer_6n/instance_29.lp,9,29,0.09,0.0,optimal,0.09510004200001276,0.09467300000000023
internal:relpscost,545,transfer-medium,data/tsp10/instances/transfer_6n/instance_20.lp,9,29,0.08,0.0,optimal,0.08761516599997776,0.08688100000000532
gnn:supervised,545,transfer-medium,data/tsp10/instances/transfer_6n/instance_20.lp,9,29,0.09,0.0,optimal,0.09474812499996688,0.0941490000000158
internal:relpscost,545,transfer-medium,data/tsp10/instances/transfer_6n/instance_97.lp,9,29,0.07,0.0,optimal,0.08575062500000286,0.0852530000000229
gnn:supervised,545,transfer-medium,data/tsp10/instances/transfer_6n/instance_97.lp,9,29,0.09,0.0,optimal,0.0961992910000049,0.09569900000002463
internal:relpscost,545,transfer-medium,data/tsp10/instances/transfer_6n/instance_17.lp,9,29,0.08,0.0,optimal,0.08602479200004609,0.08519099999995206
gnn:supervised,545,transfer-medium,data/tsp10/instances/transfer_6n/instance_17.lp,9,29,0.09,0.0,optimal,0.09734991599998466,0.0963429999999903
internal:relpscost,545,transfer-medium,data/tsp10/instances/transfer_6n/instance_72.lp,9,29,0.07,0.0,optimal,0.08646262499996737,0.08598499999999376
gnn:supervised,545,transfer-medium,data/tsp10/instances/transfer_6n/instance_72.lp,9,29,0.09,0.0,optimal,0.09498800000000074,0.09444700000000239
internal:relpscost,545,transfer-medium,data/tsp10/instances/transfer_6n/instance_4.lp,9,29,0.08,0.0,optimal,0.08584937500000933,0.08514400000001388
gnn:supervised,545,transfer-medium,data/tsp10/instances/transfer_6n/instance_4.lp,9,29,0.09,0.0,optimal,0.09515579200001412,0.09455499999995709
internal:relpscost,545,transfer-medium,data/tsp10/instances/transfer_6n/instance_78.lp,9,29,0.08,0.0,optimal,0.08766441699998495,0.08666399999998475
gnn:supervised,545,transfer-medium,data/tsp10/instances/transfer_6n/instance_78.lp,9,29,0.08,0.0,optimal,0.09534924999996974,0.09476000000000795
internal:relpscost,545,transfer-medium,data/tsp10/instances/transfer_6n/instance_46.lp,9,29,0.08,0.0,optimal,0.08709512500001892,0.08629100000001699
gnn:supervised,545,transfer-medium,data/tsp10/instances/transfer_6n/instance_46.lp,9,29,0.09,0.0,optimal,0.09699870899999041,0.09632399999998142
internal:relpscost,545,transfer-medium,data/tsp10/instances/transfer_6n/instance_41.lp,9,29,0.08,0.0,optimal,0.08599683299996741,0.08529699999996865
gnn:supervised,545,transfer-medium,data/tsp10/instances/transfer_6n/instance_41.lp,9,29,0.08,0.0,optimal,0.09442341599998372,0.09400799999997389
internal:relpscost,545,transfer-medium,data/tsp10/instances/transfer_6n/instance_73.lp,9,29,0.08,0.0,optimal,0.0862140419999946,0.08564799999999195
gnn:supervised,545,transfer-medium,data/tsp10/instances/transfer_6n/instance_73.lp,9,29,0.09,0.0,optimal,0.10722691600000189,0.10101600000001554
internal:relpscost,545,transfer-medium,data/tsp10/instances/transfer_6n/instance_1.lp,9,29,0.08,0.0,optimal,0.0861581249999972,0.08579300000002377
gnn:supervised,545,transfer-medium,data/tsp10/instances/transfer_6n/instance_1.lp,9,29,0.09,0.0,optimal,0.09493370800004186,0.09455100000002403
internal:relpscost,545,transfer-medium,data/tsp10/instances/transfer_6n/instance_62.lp,9,29,0.08,0.0,optimal,0.08906066699995563,0.08711199999999053
gnn:supervised,545,transfer-medium,data/tsp10/instances/transfer_6n/instance_62.lp,9,29,0.08,0.0,optimal,0.09532299999995075,0.09487300000000687
internal:relpscost,545,transfer-medium,data/tsp10/instances/transfer_6n/instance_22.lp,9,29,0.08,0.0,optimal,0.08574454199998627,0.0847360000000208
gnn:supervised,545,transfer-medium,data/tsp10/instances/transfer_6n/instance_22.lp,9,29,0.09,0.0,optimal,0.09606304199996885,0.09533100000004424
internal:relpscost,545,transfer-medium,data/tsp10/instances/transfer_6n/instance_36.lp,9,29,0.08,0.0,optimal,0.0850449590000153,0.0843449999999848
gnn:supervised,545,transfer-medium,data/tsp10/instances/transfer_6n/instance_36.lp,9,29,0.09,0.0,optimal,0.09424837500000649,0.09355299999998579
internal:relpscost,545,transfer-medium,data/tsp10/instances/transfer_6n/instance_52.lp,9,29,0.08,0.0,optimal,0.08692591699997365,0.08607399999999643
gnn:supervised,545,transfer-medium,data/tsp10/instances/transfer_6n/instance_52.lp,9,29,0.08,0.0,optimal,0.09556545899999946,0.09518099999996821
internal:relpscost,545,transfer-medium,data/tsp10/instances/transfer_6n/instance_68.lp,9,29,0.08,0.0,optimal,0.08536437499998328,0.08497699999998076
gnn:supervised,545,transfer-medium,data/tsp10/instances/transfer_6n/instance_68.lp,9,29,0.09,0.0,optimal,0.09545945799999345,0.09506499999997686
internal:relpscost,545,transfer-medium,data/tsp10/instances/transfer_6n/instance_30.lp,9,29,0.08,0.0,optimal,0.08733899999998584,0.08607900000004065
gnn:supervised,545,transfer-medium,data/tsp10/instances/transfer_6n/instance_30.lp,9,29,0.08,0.0,optimal,0.09410316699995747,0.09391799999997374
internal:relpscost,545,transfer-medium,data/tsp10/instances/transfer_6n/instance_60.lp,9,29,0.07,0.0,optimal,0.0838727920000224,0.08331199999997807
gnn:supervised,545,transfer-medium,data/tsp10/instances/transfer_6n/instance_60.lp,9,29,0.08,0.0,optimal,0.09337404199999355,0.0931150000000116
internal:relpscost,545,transfer-medium,data/tsp10/instances/transfer_6n/instance_16.lp,9,29,0.07,0.0,optimal,0.0828826249999679,0.08203299999996716
gnn:supervised,545,transfer-medium,data/tsp10/instances/transfer_6n/instance_16.lp,9,29,0.08,0.0,optimal,0.09378762500000448,0.09370699999999488
internal:relpscost,545,transfer-medium,data/tsp10/instances/transfer_6n/instance_4.lp,9,29,0.07,0.0,optimal,0.08395758299997169,0.08387599999997519
gnn:supervised,545,transfer-medium,data/tsp10/instances/transfer_6n/instance_4.lp,9,29,0.08,0.0,optimal,0.09308033399997839,0.09284900000000107
internal:relpscost,545,transfer-medium,data/tsp10/instances/transfer_6n/instance_38.lp,9,29,0.07,0.0,optimal,0.08278270800002474,0.08261100000004262
gnn:supervised,545,transfer-medium,data/tsp10/instances/transfer_6n/instance_38.lp,9,29,0.09,0.0,optimal,0.1001908329999992,0.09530999999998357
internal:relpscost,545,transfer-medium,data/tsp10/instances/transfer_6n/instance_41.lp,9,29,0.08,0.0,optimal,0.08549375000001191,0.08514800000000378
gnn:supervised,545,transfer-medium,data/tsp10/instances/transfer_6n/instance_41.lp,9,29,0.09,0.0,optimal,0.09853316700002779,0.09737799999999197
internal:relpscost,545,transfer-medium,data/tsp10/instances/transfer_6n/instance_41.lp,9,29,0.08,0.0,optimal,0.08689049999998133,0.08658600000001115
gnn:supervised,545,transfer-medium,data/tsp10/instances/transfer_6n/instance_41.lp,9,29,0.09,0.0,optimal,0.09543541600004346,0.09497600000003104
internal:relpscost,545,transfer-medium,data/tsp10/instances/transfer_6n/instance_88.lp,9,29,0.08,0.0,optimal,0.08381712499999594,0.08281099999999242
gnn:supervised,545,transfer-medium,data/tsp10/instances/transfer_6n/instance_88.lp,9,29,0.09,0.0,optimal,0.09554120899997542,0.09453300000001263
internal:relpscost,545,transfer-medium,data/tsp10/instances/transfer_6n/instance_52.lp,9,29,0.08,0.0,optimal,0.08709237499999745,0.08663100000001123
gnn:supervised,545,transfer-medium,data/tsp10/instances/transfer_6n/instance_52.lp,9,29,0.09,0.0,optimal,0.0970625420000033,0.09656699999999319
internal:relpscost,545,transfer-medium,data/tsp10/instances/transfer_6n/instance_20.lp,9,29,0.08,0.0,optimal,0.08696112500001618,0.08636000000001332
gnn:supervised,545,transfer-medium,data/tsp10/instances/transfer_6n/instance_20.lp,9,29,0.09,0.0,optimal,0.09584066700000449,0.09515999999996438
internal:relpscost,545,transfer-medium,data/tsp10/instances/transfer_6n/instance_84.lp,9,29,0.08,0.0,optimal,0.08629420899995921,0.08499000000000478
gnn:supervised,545,transfer-medium,data/tsp10/instances/transfer_6n/instance_84.lp,9,29,0.08,0.0,optimal,0.0919727920000355,0.09184600000003229
internal:relpscost,545,transfer-medium,data/tsp10/instances/transfer_6n/instance_2.lp,9,29,0.07,0.0,optimal,0.08686645800003134,0.08505600000000868
gnn:supervised,545,transfer-medium,data/tsp10/instances/transfer_6n/instance_2.lp,9,29,0.08,0.0,optimal,0.09259616699995377,0.09250499999996009
internal:relpscost,545,transfer-medium,data/tsp10/instances/transfer_6n/instance_26.lp,9,29,0.08,0.0,optimal,0.08810504199999514,0.08553799999998546
gnn:supervised,545,transfer-medium,data/tsp10/instances/transfer_6n/instance_26.lp,9,29,0.08,0.0,optimal,0.09125487500000418,0.0912309999999934
internal:relpscost,545,transfer-medium,data/tsp10/instances/transfer_6n/instance_74.lp,9,29,0.07,0.0,optimal,0.08264020899997604,0.08176800000001094
gnn:supervised,545,transfer-medium,data/tsp10/instances/transfer_6n/instance_74.lp,9,29,0.08,0.0,optimal,0.0913614579999944,0.09129100000001245
internal:relpscost,545,transfer-medium,data/tsp10/instances/transfer_6n/instance_18.lp,9,29,0.08,0.0,optimal,0.08438820899999655,0.08420599999999467
gnn:supervised,545,transfer-medium,data/tsp10/instances/transfer_6n/instance_18.lp,9,29,0.08,0.0,optimal,0.09190779200002908,0.0917880000000082
internal:relpscost,545,transfer-medium,data/tsp10/instances/transfer_6n/instance_91.lp,9,29,0.08,0.0,optimal,0.0831489999999917,0.08287999999998874
gnn:supervised,545,transfer-medium,data/tsp10/instances/transfer_6n/instance_91.lp,9,29,0.08,0.0,optimal,0.09546954099999994,0.09531600000002527
internal:relpscost,545,transfer-medium,data/tsp10/instances/transfer_6n/instance_73.lp,9,29,0.08,0.0,optimal,0.08631062500001008,0.08601099999998496
gnn:supervised,545,transfer-medium,data/tsp10/instances/transfer_6n/instance_73.lp,9,29,0.09,0.0,optimal,0.097593833000019,0.0958880000000022
internal:relpscost,545,transfer-medium,data/tsp10/instances/transfer_6n/instance_80.lp,9,29,0.08,0.0,optimal,0.08597950000000765,0.08530300000001034
gnn:supervised,545,transfer-medium,data/tsp10/instances/transfer_6n/instance_80.lp,9,29,0.08,0.0,optimal,0.09359087499996122,0.09342600000002221
internal:relpscost,545,transfer-medium,data/tsp10/instances/transfer_6n/instance_75.lp,9,29,0.07,0.0,optimal,0.08368912499997805,0.08282800000000634
gnn:supervised,545,transfer-medium,data/tsp10/instances/transfer_6n/instance_75.lp,9,29,0.08,0.0,optimal,0.09559574999997267,0.09519299999999475
internal:relpscost,545,transfer-medium,data/tsp10/instances/transfer_6n/instance_41.lp,9,29,0.07,0.0,optimal,0.08713891700000431,0.08413199999995413
gnn:supervised,545,transfer-medium,data/tsp10/instances/transfer_6n/instance_41.lp,9,29,0.09,0.0,optimal,0.09489579099999901,0.09451599999999871
internal:relpscost,545,transfer-medium,data/tsp10/instances/transfer_6n/instance_84.lp,9,29,0.08,0.0,optimal,0.08211337500000582,0.0820470000000455
gnn:supervised,545,transfer-medium,data/tsp10/instances/transfer_6n/instance_84.lp,9,29,0.09,0.0,optimal,0.09321933299997909,0.09312199999999393
internal:relpscost,545,transfer-medium,data/tsp10/instances/transfer_6n/instance_13.lp,9,29,0.08,0.0,optimal,0.08358787499997788,0.08334200000001601
gnn:supervised,545,transfer-medium,data/tsp10/instances/transfer_6n/instance_13.lp,9,29,0.09,0.0,optimal,0.09995658299999377,0.09455399999995961
internal:relpscost,545,transfer-medium,data/tsp10/instances/transfer_6n/instance_47.lp,9,29,0.08,0.0,optimal,0.08655904100004363,0.08564699999999448
gnn:supervised,545,transfer-medium,data/tsp10/instances/transfer_6n/instance_47.lp,9,29,0.09,0.0,optimal,0.0943778750000206,0.09397500000000036
internal:relpscost,545,transfer-medium,data/tsp10/instances/transfer_6n/instance_77.lp,9,29,0.07,0.0,optimal,0.08656229100000701,0.08541200000001936
gnn:supervised,545,transfer-medium,data/tsp10/instances/transfer_6n/instance_77.lp,9,29,0.09,0.0,optimal,0.09624595799999724,0.09567199999997911
internal:relpscost,545,transfer-medium,data/tsp10/instances/transfer_6n/instance_62.lp,9,29,0.08,0.0,optimal,0.08602154200002587,0.08588300000002391
gnn:supervised,545,transfer-medium,data/tsp10/instances/transfer_6n/instance_62.lp,9,29,0.09,0.0,optimal,0.09430183300003137,0.09382199999998875
internal:relpscost,545,transfer-medium,data/tsp10/instances/transfer_6n/instance_62.lp,9,29,0.08,0.0,optimal,0.08204541599997128,0.08191199999998844
gnn:supervised,545,transfer-medium,data/tsp10/instances/transfer_6n/instance_62.lp,9,29,0.09,0.0,optimal,0.0920122080000283,0.09187500000001592
internal:relpscost,545,transfer-medium,data/tsp10/instances/transfer_6n/instance_8.lp,9,29,0.08,0.0,optimal,0.08504491700000472,0.08411599999999453
gnn:supervised,545,transfer-medium,data/tsp10/instances/transfer_6n/instance_8.lp,9,29,0.09,0.0,optimal,0.093263458000024,0.09304299999996601
internal:relpscost,545,transfer-medium,data/tsp10/instances/transfer_6n/instance_89.lp,9,29,0.08,0.0,optimal,0.08112399999998843,0.0802789999999618
gnn:supervised,545,transfer-medium,data/tsp10/instances/transfer_6n/instance_89.lp,9,29,0.09,0.0,optimal,0.09305833300004451,0.0928180000000225
internal:relpscost,545,transfer-medium,data/tsp10/instances/transfer_6n/instance_87.lp,9,29,0.08,0.0,optimal,0.0880755000000022,0.08664299999998093
gnn:supervised,545,transfer-medium,data/tsp10/instances/transfer_6n/instance_87.lp,9,29,0.09,0.0,optimal,0.09518574999998464,0.09471999999999525
internal:relpscost,545,transfer-medium,data/tsp10/instances/transfer_6n/instance_76.lp,9,29,0.07,0.0,optimal,0.08456854199999952,0.08449600000000146
gnn:supervised,545,transfer-medium,data/tsp10/instances/transfer_6n/instance_76.lp,9,29,0.08,0.0,optimal,0.09316329100005305,0.09299599999997099
internal:relpscost,545,transfer-medium,data/tsp10/instances/transfer_6n/instance_59.lp,9,29,0.08,0.0,optimal,0.08658829199998763,0.08550600000000941
gnn:supervised,545,transfer-medium,data/tsp10/instances/transfer_6n/instance_59.lp,9,29,0.09,0.0,optimal,0.09443212500002574,0.09399899999999661
internal:relpscost,545,transfer-medium,data/tsp10/instances/transfer_6n/instance_34.lp,9,29,0.08,0.0,optimal,0.08378812500001231,0.08328999999997677
gnn:supervised,545,transfer-medium,data/tsp10/instances/transfer_6n/instance_34.lp,9,29,0.09,0.0,optimal,0.09448504199997387,0.09403200000002698
internal:relpscost,545,transfer-medium,data/tsp10/instances/transfer_6n/instance_68.lp,9,29,0.08,0.0,optimal,0.08410695800000667,0.08383600000001934
gnn:supervised,545,transfer-medium,data/tsp10/instances/transfer_6n/instance_68.lp,9,29,0.09,0.0,optimal,0.09543191599999545,0.09465500000004567
internal:relpscost,545,transfer-medium,data/tsp10/instances/transfer_6n/instance_76.lp,9,29,0.08,0.0,optimal,0.08684475000001157,0.08608600000002298
gnn:supervised,545,transfer-medium,data/tsp10/instances/transfer_6n/instance_76.lp,9,29,0.09,0.0,optimal,0.10687324999997827,0.09624900000000025
internal:relpscost,545,transfer-medium,data/tsp10/instances/transfer_6n/instance_21.lp,9,29,0.08,0.0,optimal,0.08862854200003767,0.0871869999999717
gnn:supervised,545,transfer-medium,data/tsp10/instances/transfer_6n/instance_21.lp,9,29,0.09,0.0,optimal,0.09603824999999233,0.09516600000000608
internal:relpscost,545,transfer-medium,data/tsp10/instances/transfer_6n/instance_88.lp,9,29,0.08,0.0,optimal,0.08541841699997121,0.08515399999998863
gnn:supervised,545,transfer-medium,data/tsp10/instances/transfer_6n/instance_88.lp,9,29,0.08,0.0,optimal,0.09291941700001871,0.09265199999998686
internal:relpscost,545,transfer-medium,data/tsp10/instances/transfer_6n/instance_35.lp,9,29,0.08,0.0,optimal,0.08841254200001458,0.08751000000000886
gnn:supervised,545,transfer-medium,data/tsp10/instances/transfer_6n/instance_35.lp,9,29,0.09,0.0,optimal,0.09411662499996964,0.09364099999999098
internal:relpscost,545,transfer-medium,data/tsp10/instances/transfer_6n/instance_35.lp,9,29,0.08,0.0,optimal,0.0852062090000345,0.0847880000000032
gnn:supervised,545,transfer-medium,data/tsp10/instances/transfer_6n/instance_35.lp,9,29,0.08,0.0,optimal,0.09549041599996144,0.09490099999999302
internal:relpscost,545,transfer-medium,data/tsp10/instances/transfer_6n/instance_60.lp,9,29,0.08,0.0,optimal,0.08531654199998684,0.08487600000000839
gnn:supervised,545,transfer-medium,data/tsp10/instances/transfer_6n/instance_60.lp,9,29,0.09,0.0,optimal,0.09527191600000151,0.0947739999999726
internal:relpscost,545,transfer-medium,data/tsp10/instances/transfer_6n/instance_65.lp,9,29,0.08,0.0,optimal,0.08613416699995469,0.08552499999996144
gnn:supervised,545,transfer-medium,data/tsp10/instances/transfer_6n/instance_65.lp,9,29,0.09,0.0,optimal,0.09559854099995846,0.09494599999999309
internal:relpscost,545,transfer-medium,data/tsp10/instances/transfer_6n/instance_79.lp,9,29,0.07,0.0,optimal,0.0847421670000017,0.08433000000002266
gnn:supervised,545,transfer-medium,data/tsp10/instances/transfer_6n/instance_79.lp,9,29,0.08,0.0,optimal,0.09429854199999,0.09347000000002481
internal:relpscost,545,transfer-medium,data/tsp10/instances/transfer_6n/instance_69.lp,9,29,0.08,0.0,optimal,0.08532791700002917,0.08457600000002685
gnn:supervised,545,transfer-medium,data/tsp10/instances/transfer_6n/instance_69.lp,9,29,0.09,0.0,optimal,0.0957037090000199,0.09502500000002101
internal:relpscost,545,transfer-medium,data/tsp10/instances/transfer_6n/instance_12.lp,9,29,0.08,0.0,optimal,0.08544870800000126,0.08481899999998177
gnn:supervised,545,transfer-medium,data/tsp10/instances/transfer_6n/instance_12.lp,9,29,0.09,0.0,optimal,0.09511666700001342,0.09448299999996834
internal:relpscost,545,transfer-medium,data/tsp10/instances/transfer_6n/instance_43.lp,9,29,0.07,0.0,optimal,0.08530991599997151,0.08517799999998488
gnn:supervised,545,transfer-medium,data/tsp10/instances/transfer_6n/instance_43.lp,9,29,0.08,0.0,optimal,0.09251450000004979,0.09222199999999248
internal:relpscost,545,transfer-medium,data/tsp10/instances/transfer_6n/instance_6.lp,9,29,0.08,0.0,optimal,0.0874233750000144,0.08666399999998475
gnn:supervised,545,transfer-medium,data/tsp10/instances/transfer_6n/instance_6.lp,9,29,0.09,0.0,optimal,0.09628791699998374,0.09550600000000031
internal:relpscost,545,transfer-medium,data/tsp10/instances/transfer_6n/instance_95.lp,9,29,0.08,0.0,optimal,0.08533399999998892,0.0848959999999579
gnn:supervised,545,transfer-medium,data/tsp10/instances/transfer_6n/instance_95.lp,9,29,0.08,0.0,optimal,0.09394095800001878,0.09313800000001038
internal:relpscost,545,transfer-medium,data/tsp10/instances/transfer_6n/instance_83.lp,9,29,0.07,0.0,optimal,0.08494012500000281,0.08440100000001394
gnn:supervised,545,transfer-medium,data/tsp10/instances/transfer_6n/instance_83.lp,9,29,0.08,0.0,optimal,0.09223400000001902,0.09210200000001123
internal:relpscost,545,transfer-large,data/tsp10/instances/transfer_20n/instance_25.lp,7600,7201,13.31,0.0,optimal,14.633381957999973,14.577885999999978
gnn:supervised,545,transfer-large,data/tsp10/instances/transfer_20n/instance_25.lp,7600,7201,13.38,0.0,optimal,14.74984975000001,14.698851999999988
internal:relpscost,545,transfer-large,data/tsp10/instances/transfer_20n/instance_71.lp,7600,7201,13.12,0.0,optimal,14.473854458000005,14.39502299999998
gnn:supervised,545,transfer-large,data/tsp10/instances/transfer_20n/instance_71.lp,7600,7201,13.24,0.0,optimal,14.61945616700001,14.554045999999971
internal:relpscost,545,transfer-large,data/tsp10/instances/transfer_20n/instance_43.lp,7600,7201,13.07,0.0,optimal,14.398060375,14.340891
gnn:supervised,545,transfer-large,data/tsp10/instances/transfer_20n/instance_43.lp,7600,7201,13.37,0.0,optimal,14.736294874999999,14.676887000000022
internal:relpscost,545,transfer-large,data/tsp10/instances/transfer_20n/instance_55.lp,7600,7201,13.5,0.0,optimal,14.832940708000024,14.778965000000028
gnn:supervised,545,transfer-large,data/tsp10/instances/transfer_20n/instance_55.lp,7600,7201,13.49,0.0,optimal,14.861687749999987,14.811897000000044
internal:relpscost,545,transfer-large,data/tsp10/instances/transfer_20n/instance_90.lp,7600,7201,13.28,0.0,optimal,14.569671500000027,14.538809000000015
gnn:supervised,545,transfer-large,data/tsp10/instances/transfer_20n/instance_90.lp,7600,7201,13.47,0.0,optimal,14.865348374999996,14.811345000000017
internal:relpscost,545,transfer-large,data/tsp10/instances/transfer_20n/instance_46.lp,7600,7201,13.73,0.0,optimal,15.266449625000064,15.04092300000002
gnn:supervised,545,transfer-large,data/tsp10/instances/transfer_20n/instance_46.lp,7600,7201,13.63,0.0,optimal,15.09625845800008,14.969832999999994
internal:relpscost,545,transfer-large,data/tsp10/instances/transfer_20n/instance_92.lp,7600,7201,13.64,0.0,optimal,15.095034208000015,14.919621000000006
gnn:supervised,545,transfer-large,data/tsp10/instances/transfer_20n/instance_92.lp,7600,7201,15.2,0.0,optimal,17.9339316249999,16.61159699999996
internal:relpscost,545,transfer-large,data/tsp10/instances/transfer_20n/instance_29.lp,7600,7201,13.55,0.0,optimal,15.049613125000064,14.877969000000007
gnn:supervised,545,transfer-large,data/tsp10/instances/transfer_20n/instance_29.lp,7600,7201,14.35,0.0,optimal,16.079934583000068,15.712856999999985
internal:relpscost,545,transfer-large,data/tsp10/instances/transfer_20n/instance_71.lp,7600,7201,14.03,0.0,optimal,15.659154457999989,15.356616000000031
gnn:supervised,545,transfer-large,data/tsp10/instances/transfer_20n/instance_71.lp,7600,7201,13.62,0.0,optimal,15.02061745800006,14.95696799999996
internal:relpscost,545,transfer-large,data/tsp10/instances/transfer_20n/instance_50.lp,7600,7201,13.04,0.0,optimal,14.319019332999915,14.300515000000019
gnn:supervised,545,transfer-large,data/tsp10/instances/transfer_20n/instance_50.lp,7600,7201,13.97,0.0,optimal,15.381998291000059,15.30794400000002
internal:relpscost,545,transfer-large,data/tsp10/instances/transfer_20n/instance_1.lp,7600,7201,12.84,0.0,optimal,14.11391387499998,14.099100000000021
gnn:supervised,545,transfer-large,data/tsp10/instances/transfer_20n/instance_1.lp,7600,7201,13.7,0.0,optimal,15.079529334000085,15.01831699999991
internal:relpscost,545,transfer-large,data/tsp10/instances/transfer_20n/instance_98.lp,7600,7201,13.56,0.0,optimal,14.953102958000045,14.84825699999999
gnn:supervised,545,transfer-large,data/tsp10/instances/transfer_20n/instance_98.lp,7600,7201,13.68,0.0,optimal,15.051296666999974,15.003401000000054
internal:relpscost,545,transfer-large,data/tsp10/instances/transfer_20n/instance_91.lp,7600,7201,13.32,0.0,optimal,14.663527749999957,14.602225999999973
gnn:supervised,545,transfer-large,data/tsp10/instances/transfer_20n/instance_91.lp,7600,7201,13.66,0.0,optimal,15.048619874999986,14.982762999999977
internal:relpscost,545,transfer-large,data/tsp10/instances/transfer_20n/instance_75.lp,7600,7201,13.61,0.0,optimal,14.996038666999993,14.898969999999963
gnn:supervised,545,transfer-large,data/tsp10/instances/transfer_20n/instance_75.lp,7600,7201,14.06,0.0,optimal,15.703643041999953,15.420599000000038
internal:relpscost,545,transfer-large,data/tsp10/instances/transfer_20n/instance_52.lp,7600,7201,13.36,0.0,optimal,14.720805625000025,14.64373599999999
gnn:supervised,545,transfer-large,data/tsp10/instances/transfer_20n/instance_52.lp,7600,7201,13.46,0.0,optimal,14.873491333999937,14.784722999999985
internal:relpscost,545,transfer-large,data/tsp10/instances/transfer_20n/instance_40.lp,7600,7201,13.0,0.0,optimal,14.344643125000061,14.25834599999996
gnn:supervised,545,transfer-large,data/tsp10/instances/transfer_20n/instance_40.lp,7600,7201,13.94,0.0,optimal,15.424226916999942,15.285855000000083
internal:relpscost,545,transfer-large,data/tsp10/instances/transfer_20n/instance_63.lp,7600,7201,13.66,0.0,optimal,15.07865141700006,14.95975599999997
gnn:supervised,545,transfer-large,data/tsp10/instances/transfer_20n/instance_63.lp,7600,7201,13.58,0.0,optimal,15.014311291000013,14.903546000000006
internal:relpscost,545,transfer-large,data/tsp10/instances/transfer_20n/instance_54.lp,7600,7201,13.3,0.0,optimal,14.63795595800002,14.579879000000005
gnn:supervised,545,transfer-large,data/tsp10/instances/transfer_20n/instance_54.lp,7600,7201,13.83,0.0,optimal,15.298443874999975,15.17917
internal:relpscost,545,transfer-large,data/tsp10/instances/transfer_20n/instance_11.lp,7600,7201,13.52,0.0,optimal,14.894618959000013,14.802116000000069
gnn:supervised,545,transfer-large,data/tsp10/instances/transfer_20n/instance_11.lp,7600,7201,14.09,0.0,optimal,15.606997332999981,15.437322999999992
internal:relpscost,545,transfer-large,data/tsp10/instances/transfer_20n/instance_67.lp,7600,7201,13.36,0.0,optimal,14.718449499999906,14.650064000000043
gnn:supervised,545,transfer-large,data/tsp10/instances/transfer_20n/instance_67.lp,7600,7201,14.1,0.0,optimal,15.554640209000013,15.446000000000026
internal:relpscost,545,transfer-large,data/tsp10/instances/transfer_20n/instance_93.lp,7600,7201,13.18,0.0,optimal,14.503959791999932,14.457336999999939
gnn:supervised,545,transfer-large,data/tsp10/instances/transfer_20n/instance_93.lp,7600,7201,13.98,0.0,optimal,15.567341250000027,15.335169000000064
internal:relpscost,545,transfer-large,data/tsp10/instances/transfer_20n/instance_75.lp,7600,7201,12.88,0.0,optimal,14.149653917000023,14.134490000000028
gnn:supervised,545,transfer-large,data/tsp10/instances/transfer_20n/instance_75.lp,7600,7201,13.75,0.0,optimal,15.212519458000088,15.10705299999995
internal:relpscost,545,transfer-large,data/tsp10/instances/transfer_20n/instance_53.lp,7600,7201,13.17,0.0,optimal,14.513692792000029,14.432761999999911
gnn:supervised,545,transfer-large,data/tsp10/instances/transfer_20n/instance_53.lp,7600,7201,13.99,0.0,optimal,15.535363417000099,15.339396999999963
internal:relpscost,545,transfer-large,data/tsp10/instances/transfer_20n/instance_89.lp,7600,7201,13.33,0.0,optimal,14.638654458000019,14.598146000000042
gnn:supervised,545,transfer-large,data/tsp10/instances/transfer_20n/instance_89.lp,7600,7201,13.58,0.0,optimal,15.035019250000005,14.927138999999897
internal:relpscost,545,transfer-large,data/tsp10/instances/transfer_20n/instance_40.lp,7600,7201,13.3,0.0,optimal,14.666462749999937,14.587549999999965
gnn:supervised,545,transfer-large,data/tsp10/instances/transfer_20n/instance_40.lp,7600,7201,13.74,0.0,optimal,15.17099783399999,15.06904099999997
internal:relpscost,545,transfer-large,data/tsp10/instances/transfer_20n/instance_52.lp,7600,7201,13.23,0.0,optimal,14.580502208000098,14.498135999999931
gnn:supervised,545,transfer-large,data/tsp10/instances/transfer_20n/instance_52.lp,7600,7201,13.42,0.0,optimal,14.79862187499998,14.739088000000038
internal:relpscost,545,transfer-large,data/tsp10/instances/transfer_20n/instance_32.lp,7600,7201,13.46,0.0,optimal,14.857252292000112,14.74672600000008
gnn:supervised,545,transfer-large,data/tsp10/instances/transfer_20n/instance_32.lp,7600,7201,13.43,0.0,optimal,14.802956582999968,14.749722999999904
internal:relpscost,545,transfer-large,data/tsp10/instances/transfer_20n/instance_43.lp,7600,7201,13.43,0.0,optimal,14.75751754199996,14.70911799999999
gnn:supervised,545,transfer-large,data/tsp10/instances/transfer_20n/instance_43.lp,7600,7201,13.34,0.0,optimal,14.685458415999847,14.649445999999898
internal:relpscost,545,transfer-large,data/tsp10/instances/transfer_20n/instance_16.lp,7600,7201,13.44,0.0,optimal,14.764146458999903,14.714214000000084
gnn:supervised,545,transfer-large,data/tsp10/instances/transfer_20n/instance_16.lp,7600,7201,13.4,0.0,optimal,14.762979207999933,14.719074999999975
internal:relpscost,545,transfer-large,data/tsp10/instances/transfer_20n/instance_1.lp,7600,7201,13.48,0.0,optimal,14.831354833999967,14.754821999999876
gnn:supervised,545,transfer-large,data/tsp10/instances/transfer_20n/instance_1.lp,7600,7201,13.77,0.0,optimal,15.230508124999915,15.107854000000088
internal:relpscost,545,transfer-large,data/tsp10/instances/transfer_20n/instance_55.lp,7600,7201,13.19,0.0,optimal,14.549243208000007,14.455519000000095
gnn:supervised,545,transfer-large,data/tsp10/instances/transfer_20n/instance_55.lp,7600,7201,13.83,0.0,optimal,15.290829958999893,15.173633999999993
internal:relpscost,545,transfer-large,data/tsp10/instances/transfer_20n/instance_70.lp,7600,7201,13.49,0.0,optimal,14.910255000000006,14.78446299999996
gnn:supervised,545,transfer-large,data/tsp10/instances/transfer_20n/instance_70.lp,7600,7201,13.62,0.0,optimal,15.02030949999994,14.942387000000053
internal:relpscost,545,transfer-large,data/tsp10/instances/transfer_20n/instance_82.lp,7600,7201,13.55,0.0,optimal,14.965354959000024,14.830508000000009
gnn:supervised,545,transfer-large,data/tsp10/instances/transfer_20n/instance_82.lp,7600,7201,13.61,0.0,optimal,15.131982999999991,14.941463999999996
internal:relpscost,545,transfer-large,data/tsp10/instances/transfer_20n/instance_22.lp,7600,7201,13.54,0.0,optimal,14.973056833999863,14.823155999999926
gnn:supervised,545,transfer-large,data/tsp10/instances/transfer_20n/instance_22.lp,7600,7201,13.74,0.0,optimal,15.17025912500003,15.074947000000066
internal:relpscost,545,transfer-large,data/tsp10/instances/transfer_20n/instance_75.lp,7600,7201,13.45,0.0,optimal,14.836139999999887,14.74587600000018
gnn:supervised,545,transfer-large,data/tsp10/instances/transfer_20n/instance_75.lp,7600,7201,13.64,0.0,optimal,15.060794792000024,14.981872000000067
internal:relpscost,545,transfer-large,data/tsp10/instances/transfer_20n/instance_15.lp,7600,7201,13.43,0.0,optimal,14.835587999999916,14.711348000000044
gnn:supervised,545,transfer-large,data/tsp10/instances/transfer_20n/instance_15.lp,7600,7201,13.71,0.0,optimal,15.295178250000163,15.042046999999911
internal:relpscost,545,transfer-large,data/tsp10/instances/transfer_20n/instance_31.lp,7600,7201,13.14,0.0,optimal,14.529847709000023,14.404230000000098
gnn:supervised,545,transfer-large,data/tsp10/instances/transfer_20n/instance_31.lp,7600,7201,13.34,0.0,optimal,14.785715959000072,14.653581999999915
internal:relpscost,545,transfer-large,data/tsp10/instances/transfer_20n/instance_71.lp,7600,7201,13.02,0.0,optimal,14.365363874999957,14.283069000000069
gnn:supervised,545,transfer-large,data/tsp10/instances/transfer_20n/instance_71.lp,7600,7201,13.2,0.0,optimal,14.60142124999993,14.510260000000017
internal:relpscost,545,transfer-large,data/tsp10/instances/transfer_20n/instance_47.lp,7600,7201,13.32,0.0,optimal,14.662471542000048,14.57826
gnn:supervised,545,transfer-large,data/tsp10/instances/transfer_20n/instance_47.lp,7600,7201,13.33,0.0,optimal,14.7606623329998,14.637064999999893
internal:relpscost,545,transfer-large,data/tsp10/instances/transfer_20n/instance_27.lp,7600,7201,13.12,0.0,optimal,14.524873957999944,14.392912000000024
gnn:supervised,545,transfer-large,data/tsp10/instances/transfer_20n/instance_27.lp,7600,7201,13.21,0.0,optimal,14.610442791999958,14.510152999999946
internal:relpscost,545,transfer-large,data/tsp10/instances/transfer_20n/instance_77.lp,7600,7201,13.34,0.0,optimal,14.755072874999996,14.612047999999959
gnn:supervised,545,transfer-large,data/tsp10/instances/transfer_20n/instance_77.lp,7600,7201,13.49,0.0,optimal,14.996854125000027,14.795864000000165
internal:relpscost,545,transfer-large,data/tsp10/instances/transfer_20n/instance_60.lp,7600,7201,13.24,0.0,optimal,14.587075417000051,14.497360999999955
gnn:supervised,545,transfer-large,data/tsp10/instances/transfer_20n/instance_60.lp,7600,7201,13.39,0.0,optimal,14.900631833000034,14.700477999999976
internal:relpscost,545,transfer-large,data/tsp10/instances/transfer_20n/instance_85.lp,7600,7201,13.56,0.0,optimal,14.929308292000087,14.835732000000007
gnn:supervised,545,transfer-large,data/tsp10/instances/transfer_20n/instance_85.lp,7600,7201,13.44,0.0,optimal,14.785936917000072,14.743919000000005
internal:relpscost,545,transfer-large,data/tsp10/instances/transfer_20n/instance_46.lp,7600,7201,13.39,0.0,optimal,14.696683584000084,14.660773999999947
gnn:supervised,545,transfer-large,data/tsp10/instances/transfer_20n/instance_46.lp,7600,7201,13.48,0.0,optimal,14.829188250000016,14.788583000000017
internal:relpscost,545,transfer-large,data/tsp10/instances/transfer_20n/instance_18.lp,7600,7201,13.36,0.0,optimal,14.674578708000126,14.62700400000017
gnn:supervised,545,transfer-large,data/tsp10/instances/transfer_20n/instance_18.lp,7600,7201,13.32,0.0,optimal,14.659756417000153,14.625714000000016
internal:relpscost,545,transfer-large,data/tsp10/instances/transfer_20n/instance_88.lp,7600,7201,13.3,0.0,optimal,14.620953625000084,14.57445400000006
gnn:supervised,545,transfer-large,data/tsp10/instances/transfer_20n/instance_88.lp,7600,7201,13.79,0.0,optimal,15.202353832999961,15.111940999999888
internal:relpscost,545,transfer-large,data/tsp10/instances/transfer_20n/instance_34.lp,7600,7201,13.01,0.0,optimal,14.313323374999982,14.273560999999972
gnn:supervised,545,transfer-large,data/tsp10/instances/transfer_20n/instance_34.lp,7600,7201,13.42,0.0,optimal,14.818330083000092,14.736887000000024
internal:relpscost,545,transfer-large,data/tsp10/instances/transfer_20n/instance_49.lp,7600,7201,13.26,0.0,optimal,14.617026291999991,14.521406999999954
gnn:supervised,545,transfer-large,data/tsp10/instances/transfer_20n/instance_49.lp,7600,7201,13.36,0.0,optimal,14.799417917000028,14.670883999999887
internal:relpscost,545,transfer-large,data/tsp10/instances/transfer_20n/instance_2.lp,7600,7201,13.28,0.0,optimal,14.662523916000055,14.549530000000004
gnn:supervised,545,transfer-large,data/tsp10/instances/transfer_20n/instance_2.lp,7600,7201,13.35,0.0,optimal,14.77932854200003,14.666115999999874
internal:relpscost,545,transfer-large,data/tsp10/instances/transfer_20n/instance_55.lp,7600,7201,13.34,0.0,optimal,14.723266708999972,14.606852000000117
gnn:supervised,545,transfer-large,data/tsp10/instances/transfer_20n/instance_55.lp,7600,7201,13.17,0.0,optimal,14.534699042000057,14.474435999999969
internal:relpscost,545,transfer-large,data/tsp10/instances/transfer_20n/instance_64.lp,7600,7201,12.99,0.0,optimal,14.34562379199997,14.252388999999994
gnn:supervised,545,transfer-large,data/tsp10/instances/transfer_20n/instance_64.lp,7600,7201,13.61,0.0,optimal,15.146693541999866,14.935230000000047
internal:relpscost,545,transfer-large,data/tsp10/instances/transfer_20n/instance_41.lp,7600,7201,13.32,0.0,optimal,14.687995666999996,14.596873999999843
gnn:supervised,545,transfer-large,data/tsp10/instances/transfer_20n/instance_41.lp,7600,7201,13.96,0.0,optimal,15.471237833000032,15.298501999999871
internal:relpscost,545,transfer-large,data/tsp10/instances/transfer_20n/instance_38.lp,7600,7201,13.05,0.0,optimal,14.399541750000026,14.31198500000005
gnn:supervised,545,transfer-large,data/tsp10/instances/transfer_20n/instance_38.lp,7600,7201,13.26,0.0,optimal,14.71213375000002,14.583054999999831
internal:relpscost,545,transfer-large,data/tsp10/instances/transfer_20n/instance_68.lp,7600,7201,13.24,0.0,optimal,14.60586795900008,14.495165000000043
gnn:supervised,545,transfer-large,data/tsp10/instances/transfer_20n/instance_68.lp,7600,7201,13.55,0.0,optimal,15.114817874999972,14.880354000000125
internal:relpscost,545,transfer-large,data/tsp10/instances/transfer_20n/instance_87.lp,7600,7201,13.47,0.0,optimal,14.967698833999975,14.766133000000082
gnn:supervised,545,transfer-large,data/tsp10/instances/transfer_20n/instance_87.lp,7600,7201,13.55,0.0,optimal,15.01925233399993,14.887838999999985
internal:relpscost,545,transfer-large,data/tsp10/instances/transfer_20n/instance_14.lp,7600,7201,13.17,0.0,optimal,14.514401749999934,14.433049999999866
gnn:supervised,545,transfer-large,data/tsp10/instances/transfer_20n/instance_14.lp,7600,7201,13.43,0.0,optimal,15.027272833000097,14.751210000000128
internal:relpscost,545,transfer-large,data/tsp10/instances/transfer_20n/instance_64.lp,7600,7201,13.34,0.0,optimal,14.765596791000235,14.623587000000043
gnn:supervised,545,transfer-large,data/tsp10/instances/transfer_20n/instance_64.lp,7600,7201,13.57,0.0,optimal,15.021467374999702,14.8898879999997
internal:relpscost,545,transfer-large,data/tsp10/instances/transfer_20n/instance_19.lp,7600,7201,13.38,0.0,optimal,14.829160458999922,14.651602999999795
gnn:supervised,545,transfer-large,data/tsp10/instances/transfer_20n/instance_19.lp,7600,7201,13.92,0.0,optimal,15.524722916999963,15.270979999999781
internal:relpscost,545,transfer-large,data/tsp10/instances/transfer_20n/instance_47.lp,7600,7201,13.38,0.0,optimal,14.85018804099991,14.66847800000005
gnn:supervised,545,transfer-large,data/tsp10/instances/transfer_20n/instance_47.lp,7600,7201,13.54,0.0,optimal,14.989432249999936,14.859391999999843
internal:relpscost,545,transfer-large,data/tsp10/instances/transfer_20n/instance_81.lp,7600,7201,13.14,0.0,optimal,14.516639166999994,14.40326899999991
gnn:supervised,545,transfer-large,data/tsp10/instances/transfer_20n/instance_81.lp,7600,7201,13.29,0.0,optimal,14.683374958000059,14.600986999999805
internal:relpscost,545,transfer-large,data/tsp10/instances/transfer_20n/instance_88.lp,7600,7201,13.26,0.0,optimal,14.599139207999997,14.523799000000054
gnn:supervised,545,transfer-large,data/tsp10/instances/transfer_20n/instance_88.lp,7600,7201,13.45,0.0,optimal,14.898691875000168,14.770278999999846
internal:relpscost,545,transfer-large,data/tsp10/instances/transfer_20n/instance_32.lp,7600,7201,13.21,0.0,optimal,14.52056579200007,14.475292000000081
gnn:supervised,545,transfer-large,data/tsp10/instances/transfer_20n/instance_32.lp,7600,7201,13.77,0.0,optimal,15.175632875000247,15.088694000000032
internal:relpscost,545,transfer-large,data/tsp10/instances/transfer_20n/instance_92.lp,7600,7201,13.83,0.0,optimal,15.276957999999922,15.133626999999706
gnn:supervised,545,transfer-large,data/tsp10/instances/transfer_20n/instance_92.lp,7600,7201,13.87,0.0,optimal,15.312718208000206,15.21805600000016
internal:relpscost,545,transfer-large,data/tsp10/instances/transfer_20n/instance_57.lp,7600,7201,13.62,0.0,optimal,14.991779750000205,14.895506999999725
gnn:supervised,545,transfer-large,data/tsp10/instances/transfer_20n/instance_57.lp,7600,7201,13.49,0.0,optimal,14.85971145800022,14.800217999999859
internal:relpscost,545,transfer-large,data/tsp10/instances/transfer_20n/instance_62.lp,7600,7201,13.35,0.0,optimal,14.722363291999955,14.627118000000337
gnn:supervised,545,transfer-large,data/tsp10/instances/transfer_20n/instance_62.lp,7600,7201,13.31,0.0,optimal,14.700713166999776,14.65383200000042
internal:relpscost,545,transfer-large,data/tsp10/instances/transfer_20n/instance_92.lp,7600,7201,13.4,0.0,optimal,14.73925324999982,14.672693999999865
gnn:supervised,545,transfer-large,data/tsp10/instances/transfer_20n/instance_92.lp,7600,7201,13.37,0.0,optimal,14.77220537500034,14.715447999999924
internal:relpscost,545,transfer-large,data/tsp10/instances/transfer_20n/instance_89.lp,7600,7201,13.21,0.0,optimal,14.507754500000374,14.468133999999736
gnn:supervised,545,transfer-large,data/tsp10/instances/transfer_20n/instance_89.lp,7600,7201,13.2,0.0,optimal,14.514669040999706,14.49084300000004
internal:relpscost,545,transfer-large,data/tsp10/instances/transfer_20n/instance_54.lp,7600,7201,12.98,0.0,optimal,14.250623709000138,14.23481000000038
gnn:supervised,545,transfer-large,data/tsp10/instances/transfer_20n/instance_54.lp,7600,7201,13.22,0.0,optimal,14.529372500000136,14.509006999999656
internal:relpscost,545,transfer-large,data/tsp10/instances/transfer_20n/instance_67.lp,7600,7201,13.09,0.0,optimal,14.380947416999788,14.35146799999984
gnn:supervised,545,transfer-large,data/tsp10/instances/transfer_20n/instance_67.lp,7600,7201,13.71,0.0,optimal,15.08576687499999,15.01923799999986
internal:relpscost,545,transfer-large,data/tsp10/instances/transfer_20n/instance_83.lp,7600,7201,13.22,0.0,optimal,14.503238750000037,14.479375999999775
gnn:supervised,545,transfer-large,data/tsp10/instances/transfer_20n/instance_83.lp,7600,7201,13.44,0.0,optimal,14.794334083999729,14.744815000000017
internal:relpscost,545,transfer-large,data/tsp10/instances/transfer_20n/instance_58.lp,7600,7201,13.21,0.0,optimal,14.518404709000151,14.47614399999975
gnn:supervised,545,transfer-large,data/tsp10/instances/transfer_20n/instance_58.lp,7600,7201,13.58,0.0,optimal,14.978086416999759,14.911229000000276
internal:relpscost,545,transfer-large,data/tsp10/instances/transfer_20n/instance_25.lp,7600,7201,13.15,0.0,optimal,14.53013220799994,14.419339000000036
gnn:supervised,545,transfer-large,data/tsp10/instances/transfer_20n/instance_25.lp,7600,7201,13.1,0.0,optimal,14.406728208000004,14.389769000000342
internal:relpscost,545,transfer-large,data/tsp10/instances/transfer_20n/instance_82.lp,7600,7201,13.39,0.0,optimal,14.707510000000184,14.659894999999779
gnn:supervised,545,transfer-large,data/tsp10/instances/transfer_20n/instance_82.lp,7600,7201,13.37,0.0,optimal,14.730648082999778,14.679752000000008
internal:relpscost,545,transfer-large,data/tsp10/instances/transfer_20n/instance_6.lp,7600,7201,13.09,0.0,optimal,14.391551083000195,14.351342000000386
gnn:supervised,545,transfer-large,data/tsp10/instances/transfer_20n/instance_6.lp,7600,7201,13.63,0.0,optimal,15.045846457999687,14.962152999999944
internal:relpscost,545,transfer-large,data/tsp10/instances/transfer_20n/instance_100.lp,7600,7201,13.25,0.0,optimal,14.559844333000001,14.509424999999737
gnn:supervised,545,transfer-large,data/tsp10/instances/transfer_20n/instance_100.lp,7600,7201,13.95,0.0,optimal,15.351132667000002,15.276957999999922
internal:relpscost,545,transfer-large,data/tsp10/instances/transfer_20n/instance_90.lp,7600,7201,13.27,0.0,optimal,14.572006458000033,14.540512000000035
gnn:supervised,545,transfer-large,data/tsp10/instances/transfer_20n/instance_90.lp,7600,7201,13.63,0.0,optimal,15.060461542000212,14.987368999999944
internal:relpscost,545,transfer-large,data/tsp10/instances/transfer_20n/instance_52.lp,7600,7201,13.52,0.0,optimal,14.874256375000186,14.798031999999694
gnn:supervised,545,transfer-large,data/tsp10/instances/transfer_20n/instance_52.lp,7600,7201,14.11,0.0,optimal,15.570668916000159,15.468382999999903
internal:relpscost,545,transfer-large,data/tsp10/instances/transfer_20n/instance_45.lp,7600,7201,13.2,0.0,optimal,14.497842083999785,14.455911999999898
gnn:supervised,545,transfer-large,data/tsp10/instances/transfer_20n/instance_45.lp,7600,7201,13.64,0.0,optimal,15.11986724999997,14.973799000000326
internal:relpscost,545,transfer-large,data/tsp10/instances/transfer_20n/instance_19.lp,7600,7201,13.03,0.0,optimal,14.32548987500013,14.28260100000034
gnn:supervised,545,transfer-large,data/tsp10/instances/transfer_20n/instance_19.lp,7600,7201,13.91,0.0,optimal,15.354319999999916,15.263866999999664
internal:relpscost,545,transfer-large,data/tsp10/instances/transfer_20n/instance_99.lp,7600,7201,13.49,0.0,optimal,14.882117457999811,14.784320999999636
gnn:supervised,545,transfer-large,data/tsp10/instances/transfer_20n/instance_99.lp,7600,7201,13.91,0.0,optimal,15.355988833000083,15.264617000000271
internal:relpscost,545,transfer-large,data/tsp10/instances/transfer_20n/instance_36.lp,7600,7201,13.5,0.0,optimal,14.959840333000102,14.775303999999778
gnn:supervised,545,transfer-large,data/tsp10/instances/transfer_20n/instance_36.lp,7600,7201,13.96,0.0,optimal,15.487301124999703,15.304548999999952
internal:relpscost,545,transfer-large,data/tsp10/instances/transfer_20n/instance_29.lp,7600,7201,13.48,0.0,optimal,14.960944583000128,14.757489999999962
gnn:supervised,545,transfer-large,data/tsp10/instances/transfer_20n/instance_29.lp,7600,7201,13.23,0.0,optimal,14.58915695800033,14.544687000000067
internal:relpscost,545,transfer-large,data/tsp10/instances/transfer_20n/instance_4.lp,7600,7201,13.02,0.0,optimal,14.320671041000423,14.27641500000027
gnn:supervised,545,transfer-large,data/tsp10/instances/transfer_20n/instance_4.lp,7600,7201,13.1,0.0,optimal,14.49527233300023,14.402972000000318
internal:relpscost,545,transfer-large,data/tsp10/instances/transfer_20n/instance_28.lp,7600,7201,12.83,0.0,optimal,14.109252500000366,14.075818000000254
gnn:supervised,545,transfer-large,data/tsp10/instances/transfer_20n/instance_28.lp,7600,7201,13.67,0.0,optimal,15.142248666999876,15.013804000000164
internal:relpscost,545,transfer-large,data/tsp10/instances/transfer_20n/instance_15.lp,7600,7201,13.07,0.0,optimal,14.395752166999955,14.3327290000002
gnn:supervised,545,transfer-large,data/tsp10/instances/transfer_20n/instance_15.lp,7600,7201,14.03,0.0,optimal,15.740926957999818,15.392631000000165
internal:relpscost,545,transfer-large,data/tsp10/instances/transfer_20n/instance_17.lp,7600,7201,13.33,0.0,optimal,14.657428541999707,14.601002999999764
gnn:supervised,545,transfer-large,data/tsp10/instances/transfer_20n/instance_17.lp,7600,7201,13.9,0.0,optimal,15.287524167000356,15.235508000000209
internal:relpscost,545,transfer-large,data/tsp10/instances/transfer_20n/instance_74.lp,7600,7201,13.51,0.0,optimal,14.87407470800008,14.790949000000182
gnn:supervised,545,transfer-large,data/tsp10/instances/transfer_20n/instance_74.lp,7600,7201,13.71,0.0,optimal,15.133982208000361,15.04534700000022
internal:relpscost,545,transfer-large,data/tsp10/instances/transfer_20n/instance_1.lp,7600,7201,13.42,0.0,optimal,14.762262208000266,14.700141999999687
gnn:supervised,545,transfer-large,data/tsp10/instances/transfer_20n/instance_1.lp,7600,7201,13.33,0.0,optimal,14.710859165999864,14.654480000000149
internal:relpscost,545,transfer-large,data/tsp10/instances/transfer_20n/instance_68.lp,7600,7201,13.33,0.0,optimal,14.641877749999821,14.60504600000013
gnn:supervised,545,transfer-large,data/tsp10/instances/transfer_20n/instance_68.lp,7600,7201,13.48,0.0,optimal,14.852711459000147,14.79970000000003
internal:relpscost,545,transfer-large,data/tsp10/instances/transfer_20n/instance_41.lp,7600,7201,13.33,0.0,optimal,14.630813374999889,14.591953999999987
gnn:supervised,545,transfer-large,data/tsp10/instances/transfer_20n/instance_41.lp,7600,7201,13.69,0.0,optimal,15.171332166999946,15.025928000000022
internal:relpscost,545,transfer-large,data/tsp10/instances/transfer_20n/instance_85.lp,7600,7201,12.99,0.0,optimal,14.281615584000065,14.242272000000412
gnn:supervised,545,transfer-large,data/tsp10/instances/transfer_20n/instance_85.lp,7600,7201,13.22,0.0,optimal,14.556954833000418,14.515345000000252
internal:relpscost,545,transfer-large,data/tsp10/instances/transfer_20n/instance_36.lp,7600,7201,13.27,0.0,optimal,14.579262125000241,14.534149999999954
gnn:supervised,545,transfer-large,data/tsp10/instances/transfer_20n/instance_36.lp,7600,7201,13.4,0.0,optimal,14.814393457999813,14.70738799999981
internal:relpscost,545,transfer-large,data/tsp10/instances/transfer_20n/instance_86.lp,7600,7201,13.24,0.0,optimal,14.699859542000013,14.511729999999716
gnn:supervised,545,transfer-large,data/tsp10/instances/transfer_20n/instance_86.lp,7600,7201,13.41,0.0,optimal,14.76888474999987,14.720900999999685
internal:relpscost,545,transfer-large,data/tsp10/instances/transfer_20n/instance_31.lp,7600,7201,13.45,0.0,optimal,14.828693417000068,14.724037999999837
gnn:supervised,545,transfer-large,data/tsp10/instances/transfer_20n/instance_31.lp,7600,7201,13.49,0.0,optimal,14.888905916000112,14.80590200000006
internal:relpscost,545,transfer-large,data/tsp10/instances/transfer_20n/instance_61.lp,7600,7201,13.59,0.0,optimal,14.966509625000072,14.86627899999985
gnn:supervised,545,transfer-large,data/tsp10/instances/transfer_20n/instance_61.lp,7600,7201,13.89,0.0,optimal,15.351109791999988,15.216741999999613
internal:relpscost,545,transfer-large,data/tsp10/instances/transfer_20n/instance_29.lp,7600,7201,13.72,0.0,optimal,15.159280833000139,15.009807999999794
gnn:supervised,545,transfer-large,data/tsp10/instances/transfer_20n/instance_29.lp,7600,7201,13.87,0.0,optimal,15.398238708999997,15.248959999999897
internal:relpscost,545,transfer-large,data/tsp10/instances/transfer_20n/instance_37.lp,7600,7201,13.44,0.0,optimal,14.852160082999944,14.73491600000034
gnn:supervised,545,transfer-large,data/tsp10/instances/transfer_20n/instance_37.lp,7600,7201,13.3,0.0,optimal,14.644187417000012,14.594552999999905
internal:relpscost,545,transfer-large,data/tsp10/instances/transfer_20n/instance_4.lp,7600,7201,13.08,0.0,optimal,14.438259875000313,14.34054500000002
gnn:supervised,545,transfer-large,data/tsp10/instances/transfer_20n/instance_4.lp,7600,7201,13.34,0.0,optimal,14.752744916999745,14.654423999999835
internal:relpscost,545,transfer-large,data/tsp10/instances/transfer_20n/instance_41.lp,7600,7201,13.31,0.0,optimal,14.653163417000087,14.581354999999803
gnn:supervised,545,transfer-large,data/tsp10/instances/transfer_20n/instance_41.lp,7600,7201,13.44,0.0,optimal,14.89800887499996,14.78739799999994
internal:relpscost,545,transfer-large,data/tsp10/instances/transfer_20n/instance_20.lp,7600,7201,13.3,0.0,optimal,14.635465958000168,14.572205999999824
gnn:supervised,545,transfer-large,data/tsp10/instances/transfer_20n/instance_20.lp,7600,7201,13.87,0.0,optimal,15.323320499999681,15.194660999999996
