policy,seed,type,instance,nnodes,nlps,stime,gap,status,walltime,proctime
internal:relpscost,545,tsp15,data/tsp15/instances/test_15n/instance_446.lp,2363,2615,4.84,0.0,optimal,6.347823831718415,6.309516437
gnn:supervised,545,tsp15,data/tsp15/instances/test_15n/instance_446.lp,2363,2615,4.63,0.0,optimal,6.235591359902173,6.219914305999998
internal:relpscost,545,tsp15,data/tsp15/instances/test_15n/instance_1325.lp,2363,2615,4.79,0.0,optimal,6.353049239143729,6.326656830000001
gnn:supervised,545,tsp15,data/tsp15/instances/test_15n/instance_1325.lp,2363,2615,4.7,0.0,optimal,6.257057063747197,6.2409726029999995
internal:relpscost,545,tsp15,data/tsp15/instances/test_15n/instance_1030.lp,2363,2615,4.79,0.0,optimal,6.386218112893403,6.335594889000003
gnn:supervised,545,tsp15,data/tsp15/instances/test_15n/instance_1030.lp,2363,2615,4.65,0.0,optimal,6.24430082179606,6.227858163999997
internal:relpscost,545,tsp15,data/tsp15/instances/test_15n/instance_1463.lp,2363,2615,4.76,0.0,optimal,6.354274458717555,6.323927035000004
gnn:supervised,545,tsp15,data/tsp15/instances/test_15n/instance_1463.lp,2363,2615,4.6,0.0,optimal,6.216938245110214,6.201092289999998
internal:relpscost,545,tsp15,data/tsp15/instances/test_15n/instance_1064.lp,2363,2615,4.8,0.0,optimal,6.350700420327485,6.325681498000002
gnn:supervised,545,tsp15,data/tsp15/instances/test_15n/instance_1064.lp,2363,2615,4.65,0.0,optimal,6.241888557560742,6.225657516000005
internal:relpscost,545,tsp15,data/tsp15/instances/test_15n/instance_1922.lp,2363,2615,4.81,0.0,optimal,6.360940142069012,6.329822839000002
gnn:supervised,545,tsp15,data/tsp15/instances/test_15n/instance_1922.lp,2363,2615,4.63,0.0,optimal,6.237419897690415,6.221726283999999
internal:relpscost,545,tsp15,data/tsp15/instances/test_15n/instance_1063.lp,2363,2615,4.79,0.0,optimal,6.374026513658464,6.338514845000006
gnn:supervised,545,tsp15,data/tsp15/instances/test_15n/instance_1063.lp,2363,2615,4.58,0.0,optimal,6.207208068110049,6.191434068999996
internal:relpscost,545,tsp15,data/tsp15/instances/test_15n/instance_1099.lp,2363,2615,4.8,0.0,optimal,6.350447715260088,6.326908832000001
gnn:supervised,545,tsp15,data/tsp15/instances/test_15n/instance_1099.lp,2363,2615,4.64,0.0,optimal,6.229337602388114,6.213075015000001
internal:relpscost,545,tsp15,data/tsp15/instances/test_15n/instance_1348.lp,2363,2615,4.79,0.0,optimal,6.37117627216503,6.3334084709999985
gnn:supervised,545,tsp15,data/tsp15/instances/test_15n/instance_1348.lp,2363,2615,4.63,0.0,optimal,6.237344704102725,6.221679772999991
internal:relpscost,545,tsp15,data/tsp15/instances/test_15n/instance_728.lp,2363,2615,4.87,0.0,optimal,6.366928132250905,6.335761689000009
gnn:supervised,545,tsp15,data/tsp15/instances/test_15n/instance_728.lp,2363,2615,4.61,0.0,optimal,6.207549342419952,6.191776391000005
internal:relpscost,545,tsp15,data/tsp15/instances/test_15n/instance_325.lp,2363,2615,4.8,0.0,optimal,6.361280331853777,6.3332902550000085
gnn:supervised,545,tsp15,data/tsp15/instances/test_15n/instance_325.lp,2363,2615,4.58,0.0,optimal,6.23759574489668,6.222004478999992
internal:relpscost,545,tsp15,data/tsp15/instances/test_15n/instance_1508.lp,2363,2615,4.77,0.0,optimal,6.375095041934401,6.341515652000027
gnn:supervised,545,tsp15,data/tsp15/instances/test_15n/instance_1508.lp,2363,2615,4.64,0.0,optimal,6.241557746194303,6.225825833000016
internal:relpscost,545,tsp15,data/tsp15/instances/test_15n/instance_1625.lp,2363,2615,4.79,0.0,optimal,6.397833439987153,6.351867400000003
gnn:supervised,545,tsp15,data/tsp15/instances/test_15n/instance_1625.lp,2363,2615,4.63,0.0,optimal,6.221678429748863,6.2056393379999975
internal:relpscost,545,tsp15,data/tsp15/instances/test_15n/instance_1924.lp,2363,2615,4.78,0.0,optimal,6.386826050002128,6.341407680000003
gnn:supervised,545,tsp15,data/tsp15/instances/test_15n/instance_1924.lp,2363,2615,4.61,0.0,optimal,6.233622221276164,6.218092789999986
internal:relpscost,545,tsp15,data/tsp15/instances/test_15n/instance_569.lp,2363,2615,4.81,0.0,optimal,6.39812995493412,6.34960261400002
gnn:supervised,545,tsp15,data/tsp15/instances/test_15n/instance_569.lp,2363,2615,4.65,0.0,optimal,6.253194154240191,6.23708704500001
internal:relpscost,545,tsp15,data/tsp15/instances/test_15n/instance_290.lp,2363,2615,4.84,0.0,optimal,6.390381996985525,6.349622197000002
gnn:supervised,545,tsp15,data/tsp15/instances/test_15n/instance_290.lp,2363,2615,4.66,0.0,optimal,6.212654180824757,6.197078227999981
internal:relpscost,545,tsp15,data/tsp15/instances/test_15n/instance_524.lp,2363,2615,4.86,0.0,optimal,6.393832186702639,6.343662029000001
gnn:supervised,545,tsp15,data/tsp15/instances/test_15n/instance_524.lp,2363,2615,4.61,0.0,optimal,6.242853553965688,6.226924992000022
internal:relpscost,545,tsp15,data/tsp15/instances/test_15n/instance_586.lp,2363,2615,4.92,0.0,optimal,6.490319739095867,6.367918438999993
gnn:supervised,545,tsp15,data/tsp15/instances/test_15n/instance_586.lp,2363,2615,4.65,0.0,optimal,6.251862274017185,6.235343658000005
internal:relpscost,545,tsp15,data/tsp15/instances/test_15n/instance_48.lp,2363,2615,4.8,0.0,optimal,6.4052714188583195,6.351944523000014
gnn:supervised,545,tsp15,data/tsp15/instances/test_15n/instance_48.lp,2363,2615,4.62,0.0,optimal,6.2182474243454635,6.202571245999991
internal:relpscost,545,tsp15,data/tsp15/instances/test_15n/instance_233.lp,2363,2615,4.81,0.0,optimal,6.39808189868927,6.349211373999992
gnn:supervised,545,tsp15,data/tsp15/instances/test_15n/instance_233.lp,2363,2615,4.61,0.0,optimal,6.232759835198522,6.216933009000002
internal:relpscost,545,tsp15,data/tsp15/instances/test_15n/instance_499.lp,2363,2615,4.82,0.0,optimal,6.412798143923283,6.346504520999986
gnn:supervised,545,tsp15,data/tsp15/instances/test_15n/instance_499.lp,2363,2615,4.65,0.0,optimal,6.240667776204646,6.225224565000019
internal:relpscost,545,tsp15,data/tsp15/instances/test_15n/instance_1641.lp,2363,2615,4.86,0.0,optimal,6.3940227455459535,6.3490572989999805
gnn:supervised,545,tsp15,data/tsp15/instances/test_15n/instance_1641.lp,2363,2615,4.62,0.0,optimal,6.215909676160663,6.200206779999974
internal:relpscost,545,tsp15,data/tsp15/instances/test_15n/instance_1724.lp,2363,2615,4.83,0.0,optimal,6.416097730863839,6.345208842000034
gnn:supervised,545,tsp15,data/tsp15/instances/test_15n/instance_1724.lp,2363,2615,4.64,0.0,optimal,6.235632519237697,6.219438759000013
internal:relpscost,545,tsp15,data/tsp15/instances/test_15n/instance_1949.lp,2363,2615,4.81,0.0,optimal,6.388082715217024,6.356260555999995
gnn:supervised,545,tsp15,data/tsp15/instances/test_15n/instance_1949.lp,2363,2615,4.68,0.0,optimal,6.254417148884386,6.238889234999988
internal:relpscost,545,tsp15,data/tsp15/instances/test_15n/instance_1104.lp,2363,2615,4.75,0.0,optimal,6.392828403040767,6.35223194699995
gnn:supervised,545,tsp15,data/tsp15/instances/test_15n/instance_1104.lp,2363,2615,4.6,0.0,optimal,6.224169934168458,6.208246458000019
internal:relpscost,545,tsp15,data/tsp15/instances/test_15n/instance_1770.lp,2363,2615,4.78,0.0,optimal,6.4217166672460735,6.354696431999969
gnn:supervised,545,tsp15,data/tsp15/instances/test_15n/instance_1770.lp,2363,2615,4.62,0.0,optimal,6.241186463274062,6.225198760000012
internal:relpscost,545,tsp15,data/tsp15/instances/test_15n/instance_847.lp,2363,2615,4.84,0.0,optimal,6.396708706859499,6.354943645999981
gnn:supervised,545,tsp15,data/tsp15/instances/test_15n/instance_847.lp,2363,2615,4.6,0.0,optimal,6.251225830055773,6.235346133000007
internal:relpscost,545,tsp15,data/tsp15/instances/test_15n/instance_40.lp,2363,2615,4.87,0.0,optimal,6.443528071977198,6.3551768969999785
gnn:supervised,545,tsp15,data/tsp15/instances/test_15n/instance_40.lp,2363,2615,4.61,0.0,optimal,6.225189045071602,6.209080157000017
internal:relpscost,545,tsp15,data/tsp15/instances/test_15n/instance_163.lp,2363,2615,4.83,0.0,optimal,6.386875589843839,6.33985622199998
gnn:supervised,545,tsp15,data/tsp15/instances/test_15n/instance_163.lp,2363,2615,4.62,0.0,optimal,6.248522432055324,6.232968834000019
internal:relpscost,545,tsp15,data/tsp15/instances/test_15n/instance_742.lp,2363,2615,4.84,0.0,optimal,6.38704948220402,6.346543709000002
gnn:supervised,545,tsp15,data/tsp15/instances/test_15n/instance_742.lp,2363,2615,4.64,0.0,optimal,6.2528120521456,6.236828622000019
internal:relpscost,545,tsp15,data/tsp15/instances/test_15n/instance_1625.lp,2363,2615,4.8,0.0,optimal,6.362760412041098,6.346073647000026
gnn:supervised,545,tsp15,data/tsp15/instances/test_15n/instance_1625.lp,2363,2615,4.59,0.0,optimal,6.226862732786685,6.211606422999978
internal:relpscost,545,tsp15,data/tsp15/instances/test_15n/instance_1313.lp,2363,2615,4.84,0.0,optimal,6.388374895788729,6.344231885999989
gnn:supervised,545,tsp15,data/tsp15/instances/test_15n/instance_1313.lp,2363,2615,4.61,0.0,optimal,6.236527489032596,6.220837148999976
internal:relpscost,545,tsp15,data/tsp15/instances/test_15n/instance_854.lp,2363,2615,4.85,0.0,optimal,6.417341698892415,6.353831182000022
gnn:supervised,545,tsp15,data/tsp15/instances/test_15n/instance_854.lp,2363,2615,4.66,0.0,optimal,6.25085537135601,6.234563016999971
internal:relpscost,545,tsp15,data/tsp15/instances/test_15n/instance_1420.lp,2363,2615,4.82,0.0,optimal,6.486142996232957,6.35676113300002
gnn:supervised,545,tsp15,data/tsp15/instances/test_15n/instance_1420.lp,2363,2615,4.53,0.0,optimal,6.220630581025034,6.20491892299998
internal:relpscost,545,tsp15,data/tsp15/instances/test_15n/instance_1621.lp,2363,2615,4.81,0.0,optimal,6.430250994861126,6.345795854000016
gnn:supervised,545,tsp15,data/tsp15/instances/test_15n/instance_1621.lp,2363,2615,4.63,0.0,optimal,6.246253908146173,6.23025015099995
internal:relpscost,545,tsp15,data/tsp15/instances/test_15n/instance_344.lp,2363,2615,4.76,0.0,optimal,6.3878486580215394,6.345965785999965
gnn:supervised,545,tsp15,data/tsp15/instances/test_15n/instance_344.lp,2363,2615,4.64,0.0,optimal,6.237691268790513,6.222347425999999
internal:relpscost,545,tsp15,data/tsp15/instances/test_15n/instance_1121.lp,2363,2615,4.74,0.0,optimal,6.399415058083832,6.350412674999973
gnn:supervised,545,tsp15,data/tsp15/instances/test_15n/instance_1121.lp,2363,2615,4.62,0.0,optimal,6.218102678190917,6.202656937000029
internal:relpscost,545,tsp15,data/tsp15/instances/test_15n/instance_213.lp,2363,2615,4.84,0.0,optimal,6.3824266558513045,6.339897943999972
gnn:supervised,545,tsp15,data/tsp15/instances/test_15n/instance_213.lp,2363,2615,4.63,0.0,optimal,6.2363084042444825,6.220067391999976
internal:relpscost,545,tsp15,data/tsp15/instances/test_15n/instance_159.lp,2363,2615,4.83,0.0,optimal,6.407371598295867,6.354373798999973
gnn:supervised,545,tsp15,data/tsp15/instances/test_15n/instance_159.lp,2363,2615,4.58,0.0,optimal,6.248991255648434,6.233374529999992
internal:relpscost,545,tsp15,data/tsp15/instances/test_15n/instance_1725.lp,2363,2615,4.84,0.0,optimal,6.39753039367497,6.35562839399995
gnn:supervised,545,tsp15,data/tsp15/instances/test_15n/instance_1725.lp,2363,2615,4.62,0.0,optimal,6.2188584096729755,6.202867104000006
internal:relpscost,545,tsp15,data/tsp15/instances/test_15n/instance_622.lp,2363,2615,4.83,0.0,optimal,6.3739366489462554,6.33631176199998
gnn:supervised,545,tsp15,data/tsp15/instances/test_15n/instance_622.lp,2363,2615,4.6,0.0,optimal,6.237985821906477,6.22220009199998
internal:relpscost,545,tsp15,data/tsp15/instances/test_15n/instance_1293.lp,2363,2615,4.81,0.0,optimal,6.437474355101585,6.354370901000038
gnn:supervised,545,tsp15,data/tsp15/instances/test_15n/instance_1293.lp,2363,2615,4.66,0.0,optimal,6.243745022919029,6.22806243499997
internal:relpscost,545,tsp15,data/tsp15/instances/test_15n/instance_789.lp,2363,2615,4.79,0.0,optimal,6.393798082135618,6.357147752999936
gnn:supervised,545,tsp15,data/tsp15/instances/test_15n/instance_789.lp,2363,2615,4.61,0.0,optimal,6.224196254275739,6.207887864000099
internal:relpscost,545,tsp15,data/tsp15/instances/test_15n/instance_737.lp,2363,2615,4.79,0.0,optimal,6.3968329769559205,6.348029556999904
gnn:supervised,545,tsp15,data/tsp15/instances/test_15n/instance_737.lp,2363,2615,4.64,0.0,optimal,6.249053960200399,6.233341550999967
internal:relpscost,545,tsp15,data/tsp15/instances/test_15n/instance_99.lp,2363,2615,4.82,0.0,optimal,6.403798615094274,6.353581664999979
gnn:supervised,545,tsp15,data/tsp15/instances/test_15n/instance_99.lp,2363,2615,4.67,0.0,optimal,6.248768720775843,6.232705125999928
internal:relpscost,545,tsp15,data/tsp15/instances/test_15n/instance_1377.lp,2363,2615,4.78,0.0,optimal,6.413616104051471,6.3587843039999825
gnn:supervised,545,tsp15,data/tsp15/instances/test_15n/instance_1377.lp,2363,2615,4.62,0.0,optimal,6.225069935899228,6.2095557569999755
internal:relpscost,545,tsp15,data/tsp15/instances/test_15n/instance_915.lp,2363,2615,4.84,0.0,optimal,6.5046936250291765,6.351986286000056
gnn:supervised,545,tsp15,data/tsp15/instances/test_15n/instance_915.lp,2363,2615,4.62,0.0,optimal,6.240113181062043,6.224537934000068
internal:relpscost,545,tsp15,data/tsp15/instances/test_15n/instance_1471.lp,2363,2615,4.83,0.0,optimal,6.402993249241263,6.349388581000085
gnn:supervised,545,tsp15,data/tsp15/instances/test_15n/instance_1471.lp,2363,2615,4.65,0.0,optimal,6.240559053141624,6.224280887000077
internal:relpscost,545,tsp15,data/tsp15/instances/test_15n/instance_1845.lp,2363,2615,4.8,0.0,optimal,6.40369190601632,6.355295844000011
gnn:supervised,545,tsp15,data/tsp15/instances/test_15n/instance_1845.lp,2363,2615,4.58,0.0,optimal,6.216792030725628,6.201398412000003
internal:relpscost,545,tsp15,data/tsp15/instances/test_15n/instance_1681.lp,2363,2615,4.84,0.0,optimal,6.3779894090257585,6.339069314999961
gnn:supervised,545,tsp15,data/tsp15/instances/test_15n/instance_1681.lp,2363,2615,4.64,0.0,optimal,6.230696094222367,6.214807175000033
internal:relpscost,545,tsp15,data/tsp15/instances/test_15n/instance_1921.lp,2363,2615,4.83,0.0,optimal,6.4065658217296,6.3582169609999255
gnn:supervised,545,tsp15,data/tsp15/instances/test_15n/instance_1921.lp,2363,2615,4.69,0.0,optimal,6.249470695853233,6.233685195000021
internal:relpscost,545,tsp15,data/tsp15/instances/test_15n/instance_1051.lp,2363,2615,4.75,0.0,optimal,6.406356491148472,6.3593965249999655
gnn:supervised,545,tsp15,data/tsp15/instances/test_15n/instance_1051.lp,2363,2615,4.62,0.0,optimal,6.221811294090003,6.206372263000048
internal:relpscost,545,tsp15,data/tsp15/instances/test_15n/instance_1616.lp,2363,2615,4.76,0.0,optimal,6.388190503232181,6.355838598999981
gnn:supervised,545,tsp15,data/tsp15/instances/test_15n/instance_1616.lp,2363,2615,4.63,0.0,optimal,6.248001391068101,6.2317035890000625
internal:relpscost,545,tsp15,data/tsp15/instances/test_15n/instance_308.lp,2363,2615,4.81,0.0,optimal,6.3809912339784205,6.345724732999997
gnn:supervised,545,tsp15,data/tsp15/instances/test_15n/instance_308.lp,2363,2615,4.62,0.0,optimal,6.243593644350767,6.227804870999989
internal:relpscost,545,tsp15,data/tsp15/instances/test_15n/instance_412.lp,2363,2615,4.84,0.0,optimal,6.390138634014875,6.356812350000041
gnn:supervised,545,tsp15,data/tsp15/instances/test_15n/instance_412.lp,2363,2615,4.61,0.0,optimal,6.220732920337468,6.204906864999998
internal:relpscost,545,tsp15,data/tsp15/instances/test_15n/instance_1032.lp,2363,2615,4.78,0.0,optimal,6.379247315227985,6.338862129000063
gnn:supervised,545,tsp15,data/tsp15/instances/test_15n/instance_1032.lp,2363,2615,4.61,0.0,optimal,6.235192887950689,6.219368264999957
internal:relpscost,545,tsp15,data/tsp15/instances/test_15n/instance_260.lp,2363,2615,4.84,0.0,optimal,6.400477918796241,6.3579422340000065
gnn:supervised,545,tsp15,data/tsp15/instances/test_15n/instance_260.lp,2363,2615,4.63,0.0,optimal,6.24541594600305,6.22978530599994
internal:relpscost,545,tsp15,data/tsp15/instances/test_15n/instance_1759.lp,2363,2615,4.74,0.0,optimal,6.381481789052486,6.350378080000041
gnn:supervised,545,tsp15,data/tsp15/instances/test_15n/instance_1759.lp,2363,2615,4.63,0.0,optimal,6.215515682008117,6.199131800999908
internal:relpscost,545,tsp15,data/tsp15/instances/test_15n/instance_502.lp,2363,2615,4.82,0.0,optimal,6.400736351963133,6.355837898999994
gnn:supervised,545,tsp15,data/tsp15/instances/test_15n/instance_502.lp,2363,2615,4.57,0.0,optimal,6.238910100888461,6.223262696999996
internal:relpscost,545,tsp15,data/tsp15/instances/test_15n/instance_400.lp,2363,2615,4.83,0.0,optimal,6.412262793630362,6.367374003999998
gnn:supervised,545,tsp15,data/tsp15/instances/test_15n/instance_400.lp,2363,2615,4.64,0.0,optimal,6.2397993709892035,6.223744161000013
internal:relpscost,545,tsp15,data/tsp15/instances/test_15n/instance_1136.lp,2363,2615,4.83,0.0,optimal,6.406803089194,6.352297150000027
gnn:supervised,545,tsp15,data/tsp15/instances/test_15n/instance_1136.lp,2363,2615,4.6,0.0,optimal,6.2183427209965885,6.202756563999969
internal:relpscost,545,tsp15,data/tsp15/instances/test_15n/instance_1835.lp,2363,2615,4.81,0.0,optimal,6.399221574887633,6.3442548279999755
gnn:supervised,545,tsp15,data/tsp15/instances/test_15n/instance_1835.lp,2363,2615,4.65,0.0,optimal,6.235001282766461,6.219176758999993
internal:relpscost,545,tsp15,data/tsp15/instances/test_15n/instance_1551.lp,2363,2615,4.84,0.0,optimal,6.432532608974725,6.360635935000005
gnn:supervised,545,tsp15,data/tsp15/instances/test_15n/instance_1551.lp,2363,2615,4.64,0.0,optimal,6.247069347184151,6.230618968000044
internal:relpscost,545,tsp15,data/tsp15/instances/test_15n/instance_1463.lp,2363,2615,4.78,0.0,optimal,6.36193342320621,6.345892413999991
gnn:supervised,545,tsp15,data/tsp15/instances/test_15n/instance_1463.lp,2363,2615,4.66,0.0,optimal,6.226775023620576,6.211651833000019
internal:relpscost,545,tsp15,data/tsp15/instances/test_15n/instance_207.lp,2363,2615,4.82,0.0,optimal,6.438476769719273,6.345363263000081
gnn:supervised,545,tsp15,data/tsp15/instances/test_15n/instance_207.lp,2363,2615,4.62,0.0,optimal,6.241392162162811,6.225569371000006
internal:relpscost,545,tsp15,data/tsp15/instances/test_15n/instance_471.lp,2363,2615,4.82,0.0,optimal,6.4033106518909335,6.3586182679999865
gnn:supervised,545,tsp15,data/tsp15/instances/test_15n/instance_471.lp,2363,2615,4.68,0.0,optimal,6.243414638098329,6.227758375999997
internal:relpscost,545,tsp15,data/tsp15/instances/test_15n/instance_309.lp,2363,2615,4.83,0.0,optimal,6.398354838136584,6.356435429000044
gnn:supervised,545,tsp15,data/tsp15/instances/test_15n/instance_309.lp,2363,2615,4.62,0.0,optimal,6.2250580210238695,6.2095874720000666
internal:relpscost,545,tsp15,data/tsp15/instances/test_15n/instance_25.lp,2363,2615,4.82,0.0,optimal,6.3917379239574075,6.347037067999963
gnn:supervised,545,tsp15,data/tsp15/instances/test_15n/instance_25.lp,2363,2615,4.66,0.0,optimal,6.237008941359818,6.220373783000014
internal:relpscost,545,tsp15,data/tsp15/instances/test_15n/instance_1393.lp,2363,2615,4.87,0.0,optimal,6.427618567831814,6.3518857590000835
gnn:supervised,545,tsp15,data/tsp15/instances/test_15n/instance_1393.lp,2363,2615,4.63,0.0,optimal,6.248386726714671,6.232570678000002
internal:relpscost,545,tsp15,data/tsp15/instances/test_15n/instance_545.lp,2363,2615,4.81,0.0,optimal,6.900380718987435,6.3693370290000075
gnn:supervised,545,tsp15,data/tsp15/instances/test_15n/instance_545.lp,2363,2615,4.65,0.0,optimal,6.21751246182248,6.201733246000003
internal:relpscost,545,tsp15,data/tsp15/instances/test_15n/instance_1311.lp,2363,2615,4.89,0.0,optimal,6.410749847069383,6.35504352800001
gnn:supervised,545,tsp15,data/tsp15/instances/test_15n/instance_1311.lp,2363,2615,4.68,0.0,optimal,6.245359196793288,6.229735825000034
internal:relpscost,545,tsp15,data/tsp15/instances/test_15n/instance_66.lp,2363,2615,4.83,0.0,optimal,6.43138282885775,6.363379499999951
gnn:supervised,545,tsp15,data/tsp15/instances/test_15n/instance_66.lp,2363,2615,4.64,0.0,optimal,6.2589530209079385,6.243422280000004
internal:relpscost,545,tsp15,data/tsp15/instances/test_15n/instance_331.lp,2363,2615,4.81,0.0,optimal,6.469306355342269,6.363789858000018
gnn:supervised,545,tsp15,data/tsp15/instances/test_15n/instance_331.lp,2363,2615,4.63,0.0,optimal,6.219157561659813,6.202563762000068
internal:relpscost,545,tsp15,data/tsp15/instances/test_15n/instance_1147.lp,2363,2615,4.83,0.0,optimal,6.3999113496392965,6.349095698000042
gnn:supervised,545,tsp15,data/tsp15/instances/test_15n/instance_1147.lp,2363,2615,4.63,0.0,optimal,6.22987448098138,6.214173242000015
internal:relpscost,545,tsp15,data/tsp15/instances/test_15n/instance_1988.lp,2363,2615,4.8,0.0,optimal,6.414478274062276,6.365191404000029
gnn:supervised,545,tsp15,data/tsp15/instances/test_15n/instance_1988.lp,2363,2615,4.6,0.0,optimal,6.245443892665207,6.229615946000081
internal:relpscost,545,tsp15,data/tsp15/instances/test_15n/instance_1529.lp,2363,2615,4.88,0.0,optimal,6.412776623852551,6.36727729100005
gnn:supervised,545,tsp15,data/tsp15/instances/test_15n/instance_1529.lp,2363,2615,4.66,0.0,optimal,6.220411443151534,6.204890237999962
internal:relpscost,545,tsp15,data/tsp15/instances/test_15n/instance_889.lp,2363,2615,4.82,0.0,optimal,6.407136209774762,6.3552461209999365
gnn:supervised,545,tsp15,data/tsp15/instances/test_15n/instance_889.lp,2363,2615,4.56,0.0,optimal,6.2321263160556555,6.216339547000075
internal:relpscost,545,tsp15,data/tsp15/instances/test_15n/instance_1827.lp,2363,2615,4.82,0.0,optimal,6.382631584070623,6.355345809000028
gnn:supervised,545,tsp15,data/tsp15/instances/test_15n/instance_1827.lp,2363,2615,4.65,0.0,optimal,6.248179157264531,6.231705305999981
internal:relpscost,545,tsp15,data/tsp15/instances/test_15n/instance_140.lp,2363,2615,4.87,0.0,optimal,6.395440684631467,6.360411264999925
gnn:supervised,545,tsp15,data/tsp15/instances/test_15n/instance_140.lp,2363,2615,4.63,0.0,optimal,6.215098769403994,6.1996813980000525
internal:relpscost,545,tsp15,data/tsp15/instances/test_15n/instance_700.lp,2363,2615,4.82,0.0,optimal,6.414572378154844,6.352755107000007
gnn:supervised,545,tsp15,data/tsp15/instances/test_15n/instance_700.lp,2363,2615,4.61,0.0,optimal,6.238518069963902,6.222556653999959
internal:relpscost,545,tsp15,data/tsp15/instances/test_15n/instance_865.lp,2363,2615,4.77,0.0,optimal,6.420313889160752,6.358238314999994
gnn:supervised,545,tsp15,data/tsp15/instances/test_15n/instance_865.lp,2363,2615,4.65,0.0,optimal,6.241046925075352,6.225203652999994
internal:relpscost,545,tsp15,data/tsp15/instances/test_15n/instance_1879.lp,2363,2615,4.89,0.0,optimal,6.419111888855696,6.36274314700006
gnn:supervised,545,tsp15,data/tsp15/instances/test_15n/instance_1879.lp,2363,2615,4.64,0.0,optimal,6.215157249942422,6.1996869319998495
internal:relpscost,545,tsp15,data/tsp15/instances/test_15n/instance_554.lp,2363,2615,4.72,0.0,optimal,6.445833893958479,6.353701484000112
gnn:supervised,545,tsp15,data/tsp15/instances/test_15n/instance_554.lp,2363,2615,4.6,0.0,optimal,6.246721507050097,6.230424765999942
internal:relpscost,545,tsp15,data/tsp15/instances/test_15n/instance_640.lp,2363,2615,4.83,0.0,optimal,6.412642563227564,6.354162170999871
gnn:supervised,545,tsp15,data/tsp15/instances/test_15n/instance_640.lp,2363,2615,4.71,0.0,optimal,6.252268861047924,6.2366120760000285
internal:relpscost,545,tsp15,data/tsp15/instances/test_15n/instance_1079.lp,2363,2615,4.81,0.0,optimal,6.470371639821678,6.363228922000189
gnn:supervised,545,tsp15,data/tsp15/instances/test_15n/instance_1079.lp,2363,2615,4.69,0.0,optimal,6.2159878658130765,6.199839059999931
internal:relpscost,545,tsp15,data/tsp15/instances/test_15n/instance_623.lp,2363,2615,4.87,0.0,optimal,6.418589991983026,6.350497442999995
gnn:supervised,545,tsp15,data/tsp15/instances/test_15n/instance_623.lp,2363,2615,4.64,0.0,optimal,6.229348372202367,6.213791364999906
internal:relpscost,545,tsp15,data/tsp15/instances/test_15n/instance_592.lp,2363,2615,4.75,0.0,optimal,6.399827943183482,6.353012276999834
gnn:supervised,545,tsp15,data/tsp15/instances/test_15n/instance_592.lp,2363,2615,4.64,0.0,optimal,6.244168572127819,6.228152567999814
internal:relpscost,545,tsp15,data/tsp15/instances/test_15n/instance_1269.lp,2363,2615,4.81,0.0,optimal,6.487389686051756,6.363337868999906
gnn:supervised,545,tsp15,data/tsp15/instances/test_15n/instance_1269.lp,2363,2615,4.65,0.0,optimal,6.21573992818594,6.199568533000047
internal:relpscost,545,tsp15,data/tsp15/instances/test_15n/instance_1326.lp,2363,2615,4.77,0.0,optimal,6.377581564243883,6.340375869000127
gnn:supervised,545,tsp15,data/tsp15/instances/test_15n/instance_1326.lp,2363,2615,4.59,0.0,optimal,6.242080928757787,6.226451357000087
internal:relpscost,545,tsp15,data/tsp15/instances/test_15n/instance_299.lp,2363,2615,4.82,0.0,optimal,6.429716823156923,6.366442198999948
gnn:supervised,545,tsp15,data/tsp15/instances/test_15n/instance_299.lp,2363,2615,4.59,0.0,optimal,6.243057772982866,6.227014210000107
internal:relpscost,545,tsp15,data/tsp15/instances/test_15n/instance_565.lp,2363,2615,4.79,0.0,optimal,6.423699354287237,6.365164887999981
gnn:supervised,545,tsp15,data/tsp15/instances/test_15n/instance_565.lp,2363,2615,4.6,0.0,optimal,6.2277797888964415,6.212188319000006
internal:relpscost,545,tsp15,data/tsp15/instances/test_15n/instance_889.lp,2363,2615,4.85,0.0,optimal,6.368018312845379,6.352151309999954
gnn:supervised,545,tsp15,data/tsp15/instances/test_15n/instance_889.lp,2363,2615,4.61,0.0,optimal,6.239343064837158,6.223814896000022
internal:relpscost,545,tsp15,data/tsp15/instances/test_15n/instance_953.lp,2363,2615,4.81,0.0,optimal,6.401233722921461,6.355274360999829
gnn:supervised,545,tsp15,data/tsp15/instances/test_15n/instance_953.lp,2363,2615,4.63,0.0,optimal,6.251342235133052,6.235016281000071
internal:relpscost,545,tsp15,data/tsp15/instances/test_15n/instance_763.lp,2363,2615,4.78,0.0,optimal,6.4062549360096455,6.362516441000025
gnn:supervised,545,tsp15,data/tsp15/instances/test_15n/instance_763.lp,2363,2615,4.64,0.0,optimal,6.219702772796154,6.204112746000192
internal:relpscost,545,tsp15,data/tsp15/instances/test_15n/instance_1071.lp,2363,2615,4.81,0.0,optimal,6.401349876075983,6.356655687000057
gnn:supervised,545,tsp15,data/tsp15/instances/test_15n/instance_1071.lp,2363,2615,4.71,0.0,optimal,6.251310535240918,6.235549879000018
internal:relpscost,545,tsp15,data/tsp15/instances/test_15n/instance_808.lp,2363,2615,4.82,0.0,optimal,6.410389694850892,6.3614995770001315
gnn:supervised,545,tsp15,data/tsp15/instances/test_15n/instance_808.lp,2363,2615,4.64,0.0,optimal,6.250104626175016,6.234546598999941
internal:relpscost,545,tsp15,data/tsp15/instances/test_15n/instance_1914.lp,2363,2615,4.79,0.0,optimal,6.4583687032572925,6.364481289999958
gnn:supervised,545,tsp15,data/tsp15/instances/test_15n/instance_1914.lp,2363,2615,4.64,0.0,optimal,6.226928896270692,6.211201184999936
internal:relpscost,545,tsp15,data/tsp15/instances/test_15n/instance_417.lp,2363,2615,4.78,0.0,optimal,6.509351838380098,6.354399646000047
gnn:supervised,545,tsp15,data/tsp15/instances/test_15n/instance_417.lp,2363,2615,4.64,0.0,optimal,6.243630510289222,6.227277723000043
internal:relpscost,545,tsp15,data/tsp15/instances/test_15n/instance_1519.lp,2363,2615,4.86,0.0,optimal,6.591744273900986,6.361867700999937
gnn:supervised,545,tsp15,data/tsp15/instances/test_15n/instance_1519.lp,2363,2615,4.71,0.0,optimal,6.2479585451073945,6.232095981000157
internal:relpscost,545,tsp15,data/tsp15/instances/test_15n/instance_766.lp,2363,2615,4.83,0.0,optimal,6.39286084426567,6.35625458200002
gnn:supervised,545,tsp15,data/tsp15/instances/test_15n/instance_766.lp,2363,2615,4.66,0.0,optimal,6.222626265138388,6.206829183000082
internal:relpscost,545,transfer-small,data/tsp15/instances/transfer_7n/instance_5.lp,27,42,0.11,0.0,optimal,0.15899507980793715,0.13269078500002252
gnn:supervised,545,transfer-small,data/tsp15/instances/transfer_7n/instance_5.lp,27,42,0.11,0.0,optimal,0.12390724802389741,0.12329226599990761
internal:relpscost,545,transfer-small,data/tsp15/instances/transfer_7n/instance_92.lp,27,42,0.11,0.0,optimal,0.28694261610507965,0.13529371000004176
gnn:supervised,545,transfer-small,data/tsp15/instances/transfer_7n/instance_92.lp,27,42,0.11,0.0,optimal,0.12161223636940122,0.12097208799991677
internal:relpscost,545,transfer-small,data/tsp15/instances/transfer_7n/instance_100.lp,27,42,0.11,0.0,optimal,0.15987730585038662,0.12856534499996997
gnn:supervised,545,transfer-small,data/tsp15/instances/transfer_7n/instance_100.lp,27,42,0.11,0.0,optimal,0.12170274322852492,0.12111052099999142
internal:relpscost,545,transfer-small,data/tsp15/instances/transfer_7n/instance_72.lp,27,42,0.11,0.0,optimal,0.22275654505938292,0.13324974199986173
gnn:supervised,545,transfer-small,data/tsp15/instances/transfer_7n/instance_72.lp,27,42,0.1,0.0,optimal,0.12138935923576355,0.1208397180000702
internal:relpscost,545,transfer-small,data/tsp15/instances/transfer_7n/instance_15.lp,27,42,0.11,0.0,optimal,0.15231786016374826,0.1275279030001002
gnn:supervised,545,transfer-small,data/tsp15/instances/transfer_7n/instance_15.lp,27,42,0.1,0.0,optimal,0.12169912178069353,0.12118174300007922
internal:relpscost,545,transfer-small,data/tsp15/instances/transfer_7n/instance_8.lp,27,42,0.11,0.0,optimal,0.15103388810530305,0.12721201599993037
gnn:supervised,545,transfer-small,data/tsp15/instances/transfer_7n/instance_8.lp,27,42,0.1,0.0,optimal,0.1215502698905766,0.1210230550000233
internal:relpscost,545,transfer-small,data/tsp15/instances/transfer_7n/instance_28.lp,27,42,0.11,0.0,optimal,0.18423749366775155,0.133792079000159
gnn:supervised,545,transfer-small,data/tsp15/instances/transfer_7n/instance_28.lp,27,42,0.11,0.0,optimal,0.12131854519248009,0.12072148599986576
internal:relpscost,545,transfer-small,data/tsp15/instances/transfer_7n/instance_85.lp,27,42,0.1,0.0,optimal,0.13835678389295936,0.1241779790000237
gnn:supervised,545,transfer-small,data/tsp15/instances/transfer_7n/instance_85.lp,27,42,0.1,0.0,optimal,0.12147865304723382,0.12083094599984179
internal:relpscost,545,transfer-small,data/tsp15/instances/transfer_7n/instance_62.lp,27,42,0.1,0.0,optimal,0.1553246038965881,0.12811818599993785
gnn:supervised,545,transfer-small,data/tsp15/instances/transfer_7n/instance_62.lp,27,42,0.11,0.0,optimal,0.12158842198550701,0.1210240939999494
internal:relpscost,545,transfer-small,data/tsp15/instances/transfer_7n/instance_8.lp,27,42,0.11,0.0,optimal,0.12226860178634524,0.12176654600011716
gnn:supervised,545,transfer-small,data/tsp15/instances/transfer_7n/instance_8.lp,27,42,0.1,0.0,optimal,0.12159920204430819,0.12099542999999358
internal:relpscost,545,transfer-small,data/tsp15/instances/transfer_7n/instance_48.lp,27,42,0.11,0.0,optimal,0.17923124879598618,0.131656023000005
gnn:supervised,545,transfer-small,data/tsp15/instances/transfer_7n/instance_48.lp,27,42,0.11,0.0,optimal,0.12183811515569687,0.12126446900015253
internal:relpscost,545,transfer-small,data/tsp15/instances/transfer_7n/instance_32.lp,27,42,0.11,0.0,optimal,0.1692449296824634,0.12982383199982905
gnn:supervised,545,transfer-small,data/tsp15/instances/transfer_7n/instance_32.lp,27,42,0.1,0.0,optimal,0.1213880111463368,0.12083859899985328
internal:relpscost,545,transfer-small,data/tsp15/instances/transfer_7n/instance_10.lp,27,42,0.11,0.0,optimal,0.16780340019613504,0.12980743500020253
gnn:supervised,545,transfer-small,data/tsp15/instances/transfer_7n/instance_10.lp,27,42,0.11,0.0,optimal,0.12159611424431205,0.12107032199992318
internal:relpscost,545,transfer-small,data/tsp15/instances/transfer_7n/instance_88.lp,27,42,0.1,0.0,optimal,0.14229100989177823,0.12360025999987556
gnn:supervised,545,transfer-small,data/tsp15/instances/transfer_7n/instance_88.lp,27,42,0.09,0.0,optimal,0.12199640925973654,0.12135121800019988
internal:relpscost,545,transfer-small,data/tsp15/instances/transfer_7n/instance_42.lp,27,42,0.1,0.0,optimal,0.16702492069453,0.13104704699981085
gnn:supervised,545,transfer-small,data/tsp15/instances/transfer_7n/instance_42.lp,27,42,0.1,0.0,optimal,0.12155494000762701,0.12103265899986582
internal:relpscost,545,transfer-small,data/tsp15/instances/transfer_7n/instance_17.lp,27,42,0.11,0.0,optimal,0.23662585532292724,0.13234406800006582
gnn:supervised,545,transfer-small,data/tsp15/instances/transfer_7n/instance_17.lp,27,42,0.11,0.0,optimal,0.12182875210419297,0.12118454699998438
internal:relpscost,545,transfer-small,data/tsp15/instances/transfer_7n/instance_4.lp,27,42,0.11,0.0,optimal,0.14229706907644868,0.12355582100008178
gnn:supervised,545,transfer-small,data/tsp15/instances/transfer_7n/instance_4.lp,27,42,0.11,0.0,optimal,0.121788433752954,0.12129049800000757
internal:relpscost,545,transfer-small,data/tsp15/instances/transfer_7n/instance_15.lp,27,42,0.11,0.0,optimal,0.12300325790420175,0.12200718600001892
gnn:supervised,545,transfer-small,data/tsp15/instances/transfer_7n/instance_15.lp,27,42,0.11,0.0,optimal,0.12128327321261168,0.12077303399996708
internal:relpscost,545,transfer-small,data/tsp15/instances/transfer_7n/instance_98.lp,27,42,0.11,0.0,optimal,0.16660116193816066,0.12984171099992636
gnn:supervised,545,transfer-small,data/tsp15/instances/transfer_7n/instance_98.lp,27,42,0.11,0.0,optimal,0.12151621887460351,0.12094871299996157
internal:relpscost,545,transfer-small,data/tsp15/instances/transfer_7n/instance_44.lp,27,42,0.11,0.0,optimal,0.15252757398411632,0.12668093699994643
gnn:supervised,545,transfer-small,data/tsp15/instances/transfer_7n/instance_44.lp,27,42,0.1,0.0,optimal,0.12140005780383945,0.12087435900002674
internal:relpscost,545,transfer-small,data/tsp15/instances/transfer_7n/instance_14.lp,27,42,0.11,0.0,optimal,0.14818113716319203,0.1267145960000562
gnn:supervised,545,transfer-small,data/tsp15/instances/transfer_7n/instance_14.lp,27,42,0.1,0.0,optimal,0.121426644269377,0.12093447000006563
internal:relpscost,545,transfer-small,data/tsp15/instances/transfer_7n/instance_56.lp,27,42,0.11,0.0,optimal,0.16166930086910725,0.1307959819998814
gnn:supervised,545,transfer-small,data/tsp15/instances/transfer_7n/instance_56.lp,27,42,0.11,0.0,optimal,0.12124312296509743,0.12074023499985742
internal:relpscost,545,transfer-small,data/tsp15/instances/transfer_7n/instance_9.lp,27,42,0.11,0.0,optimal,0.17225641943514347,0.1320284430000811
gnn:supervised,545,transfer-small,data/tsp15/instances/transfer_7n/instance_9.lp,27,42,0.11,0.0,optimal,0.12162703275680542,0.12104815999987295
internal:relpscost,545,transfer-small,data/tsp15/instances/transfer_7n/instance_81.lp,27,42,0.11,0.0,optimal,0.19570526015013456,0.13361847200008015
gnn:supervised,545,transfer-small,data/tsp15/instances/transfer_7n/instance_81.lp,27,42,0.1,0.0,optimal,0.12166450312361121,0.12105490399994778
internal:relpscost,545,transfer-small,data/tsp15/instances/transfer_7n/instance_41.lp,27,42,0.1,0.0,optimal,0.16696205269545317,0.13169141599996692
gnn:supervised,545,transfer-small,data/tsp15/instances/transfer_7n/instance_41.lp,27,42,0.1,0.0,optimal,0.12145311199128628,0.12092071000006399
internal:relpscost,545,transfer-small,data/tsp15/instances/transfer_7n/instance_69.lp,27,42,0.11,0.0,optimal,0.15887052798643708,0.1294040360000963
gnn:supervised,545,transfer-small,data/tsp15/instances/transfer_7n/instance_69.lp,27,42,0.1,0.0,optimal,0.12123333383351564,0.12068743199984056
internal:relpscost,545,transfer-small,data/tsp15/instances/transfer_7n/instance_62.lp,27,42,0.1,0.0,optimal,0.12207648158073425,0.12150087200006965
gnn:supervised,545,transfer-small,data/tsp15/instances/transfer_7n/instance_62.lp,27,42,0.1,0.0,optimal,0.12143481196835637,0.12092862600002263
internal:relpscost,545,transfer-small,data/tsp15/instances/transfer_7n/instance_96.lp,27,42,0.11,0.0,optimal,0.15758318034932017,0.12744767000003776
gnn:supervised,545,transfer-small,data/tsp15/instances/transfer_7n/instance_96.lp,27,42,0.1,0.0,optimal,0.12155223684385419,0.12097556899993833
internal:relpscost,545,transfer-small,data/tsp15/instances/transfer_7n/instance_5.lp,27,42,0.1,0.0,optimal,0.12259814981371164,0.12179335899986654
gnn:supervised,545,transfer-small,data/tsp15/instances/transfer_7n/instance_5.lp,27,42,0.1,0.0,optimal,0.12137684086337686,0.12079908999999134
internal:relpscost,545,transfer-small,data/tsp15/instances/transfer_7n/instance_59.lp,27,42,0.11,0.0,optimal,0.163936962839216,0.13002091499993185
gnn:supervised,545,transfer-small,data/tsp15/instances/transfer_7n/instance_59.lp,27,42,0.1,0.0,optimal,0.12133961170911789,0.12078222700006336
internal:relpscost,545,transfer-small,data/tsp15/instances/transfer_7n/instance_96.lp,27,42,0.1,0.0,optimal,0.12210189225152135,0.12156921199994031
gnn:supervised,545,transfer-small,data/tsp15/instances/transfer_7n/instance_96.lp,27,42,0.1,0.0,optimal,0.12169168284162879,0.12110120500005905
internal:relpscost,545,transfer-small,data/tsp15/instances/transfer_7n/instance_50.lp,27,42,0.11,0.0,optimal,0.16594220884144306,0.13076488999990943
gnn:supervised,545,transfer-small,data/tsp15/instances/transfer_7n/instance_50.lp,27,42,0.1,0.0,optimal,0.12140650814399123,0.12088129599987951
internal:relpscost,545,transfer-small,data/tsp15/instances/transfer_7n/instance_10.lp,27,42,0.1,0.0,optimal,0.1248379172757268,0.12437845299996297
gnn:supervised,545,transfer-small,data/tsp15/instances/transfer_7n/instance_10.lp,27,42,0.1,0.0,optimal,0.12377636088058352,0.1231939599999805
internal:relpscost,545,transfer-small,data/tsp15/instances/transfer_7n/instance_71.lp,27,42,0.11,0.0,optimal,0.16089958511292934,0.12938946700000997
gnn:supervised,545,transfer-small,data/tsp15/instances/transfer_7n/instance_71.lp,27,42,0.11,0.0,optimal,0.12159028928726912,0.12104859800001577
internal:relpscost,545,transfer-small,data/tsp15/instances/transfer_7n/instance_31.lp,27,42,0.11,0.0,optimal,0.15488436771556735,0.1282044270001279
gnn:supervised,545,transfer-small,data/tsp15/instances/transfer_7n/instance_31.lp,27,42,0.09,0.0,optimal,0.12173662381246686,0.12124397200000203
internal:relpscost,545,transfer-small,data/tsp15/instances/transfer_7n/instance_40.lp,27,42,0.1,0.0,optimal,0.15042457077652216,0.1266290900000513
gnn:supervised,545,transfer-small,data/tsp15/instances/transfer_7n/instance_40.lp,27,42,0.09,0.0,optimal,0.12203033827245235,0.12129386600008729
internal:relpscost,545,transfer-small,data/tsp15/instances/transfer_7n/instance_20.lp,27,42,0.1,0.0,optimal,0.12805353291332722,0.1215731649999725
gnn:supervised,545,transfer-small,data/tsp15/instances/transfer_7n/instance_20.lp,27,42,0.11,0.0,optimal,0.12167774187400937,0.12107266899988645
internal:relpscost,545,transfer-small,data/tsp15/instances/transfer_7n/instance_65.lp,27,42,0.11,0.0,optimal,0.1695407428778708,0.13137902799985568
gnn:supervised,545,transfer-small,data/tsp15/instances/transfer_7n/instance_65.lp,27,42,0.1,0.0,optimal,0.12155581312254071,0.1209320039999966
internal:relpscost,545,transfer-small,data/tsp15/instances/transfer_7n/instance_80.lp,27,42,0.1,0.0,optimal,0.1622572410851717,0.12968902500006152
gnn:supervised,545,transfer-small,data/tsp15/instances/transfer_7n/instance_80.lp,27,42,0.09,0.0,optimal,0.12134010996669531,0.12075518799997553
internal:relpscost,545,transfer-small,data/tsp15/instances/transfer_7n/instance_41.lp,27,42,0.1,0.0,optimal,0.12218302674591541,0.12166525199995704
gnn:supervised,545,transfer-small,data/tsp15/instances/transfer_7n/instance_41.lp,27,42,0.1,0.0,optimal,0.12175178900361061,0.1212119240001357
internal:relpscost,545,transfer-small,data/tsp15/instances/transfer_7n/instance_96.lp,27,42,0.1,0.0,optimal,0.1228751391172409,0.12199928499990165
gnn:supervised,545,transfer-small,data/tsp15/instances/transfer_7n/instance_96.lp,27,42,0.1,0.0,optimal,0.12132180202752352,0.12077598099995157
internal:relpscost,545,transfer-small,data/tsp15/instances/transfer_7n/instance_91.lp,27,42,0.11,0.0,optimal,0.1556717581115663,0.12991847099988263
gnn:supervised,545,transfer-small,data/tsp15/instances/transfer_7n/instance_91.lp,27,42,0.1,0.0,optimal,0.12148471502587199,0.12092489999986356
internal:relpscost,545,transfer-small,data/tsp15/instances/transfer_7n/instance_94.lp,27,42,0.11,0.0,optimal,0.176598503254354,0.13225706100001844
gnn:supervised,545,transfer-small,data/tsp15/instances/transfer_7n/instance_94.lp,27,42,0.1,0.0,optimal,0.12138287723064423,0.12079107299996394
internal:relpscost,545,transfer-small,data/tsp15/instances/transfer_7n/instance_34.lp,27,42,0.11,0.0,optimal,0.388186345808208,0.1328687699999591
gnn:supervised,545,transfer-small,data/tsp15/instances/transfer_7n/instance_34.lp,27,42,0.11,0.0,optimal,0.12149435980245471,0.12095593799995186
internal:relpscost,545,transfer-small,data/tsp15/instances/transfer_7n/instance_4.lp,27,42,0.1,0.0,optimal,0.12259456142783165,0.1217616999999791
gnn:supervised,545,transfer-small,data/tsp15/instances/transfer_7n/instance_4.lp,27,42,0.1,0.0,optimal,0.12173565896227956,0.12118387700002131
internal:relpscost,545,transfer-small,data/tsp15/instances/transfer_7n/instance_5.lp,27,42,0.1,0.0,optimal,0.12232944695279002,0.12182781499996054
gnn:supervised,545,transfer-small,data/tsp15/instances/transfer_7n/instance_5.lp,27,42,0.1,0.0,optimal,0.12159754894673824,0.12099942600002578
internal:relpscost,545,transfer-small,data/tsp15/instances/transfer_7n/instance_83.lp,27,42,0.11,0.0,optimal,0.17103503085672855,0.1307092479999028
gnn:supervised,545,transfer-small,data/tsp15/instances/transfer_7n/instance_83.lp,27,42,0.1,0.0,optimal,0.12180700525641441,0.12132020400008514
internal:relpscost,545,transfer-small,data/tsp15/instances/transfer_7n/instance_30.lp,27,42,0.11,0.0,optimal,0.17331443168222904,0.13274374399998123
gnn:supervised,545,transfer-small,data/tsp15/instances/transfer_7n/instance_30.lp,27,42,0.11,0.0,optimal,0.12144474405795336,0.12093299399998614
internal:relpscost,545,transfer-small,data/tsp15/instances/transfer_7n/instance_79.lp,27,42,0.11,0.0,optimal,0.18184098694473505,0.1321038559999579
gnn:supervised,545,transfer-small,data/tsp15/instances/transfer_7n/instance_79.lp,27,42,0.11,0.0,optimal,0.12180970190092921,0.12128494900002806
internal:relpscost,545,transfer-small,data/tsp15/instances/transfer_7n/instance_91.lp,27,42,0.11,0.0,optimal,0.12246098509058356,0.12201769600005719
gnn:supervised,545,transfer-small,data/tsp15/instances/transfer_7n/instance_91.lp,27,42,0.1,0.0,optimal,0.12174419779330492,0.12123625399999582
internal:relpscost,545,transfer-small,data/tsp15/instances/transfer_7n/instance_10.lp,27,42,0.1,0.0,optimal,0.12274983199313283,0.12202814100010073
gnn:supervised,545,transfer-small,data/tsp15/instances/transfer_7n/instance_10.lp,27,42,0.1,0.0,optimal,0.12109458912163973,0.12059793499997795
internal:relpscost,545,transfer-small,data/tsp15/instances/transfer_7n/instance_23.lp,27,42,0.11,0.0,optimal,0.2383421417325735,0.13520682100011072
gnn:supervised,545,transfer-small,data/tsp15/instances/transfer_7n/instance_23.lp,27,42,0.1,0.0,optimal,0.12151978304609656,0.12091134299998885
internal:relpscost,545,transfer-small,data/tsp15/instances/transfer_7n/instance_63.lp,27,42,0.11,0.0,optimal,0.40285446774214506,0.13347616700002618
gnn:supervised,545,transfer-small,data/tsp15/instances/transfer_7n/instance_63.lp,27,42,0.1,0.0,optimal,0.12145180720835924,0.12081968899997264
internal:relpscost,545,transfer-small,data/tsp15/instances/transfer_7n/instance_12.lp,27,42,0.1,0.0,optimal,0.1789651378057897,0.13183822399992096
gnn:supervised,545,transfer-small,data/tsp15/instances/transfer_7n/instance_12.lp,27,42,0.1,0.0,optimal,0.12147586792707443,0.12092637699993247
internal:relpscost,545,transfer-small,data/tsp15/instances/transfer_7n/instance_61.lp,27,42,0.1,0.0,optimal,0.15295524010434747,0.12618829699999878
gnn:supervised,545,transfer-small,data/tsp15/instances/transfer_7n/instance_61.lp,27,42,0.1,0.0,optimal,0.12134488997980952,0.12083550200009086
internal:relpscost,545,transfer-small,data/tsp15/instances/transfer_7n/instance_29.lp,27,42,0.11,0.0,optimal,0.24132729321718216,0.1344022450000466
gnn:supervised,545,transfer-small,data/tsp15/instances/transfer_7n/instance_29.lp,27,42,0.1,0.0,optimal,0.12176618818193674,0.12118667599997934
internal:relpscost,545,transfer-small,data/tsp15/instances/transfer_7n/instance_40.lp,27,42,0.11,0.0,optimal,0.12320302985608578,0.12234178400012752
gnn:supervised,545,transfer-small,data/tsp15/instances/transfer_7n/instance_40.lp,27,42,0.11,0.0,optimal,0.1219128449447453,0.12131668099982562
internal:relpscost,545,transfer-small,data/tsp15/instances/transfer_7n/instance_42.lp,27,42,0.11,0.0,optimal,0.12292134389281273,0.12201601300012044
gnn:supervised,545,transfer-small,data/tsp15/instances/transfer_7n/instance_42.lp,27,42,0.11,0.0,optimal,0.12141002621501684,0.12080743199999233
internal:relpscost,545,transfer-small,data/tsp15/instances/transfer_7n/instance_84.lp,27,42,0.12,0.0,optimal,0.19167022593319416,0.13250148499992065
gnn:supervised,545,transfer-small,data/tsp15/instances/transfer_7n/instance_84.lp,27,42,0.1,0.0,optimal,0.12159743532538414,0.12107508799999778
internal:relpscost,545,transfer-small,data/tsp15/instances/transfer_7n/instance_87.lp,27,42,0.1,0.0,optimal,0.16306421905755997,0.1301396209998984
gnn:supervised,545,transfer-small,data/tsp15/instances/transfer_7n/instance_87.lp,27,42,0.1,0.0,optimal,0.12167987879365683,0.12103695200016773
internal:relpscost,545,transfer-small,data/tsp15/instances/transfer_7n/instance_55.lp,27,42,0.11,0.0,optimal,0.13672516215592623,0.12384905899989462
gnn:supervised,545,transfer-small,data/tsp15/instances/transfer_7n/instance_55.lp,27,42,0.1,0.0,optimal,0.12223683204501867,0.1215959030000704
internal:relpscost,545,transfer-small,data/tsp15/instances/transfer_7n/instance_88.lp,27,42,0.11,0.0,optimal,0.12299785204231739,0.12226064600008613
gnn:supervised,545,transfer-small,data/tsp15/instances/transfer_7n/instance_88.lp,27,42,0.1,0.0,optimal,0.1215171660296619,0.12099329100010436
internal:relpscost,545,transfer-small,data/tsp15/instances/transfer_7n/instance_72.lp,27,42,0.11,0.0,optimal,0.12278430908918381,0.12199005399997986
gnn:supervised,545,transfer-small,data/tsp15/instances/transfer_7n/instance_72.lp,27,42,0.1,0.0,optimal,0.12148923426866531,0.12090239899998778
internal:relpscost,545,transfer-small,data/tsp15/instances/transfer_7n/instance_99.lp,27,42,0.11,0.0,optimal,0.1735358340665698,0.13281247800000529
gnn:supervised,545,transfer-small,data/tsp15/instances/transfer_7n/instance_99.lp,27,42,0.11,0.0,optimal,0.12146379705518484,0.12080017799985399
internal:relpscost,545,transfer-small,data/tsp15/instances/transfer_7n/instance_66.lp,27,42,0.11,0.0,optimal,0.15375679405406117,0.12825574799990136
gnn:supervised,545,transfer-small,data/tsp15/instances/transfer_7n/instance_66.lp,27,42,0.11,0.0,optimal,0.12158224638551474,0.12107586699994499
internal:relpscost,545,transfer-small,data/tsp15/instances/transfer_7n/instance_66.lp,27,42,0.11,0.0,optimal,0.12235295958817005,0.12178618300004018
gnn:supervised,545,transfer-small,data/tsp15/instances/transfer_7n/instance_66.lp,27,42,0.11,0.0,optimal,0.1215630010701716,0.12096321200010607
internal:relpscost,545,transfer-small,data/tsp15/instances/transfer_7n/instance_100.lp,27,42,0.09,0.0,optimal,0.12260651681572199,0.12189095300004738
gnn:supervised,545,transfer-small,data/tsp15/instances/transfer_7n/instance_100.lp,27,42,0.1,0.0,optimal,0.12141906237229705,0.12080876699997134
internal:relpscost,545,transfer-small,data/tsp15/instances/transfer_7n/instance_68.lp,27,42,0.11,0.0,optimal,0.13792524300515652,0.12594222600000649
gnn:supervised,545,transfer-small,data/tsp15/instances/transfer_7n/instance_68.lp,27,42,0.11,0.0,optimal,0.12170514790341258,0.12111405600012404
internal:relpscost,545,transfer-small,data/tsp15/instances/transfer_7n/instance_46.lp,27,42,0.11,0.0,optimal,0.16318403976038098,0.12985190700010207
gnn:supervised,545,transfer-small,data/tsp15/instances/transfer_7n/instance_46.lp,27,42,0.09,0.0,optimal,0.12175370426848531,0.12120430200002374
internal:relpscost,545,transfer-small,data/tsp15/instances/transfer_7n/instance_83.lp,27,42,0.1,0.0,optimal,0.12263738689944148,0.12189629799991053
gnn:supervised,545,transfer-small,data/tsp15/instances/transfer_7n/instance_83.lp,27,42,0.11,0.0,optimal,0.12163957813754678,0.12109247700004744
internal:relpscost,545,transfer-small,data/tsp15/instances/transfer_7n/instance_14.lp,27,42,0.11,0.0,optimal,0.1227672970853746,0.12201660699997774
gnn:supervised,545,transfer-small,data/tsp15/instances/transfer_7n/instance_14.lp,27,42,0.11,0.0,optimal,0.12232980132102966,0.12126893000004202
internal:relpscost,545,transfer-small,data/tsp15/instances/transfer_7n/instance_96.lp,27,42,0.11,0.0,optimal,0.12284535821527243,0.12205257300001904
gnn:supervised,545,transfer-small,data/tsp15/instances/transfer_7n/instance_96.lp,27,42,0.1,0.0,optimal,0.12149736704304814,0.1208532139999079
internal:relpscost,545,transfer-small,data/tsp15/instances/transfer_7n/instance_65.lp,27,42,0.1,0.0,optimal,0.12284725392237306,0.12209874699988177
gnn:supervised,545,transfer-small,data/tsp15/instances/transfer_7n/instance_65.lp,27,42,0.11,0.0,optimal,0.12159647326916456,0.12109245099986765
internal:relpscost,545,transfer-small,data/tsp15/instances/transfer_7n/instance_45.lp,27,42,0.11,0.0,optimal,0.1749095842242241,0.1321118309999747
gnn:supervised,545,transfer-small,data/tsp15/instances/transfer_7n/instance_45.lp,27,42,0.1,0.0,optimal,0.12170815002173185,0.12119184499988478
internal:relpscost,545,transfer-small,data/tsp15/instances/transfer_7n/instance_16.lp,27,42,0.1,0.0,optimal,0.15061982069164515,0.12585784699990654
gnn:supervised,545,transfer-small,data/tsp15/instances/transfer_7n/instance_16.lp,27,42,0.1,0.0,optimal,0.1216086377389729,0.12111875400000827
internal:relpscost,545,transfer-small,data/tsp15/instances/transfer_7n/instance_99.lp,27,42,0.1,0.0,optimal,0.12235199706628919,0.12187305699990247
gnn:supervised,545,transfer-small,data/tsp15/instances/transfer_7n/instance_99.lp,27,42,0.11,0.0,optimal,0.12162611400708556,0.121047548000206
internal:relpscost,545,transfer-small,data/tsp15/instances/transfer_7n/instance_15.lp,27,42,0.09,0.0,optimal,0.12290181824937463,0.12212558700002774
gnn:supervised,545,transfer-small,data/tsp15/instances/transfer_7n/instance_15.lp,27,42,0.09,0.0,optimal,0.12137173675000668,0.12084929899992858
internal:relpscost,545,transfer-small,data/tsp15/instances/transfer_7n/instance_83.lp,27,42,0.1,0.0,optimal,0.12257160898298025,0.1221270779999486
gnn:supervised,545,transfer-small,data/tsp15/instances/transfer_7n/instance_83.lp,27,42,0.09,0.0,optimal,0.12153242900967598,0.12094118699997125
internal:relpscost,545,transfer-small,data/tsp15/instances/transfer_7n/instance_98.lp,27,42,0.1,0.0,optimal,0.12328630220144987,0.12256780400002754
gnn:supervised,545,transfer-small,data/tsp15/instances/transfer_7n/instance_98.lp,27,42,0.1,0.0,optimal,0.12160102697089314,0.12102306099995985
internal:relpscost,545,transfer-small,data/tsp15/instances/transfer_7n/instance_32.lp,27,42,0.1,0.0,optimal,0.12292710691690445,0.12210198400021
gnn:supervised,545,transfer-small,data/tsp15/instances/transfer_7n/instance_32.lp,27,42,0.1,0.0,optimal,0.12153830518946052,0.12093469199999163
internal:relpscost,545,transfer-small,data/tsp15/instances/transfer_7n/instance_15.lp,27,42,0.11,0.0,optimal,0.122955571860075,0.12247848599986355
gnn:supervised,545,transfer-small,data/tsp15/instances/transfer_7n/instance_15.lp,27,42,0.1,0.0,optimal,0.12197540607303381,0.12133741299999201
internal:relpscost,545,transfer-small,data/tsp15/instances/transfer_7n/instance_31.lp,27,42,0.1,0.0,optimal,0.12280556093901396,0.12213927099992361
gnn:supervised,545,transfer-small,data/tsp15/instances/transfer_7n/instance_31.lp,27,42,0.1,0.0,optimal,0.12151415692642331,0.12085650499989242
internal:relpscost,545,transfer-small,data/tsp15/instances/transfer_7n/instance_28.lp,27,42,0.1,0.0,optimal,0.1231084018945694,0.12235908899992864
gnn:supervised,545,transfer-small,data/tsp15/instances/transfer_7n/instance_28.lp,27,42,0.1,0.0,optimal,0.12180823087692261,0.12124234199995954
internal:relpscost,545,transfer-small,data/tsp15/instances/transfer_7n/instance_36.lp,27,42,0.11,0.0,optimal,0.16228222893550992,0.13077627000006942
gnn:supervised,545,transfer-small,data/tsp15/instances/transfer_7n/instance_36.lp,27,42,0.1,0.0,optimal,0.12146382918581367,0.12087279399997897
internal:relpscost,545,transfer-small,data/tsp15/instances/transfer_7n/instance_11.lp,27,42,0.11,0.0,optimal,0.15149631723761559,0.12695273700001053
gnn:supervised,545,transfer-small,data/tsp15/instances/transfer_7n/instance_11.lp,27,42,0.1,0.0,optimal,0.12151953019201756,0.12095072700003584
internal:relpscost,545,transfer-small,data/tsp15/instances/transfer_7n/instance_99.lp,27,42,0.1,0.0,optimal,0.1229288806207478,0.1223687520000567
gnn:supervised,545,transfer-small,data/tsp15/instances/transfer_7n/instance_99.lp,27,42,0.1,0.0,optimal,0.12127698166295886,0.12077636100002564
internal:relpscost,545,transfer-small,data/tsp15/instances/transfer_7n/instance_99.lp,27,42,0.1,0.0,optimal,0.1225777817890048,0.1221517369999674
gnn:supervised,545,transfer-small,data/tsp15/instances/transfer_7n/instance_99.lp,27,42,0.1,0.0,optimal,0.1218070131726563,0.12095562900003642
internal:relpscost,545,transfer-small,data/tsp15/instances/transfer_7n/instance_76.lp,27,42,0.11,0.0,optimal,0.1825157799758017,0.1344125420000637
gnn:supervised,545,transfer-small,data/tsp15/instances/transfer_7n/instance_76.lp,27,42,0.1,0.0,optimal,0.12175663094967604,0.12112555399994562
internal:relpscost,545,transfer-small,data/tsp15/instances/transfer_7n/instance_15.lp,27,42,0.1,0.0,optimal,0.1225217361934483,0.12199125799998001
gnn:supervised,545,transfer-small,data/tsp15/instances/transfer_7n/instance_15.lp,27,42,0.1,0.0,optimal,0.12136047286912799,0.12086328800000956
internal:relpscost,545,transfer-small,data/tsp15/instances/transfer_7n/instance_83.lp,27,42,0.11,0.0,optimal,0.12276511872187257,0.12227837199998248
gnn:supervised,545,transfer-small,data/tsp15/instances/transfer_7n/instance_83.lp,27,42,0.1,0.0,optimal,0.12159303016960621,0.12108668999985639
internal:relpscost,545,transfer-small,data/tsp15/instances/transfer_7n/instance_68.lp,27,42,0.1,0.0,optimal,0.12313195690512657,0.12201424800014138
gnn:supervised,545,transfer-small,data/tsp15/instances/transfer_7n/instance_68.lp,27,42,0.1,0.0,optimal,0.12173521891236305,0.12077627400003621
internal:relpscost,545,transfer-small,data/tsp15/instances/transfer_7n/instance_47.lp,27,42,0.11,0.0,optimal,0.17385821603238583,0.13175510399992163
gnn:supervised,545,transfer-small,data/tsp15/instances/transfer_7n/instance_47.lp,27,42,0.11,0.0,optimal,0.12135459017008543,0.12079977999997027
internal:relpscost,545,transfer-small,data/tsp15/instances/transfer_7n/instance_79.lp,27,42,0.1,0.0,optimal,0.12291180389001966,0.12213158600002316
gnn:supervised,545,transfer-small,data/tsp15/instances/transfer_7n/instance_79.lp,27,42,0.11,0.0,optimal,0.12189646484330297,0.12138797500006149
internal:relpscost,545,transfer-small,data/tsp15/instances/transfer_7n/instance_41.lp,27,42,0.1,0.0,optimal,0.12273402465507388,0.12198257199997897
gnn:supervised,545,transfer-small,data/tsp15/instances/transfer_7n/instance_41.lp,27,42,0.1,0.0,optimal,0.12107542203739285,0.12057290500001727
internal:relpscost,545,transfer-small,data/tsp15/instances/transfer_7n/instance_41.lp,27,42,0.1,0.0,optimal,0.12276434805244207,0.12216387499984194
gnn:supervised,545,transfer-small,data/tsp15/instances/transfer_7n/instance_41.lp,27,42,0.1,0.0,optimal,0.12190109305083752,0.12126208800009408
internal:relpscost,545,transfer-small,data/tsp15/instances/transfer_7n/instance_100.lp,27,42,0.09,0.0,optimal,0.12221782794222236,0.12175969500003703
gnn:supervised,545,transfer-small,data/tsp15/instances/transfer_7n/instance_100.lp,27,42,0.1,0.0,optimal,0.1218075780197978,0.12117271200008872
internal:relpscost,545,transfer-small,data/tsp15/instances/transfer_7n/instance_11.lp,27,42,0.1,0.0,optimal,0.1229204935953021,0.12214159200016184
gnn:supervised,545,transfer-small,data/tsp15/instances/transfer_7n/instance_11.lp,27,42,0.1,0.0,optimal,0.12147359177470207,0.12097637900001246
internal:relpscost,545,transfer-small,data/tsp15/instances/transfer_7n/instance_72.lp,27,42,0.1,0.0,optimal,0.12266982905566692,0.12215923499979908
gnn:supervised,545,transfer-small,data/tsp15/instances/transfer_7n/instance_72.lp,27,42,0.11,0.0,optimal,0.1212968728505075,0.12068751299989344
internal:relpscost,545,transfer-small,data/tsp15/instances/transfer_7n/instance_52.lp,27,42,0.1,0.0,optimal,0.17408176697790623,0.13216148800006522
gnn:supervised,545,transfer-small,data/tsp15/instances/transfer_7n/instance_52.lp,27,42,0.1,0.0,optimal,0.12108568707481027,0.12049235599988606
internal:relpscost,545,transfer-small,data/tsp15/instances/transfer_7n/instance_36.lp,27,42,0.11,0.0,optimal,0.1225868477486074,0.1220858199999384
gnn:supervised,545,transfer-small,data/tsp15/instances/transfer_7n/instance_36.lp,27,42,0.1,0.0,optimal,0.1216801730915904,0.12114505699992151
internal:relpscost,545,transfer-medium,data/tsp15/instances/transfer_10n/instance_36.lp,58,102,0.19,0.0,optimal,0.2759725507348776,0.23596473499992499
gnn:supervised,545,transfer-medium,data/tsp15/instances/transfer_10n/instance_36.lp,58,102,0.17,0.0,optimal,0.2245067940093577,0.22375792799994088
internal:relpscost,545,transfer-medium,data/tsp15/instances/transfer_10n/instance_76.lp,58,102,0.19,0.0,optimal,0.24880459904670715,0.23808246099997632
gnn:supervised,545,transfer-medium,data/tsp15/instances/transfer_10n/instance_76.lp,58,102,0.19,0.0,optimal,0.22390765883028507,0.2231421669998781
internal:relpscost,545,transfer-medium,data/tsp15/instances/transfer_10n/instance_92.lp,58,102,0.21,0.0,optimal,0.5369734507985413,0.23828866500002732
gnn:supervised,545,transfer-medium,data/tsp15/instances/transfer_10n/instance_92.lp,58,102,0.18,0.0,optimal,0.22437719302251935,0.22351096600004894
internal:relpscost,545,transfer-medium,data/tsp15/instances/transfer_10n/instance_90.lp,58,102,0.19,0.0,optimal,0.36563663044944406,0.2397129070000119
gnn:supervised,545,transfer-medium,data/tsp15/instances/transfer_10n/instance_90.lp,58,102,0.18,0.0,optimal,0.22380419727414846,0.222979887000065
internal:relpscost,545,transfer-medium,data/tsp15/instances/transfer_10n/instance_37.lp,58,102,0.19,0.0,optimal,0.26646118983626366,0.2338938909999797
gnn:supervised,545,transfer-medium,data/tsp15/instances/transfer_10n/instance_37.lp,58,102,0.18,0.0,optimal,0.22414403222501278,0.22299723400010407
internal:relpscost,545,transfer-medium,data/tsp15/instances/transfer_10n/instance_9.lp,58,102,0.19,0.0,optimal,0.2724772389046848,0.23535782800013294
gnn:supervised,545,transfer-medium,data/tsp15/instances/transfer_10n/instance_9.lp,58,102,0.19,0.0,optimal,0.2233910970389843,0.22261472299987872
internal:relpscost,545,transfer-medium,data/tsp15/instances/transfer_10n/instance_68.lp,58,102,0.2,0.0,optimal,0.25268691405653954,0.2305821830000241
gnn:supervised,545,transfer-medium,data/tsp15/instances/transfer_10n/instance_68.lp,58,102,0.19,0.0,optimal,0.22352050291374326,0.22268830100006198
internal:relpscost,545,transfer-medium,data/tsp15/instances/transfer_10n/instance_34.lp,58,102,0.19,0.0,optimal,0.2789803431369364,0.23769464899987724
gnn:supervised,545,transfer-medium,data/tsp15/instances/transfer_10n/instance_34.lp,58,102,0.19,0.0,optimal,0.22387506067752838,0.2229501890001302
internal:relpscost,545,transfer-medium,data/tsp15/instances/transfer_10n/instance_81.lp,58,102,0.19,0.0,optimal,0.28086721897125244,0.23689285000000382
gnn:supervised,545,transfer-medium,data/tsp15/instances/transfer_10n/instance_81.lp,58,102,0.19,0.0,optimal,0.22396187018603086,0.22304376900001444
internal:relpscost,545,transfer-medium,data/tsp15/instances/transfer_10n/instance_38.lp,58,102,0.2,0.0,optimal,0.2699005650356412,0.23516311599996698
gnn:supervised,545,transfer-medium,data/tsp15/instances/transfer_10n/instance_38.lp,58,102,0.18,0.0,optimal,0.22350009391084313,0.2227476600000955
internal:relpscost,545,transfer-medium,data/tsp15/instances/transfer_10n/instance_38.lp,58,102,0.18,0.0,optimal,0.22712327959015965,0.22626325600003838
gnn:supervised,545,transfer-medium,data/tsp15/instances/transfer_10n/instance_38.lp,58,102,0.18,0.0,optimal,0.22355405427515507,0.22279870800002755
internal:relpscost,545,transfer-medium,data/tsp15/instances/transfer_10n/instance_69.lp,58,102,0.2,0.0,optimal,0.3853520806878805,0.2388722030000281
gnn:supervised,545,transfer-medium,data/tsp15/instances/transfer_10n/instance_69.lp,58,102,0.18,0.0,optimal,0.22416849806904793,0.2233249920000162
internal:relpscost,545,transfer-medium,data/tsp15/instances/transfer_10n/instance_2.lp,58,102,0.19,0.0,optimal,0.2598446439951658,0.23360412099987116
gnn:supervised,545,transfer-medium,data/tsp15/instances/transfer_10n/instance_2.lp,58,102,0.19,0.0,optimal,0.22376370336860418,0.22297130300012213
internal:relpscost,545,transfer-medium,data/tsp15/instances/transfer_10n/instance_66.lp,58,102,0.2,0.0,optimal,0.28382702311500907,0.23701428000003943
gnn:supervised,545,transfer-medium,data/tsp15/instances/transfer_10n/instance_66.lp,58,102,0.17,0.0,optimal,0.22377806715667248,0.22294349499998134
internal:relpscost,545,transfer-medium,data/tsp15/instances/transfer_10n/instance_31.lp,58,102,0.19,0.0,optimal,0.2517442316748202,0.23152795200007859
gnn:supervised,545,transfer-medium,data/tsp15/instances/transfer_10n/instance_31.lp,58,102,0.18,0.0,optimal,0.22424312168732285,0.2229708219999793
internal:relpscost,545,transfer-medium,data/tsp15/instances/transfer_10n/instance_86.lp,58,102,0.19,0.0,optimal,0.274473347235471,0.23503538399995705
gnn:supervised,545,transfer-medium,data/tsp15/instances/transfer_10n/instance_86.lp,58,102,0.19,0.0,optimal,0.2238225368782878,0.22305327399999442
internal:relpscost,545,transfer-medium,data/tsp15/instances/transfer_10n/instance_3.lp,58,102,0.19,0.0,optimal,0.25915828719735146,0.23304854399998476
gnn:supervised,545,transfer-medium,data/tsp15/instances/transfer_10n/instance_3.lp,58,102,0.19,0.0,optimal,0.22383928718045354,0.22296714100002646
internal:relpscost,545,transfer-medium,data/tsp15/instances/transfer_10n/instance_95.lp,58,102,0.2,0.0,optimal,0.24980715895071626,0.23103642299997773
gnn:supervised,545,transfer-medium,data/tsp15/instances/transfer_10n/instance_95.lp,58,102,0.18,0.0,optimal,0.224116588011384,0.22329557699981706
internal:relpscost,545,transfer-medium,data/tsp15/instances/transfer_10n/instance_3.lp,58,102,0.19,0.0,optimal,0.22719715908169746,0.22645284700001866
gnn:supervised,545,transfer-medium,data/tsp15/instances/transfer_10n/instance_3.lp,58,102,0.18,0.0,optimal,0.2235183771699667,0.2226842919999399
internal:relpscost,545,transfer-medium,data/tsp15/instances/transfer_10n/instance_53.lp,58,102,0.19,0.0,optimal,0.2911428762599826,0.2387870689999545
gnn:supervised,545,transfer-medium,data/tsp15/instances/transfer_10n/instance_53.lp,58,102,0.18,0.0,optimal,0.22360584884881973,0.22273174800011475
internal:relpscost,545,transfer-medium,data/tsp15/instances/transfer_10n/instance_12.lp,58,102,0.19,0.0,optimal,0.24678824190050364,0.22919006300003275
gnn:supervised,545,transfer-medium,data/tsp15/instances/transfer_10n/instance_12.lp,58,102,0.19,0.0,optimal,0.22360202809795737,0.22277246699991338
internal:relpscost,545,transfer-medium,data/tsp15/instances/transfer_10n/instance_11.lp,58,102,0.2,0.0,optimal,0.30289428122341633,0.23761086900003647
gnn:supervised,545,transfer-medium,data/tsp15/instances/transfer_10n/instance_11.lp,58,102,0.19,0.0,optimal,0.22402108227834105,0.22318063500006247
internal:relpscost,545,transfer-medium,data/tsp15/instances/transfer_10n/instance_43.lp,58,102,0.19,0.0,optimal,0.2572287297807634,0.2333663690001231
gnn:supervised,545,transfer-medium,data/tsp15/instances/transfer_10n/instance_43.lp,58,102,0.17,0.0,optimal,0.22389312693849206,0.22304488100007802
internal:relpscost,545,transfer-medium,data/tsp15/instances/transfer_10n/instance_58.lp,58,102,0.19,0.0,optimal,0.2727855578996241,0.2344132380001156
gnn:supervised,545,transfer-medium,data/tsp15/instances/transfer_10n/instance_58.lp,58,102,0.18,0.0,optimal,0.22359229205176234,0.22279292799998984
internal:relpscost,545,transfer-medium,data/tsp15/instances/transfer_10n/instance_54.lp,58,102,0.18,0.0,optimal,0.3684484250843525,0.23884661800002505
gnn:supervised,545,transfer-medium,data/tsp15/instances/transfer_10n/instance_54.lp,58,102,0.18,0.0,optimal,0.2243710933253169,0.2230202890000328
internal:relpscost,545,transfer-medium,data/tsp15/instances/transfer_10n/instance_97.lp,58,102,0.19,0.0,optimal,0.2661323840729892,0.23364538700002413
gnn:supervised,545,transfer-medium,data/tsp15/instances/transfer_10n/instance_97.lp,58,102,0.17,0.0,optimal,0.22334891790524125,0.22259537799982354
internal:relpscost,545,transfer-medium,data/tsp15/instances/transfer_10n/instance_26.lp,58,102,0.18,0.0,optimal,0.270457053091377,0.23495162199992592
gnn:supervised,545,transfer-medium,data/tsp15/instances/transfer_10n/instance_26.lp,58,102,0.17,0.0,optimal,0.223932099994272,0.2230825950000508
internal:relpscost,545,transfer-medium,data/tsp15/instances/transfer_10n/instance_13.lp,58,102,0.18,0.0,optimal,0.2514091278426349,0.23184611100009533
gnn:supervised,545,transfer-medium,data/tsp15/instances/transfer_10n/instance_13.lp,58,102,0.18,0.0,optimal,0.22347572492435575,0.22267196500001774
internal:relpscost,545,transfer-medium,data/tsp15/instances/transfer_10n/instance_30.lp,58,102,0.19,0.0,optimal,0.24997940100729465,0.22842951699999503
gnn:supervised,545,transfer-medium,data/tsp15/instances/transfer_10n/instance_30.lp,58,102,0.19,0.0,optimal,0.22346195206046104,0.2225244419998944
internal:relpscost,545,transfer-medium,data/tsp15/instances/transfer_10n/instance_31.lp,58,102,0.18,0.0,optimal,0.22746977768838406,0.22643700100002206
gnn:supervised,545,transfer-medium,data/tsp15/instances/transfer_10n/instance_31.lp,58,102,0.18,0.0,optimal,0.22317440574988723,0.222413878999987
internal:relpscost,545,transfer-medium,data/tsp15/instances/transfer_10n/instance_1.lp,58,102,0.19,0.0,optimal,0.2672656332142651,0.2347336919999634
gnn:supervised,545,transfer-medium,data/tsp15/instances/transfer_10n/instance_1.lp,58,102,0.18,0.0,optimal,0.22421216638758779,0.22327728899995236
internal:relpscost,545,transfer-medium,data/tsp15/instances/transfer_10n/instance_2.lp,58,102,0.19,0.0,optimal,0.22784111695364118,0.22667518900016148
gnn:supervised,545,transfer-medium,data/tsp15/instances/transfer_10n/instance_2.lp,58,102,0.19,0.0,optimal,0.22368578612804413,0.2228414009998687
internal:relpscost,545,transfer-medium,data/tsp15/instances/transfer_10n/instance_26.lp,58,102,0.19,0.0,optimal,0.22764836577698588,0.2269054620001043
gnn:supervised,545,transfer-medium,data/tsp15/instances/transfer_10n/instance_26.lp,58,102,0.18,0.0,optimal,0.2240366879850626,0.22292520400014837
internal:relpscost,545,transfer-medium,data/tsp15/instances/transfer_10n/instance_13.lp,58,102,0.19,0.0,optimal,0.22737706499174237,0.22659440000006725
gnn:supervised,545,transfer-medium,data/tsp15/instances/transfer_10n/instance_13.lp,58,102,0.17,0.0,optimal,0.2250743629410863,0.22403888300004837
internal:relpscost,545,transfer-medium,data/tsp15/instances/transfer_10n/instance_17.lp,58,102,0.18,0.0,optimal,0.25129326758906245,0.23179433999985122
gnn:supervised,545,transfer-medium,data/tsp15/instances/transfer_10n/instance_17.lp,58,102,0.18,0.0,optimal,0.22399126505479217,0.22318671999983053
internal:relpscost,545,transfer-medium,data/tsp15/instances/transfer_10n/instance_68.lp,58,102,0.19,0.0,optimal,0.22768211923539639,0.22654283199995007
gnn:supervised,545,transfer-medium,data/tsp15/instances/transfer_10n/instance_68.lp,58,102,0.17,0.0,optimal,0.2242772071622312,0.22301089200004753
internal:relpscost,545,transfer-medium,data/tsp15/instances/transfer_10n/instance_68.lp,58,102,0.18,0.0,optimal,0.22703530127182603,0.22626509099995928
gnn:supervised,545,transfer-medium,data/tsp15/instances/transfer_10n/instance_68.lp,58,102,0.18,0.0,optimal,0.2239436525851488,0.22318289299983007
internal:relpscost,545,transfer-medium,data/tsp15/instances/transfer_10n/instance_93.lp,58,102,0.19,0.0,optimal,0.2536427229642868,0.23185603100000662
gnn:supervised,545,transfer-medium,data/tsp15/instances/transfer_10n/instance_93.lp,58,102,0.19,0.0,optimal,0.22421949822455645,0.2232822649998525
internal:relpscost,545,transfer-medium,data/tsp15/instances/transfer_10n/instance_20.lp,58,102,0.18,0.0,optimal,0.24360869592055678,0.22881308499995612
gnn:supervised,545,transfer-medium,data/tsp15/instances/transfer_10n/instance_20.lp,58,102,0.19,0.0,optimal,0.22397745726630092,0.2231019410000954
internal:relpscost,545,transfer-medium,data/tsp15/instances/transfer_10n/instance_100.lp,58,102,0.2,0.0,optimal,0.3007645718753338,0.23710783400019864
gnn:supervised,545,transfer-medium,data/tsp15/instances/transfer_10n/instance_100.lp,58,102,0.18,0.0,optimal,0.22417541313916445,0.22328932200002782
internal:relpscost,545,transfer-medium,data/tsp15/instances/transfer_10n/instance_81.lp,58,102,0.19,0.0,optimal,0.22770929476246238,0.22674458699998468
gnn:supervised,545,transfer-medium,data/tsp15/instances/transfer_10n/instance_81.lp,58,102,0.19,0.0,optimal,0.223768827971071,0.2229860079999071
internal:relpscost,545,transfer-medium,data/tsp15/instances/transfer_10n/instance_17.lp,58,102,0.19,0.0,optimal,0.23006717301905155,0.22924733800005015
gnn:supervised,545,transfer-medium,data/tsp15/instances/transfer_10n/instance_17.lp,58,102,0.18,0.0,optimal,0.22643466386944056,0.22559638300003826
internal:relpscost,545,transfer-medium,data/tsp15/instances/transfer_10n/instance_44.lp,58,102,0.2,0.0,optimal,0.2684912118129432,0.23534304600002542
gnn:supervised,545,transfer-medium,data/tsp15/instances/transfer_10n/instance_44.lp,58,102,0.19,0.0,optimal,0.2238384848460555,0.22307561000002352
internal:relpscost,545,transfer-medium,data/tsp15/instances/transfer_10n/instance_63.lp,58,102,0.19,0.0,optimal,0.2618059138767421,0.233469125000056
gnn:supervised,545,transfer-medium,data/tsp15/instances/transfer_10n/instance_63.lp,58,102,0.19,0.0,optimal,0.22389823710545897,0.22306757700016533
internal:relpscost,545,transfer-medium,data/tsp15/instances/transfer_10n/instance_46.lp,58,102,0.2,0.0,optimal,0.27875581476837397,0.2375922520000131
gnn:supervised,545,transfer-medium,data/tsp15/instances/transfer_10n/instance_46.lp,58,102,0.18,0.0,optimal,0.2237267098389566,0.2229817869999806
internal:relpscost,545,transfer-medium,data/tsp15/instances/transfer_10n/instance_15.lp,58,102,0.19,0.0,optimal,0.3089787154458463,0.23802974199998062
gnn:supervised,545,transfer-medium,data/tsp15/instances/transfer_10n/instance_15.lp,58,102,0.17,0.0,optimal,0.223925253842026,0.22305696400007946
internal:relpscost,545,transfer-medium,data/tsp15/instances/transfer_10n/instance_66.lp,58,102,0.19,0.0,optimal,0.22787349298596382,0.22639496400006465
gnn:supervised,545,transfer-medium,data/tsp15/instances/transfer_10n/instance_66.lp,58,102,0.18,0.0,optimal,0.2240138570778072,0.2232487870001023
internal:relpscost,545,transfer-medium,data/tsp15/instances/transfer_10n/instance_1.lp,58,102,0.18,0.0,optimal,0.2270984025672078,0.2261830940001346
gnn:supervised,545,transfer-medium,data/tsp15/instances/transfer_10n/instance_1.lp,58,102,0.19,0.0,optimal,0.22415903815999627,0.2232866480001121
internal:relpscost,545,transfer-medium,data/tsp15/instances/transfer_10n/instance_43.lp,58,102,0.18,0.0,optimal,0.22738853516057134,0.22625704300003235
gnn:supervised,545,transfer-medium,data/tsp15/instances/transfer_10n/instance_43.lp,58,102,0.19,0.0,optimal,0.2236550021916628,0.22283225299997866
internal:relpscost,545,transfer-medium,data/tsp15/instances/transfer_10n/instance_7.lp,58,102,0.19,0.0,optimal,0.25685615791007876,0.23218158999998195
gnn:supervised,545,transfer-medium,data/tsp15/instances/transfer_10n/instance_7.lp,58,102,0.17,0.0,optimal,0.22365147899836302,0.22284740600002806
internal:relpscost,545,transfer-medium,data/tsp15/instances/transfer_10n/instance_62.lp,58,102,0.19,0.0,optimal,0.25988437281921506,0.2332797080000546
gnn:supervised,545,transfer-medium,data/tsp15/instances/transfer_10n/instance_62.lp,58,102,0.18,0.0,optimal,0.22518328204751015,0.22437935500011008
internal:relpscost,545,transfer-medium,data/tsp15/instances/transfer_10n/instance_89.lp,58,102,0.19,0.0,optimal,0.2817144775763154,0.23838688299997557
gnn:supervised,545,transfer-medium,data/tsp15/instances/transfer_10n/instance_89.lp,58,102,0.18,0.0,optimal,0.2236729678697884,0.2228542530001505
internal:relpscost,545,transfer-medium,data/tsp15/instances/transfer_10n/instance_67.lp,58,102,0.2,0.0,optimal,0.26637311186641455,0.23389139999994768
gnn:supervised,545,transfer-medium,data/tsp15/instances/transfer_10n/instance_67.lp,58,102,0.18,0.0,optimal,0.2243503937497735,0.22327453799994146
internal:relpscost,545,transfer-medium,data/tsp15/instances/transfer_10n/instance_1.lp,58,102,0.2,0.0,optimal,0.22699564788490534,0.22631649400000242
gnn:supervised,545,transfer-medium,data/tsp15/instances/transfer_10n/instance_1.lp,58,102,0.19,0.0,optimal,0.2236056220717728,0.22280234499999096
internal:relpscost,545,transfer-medium,data/tsp15/instances/transfer_10n/instance_44.lp,58,102,0.18,0.0,optimal,0.22686174698174,0.22611888500000532
gnn:supervised,545,transfer-medium,data/tsp15/instances/transfer_10n/instance_44.lp,58,102,0.19,0.0,optimal,0.22410126216709614,0.22291778899989367
internal:relpscost,545,transfer-medium,data/tsp15/instances/transfer_10n/instance_75.lp,58,102,0.19,0.0,optimal,0.280466265976429,0.2362516300001971
gnn:supervised,545,transfer-medium,data/tsp15/instances/transfer_10n/instance_75.lp,58,102,0.18,0.0,optimal,0.2235659146681428,0.22267593099991245
internal:relpscost,545,transfer-medium,data/tsp15/instances/transfer_10n/instance_59.lp,58,102,0.2,0.0,optimal,0.2645055241882801,0.23429738200002248
gnn:supervised,545,transfer-medium,data/tsp15/instances/transfer_10n/instance_59.lp,58,102,0.18,0.0,optimal,0.2243986832909286,0.22316390599985425
internal:relpscost,545,transfer-medium,data/tsp15/instances/transfer_10n/instance_98.lp,58,102,0.19,0.0,optimal,0.2706115101464093,0.23452953500009244
gnn:supervised,545,transfer-medium,data/tsp15/instances/transfer_10n/instance_98.lp,58,102,0.19,0.0,optimal,0.22385087376460433,0.22301637999999002
internal:relpscost,545,transfer-medium,data/tsp15/instances/transfer_10n/instance_80.lp,58,102,0.19,0.0,optimal,0.27579869283363223,0.237695905999999
gnn:supervised,545,transfer-medium,data/tsp15/instances/transfer_10n/instance_80.lp,58,102,0.18,0.0,optimal,0.2238527308218181,0.22298931500017716
internal:relpscost,545,transfer-medium,data/tsp15/instances/transfer_10n/instance_60.lp,58,102,0.2,0.0,optimal,0.27639453811571,0.23842980099993838
gnn:supervised,545,transfer-medium,data/tsp15/instances/transfer_10n/instance_60.lp,58,102,0.19,0.0,optimal,0.22388312919065356,0.22302168999999594
internal:relpscost,545,transfer-medium,data/tsp15/instances/transfer_10n/instance_60.lp,58,102,0.19,0.0,optimal,0.22875393135473132,0.22796410999990258
gnn:supervised,545,transfer-medium,data/tsp15/instances/transfer_10n/instance_60.lp,58,102,0.18,0.0,optimal,0.2237361860461533,0.22292461899996852
internal:relpscost,545,transfer-medium,data/tsp15/instances/transfer_10n/instance_12.lp,58,102,0.18,0.0,optimal,0.22778906114399433,0.22651501499990445
gnn:supervised,545,transfer-medium,data/tsp15/instances/transfer_10n/instance_12.lp,58,102,0.19,0.0,optimal,0.22387833707034588,0.2230742140000075
internal:relpscost,545,transfer-medium,data/tsp15/instances/transfer_10n/instance_78.lp,58,102,0.19,0.0,optimal,0.24828877905383706,0.23129208299997117
gnn:supervised,545,transfer-medium,data/tsp15/instances/transfer_10n/instance_78.lp,58,102,0.18,0.0,optimal,0.22397337621077895,0.22306687199989028
internal:relpscost,545,transfer-medium,data/tsp15/instances/transfer_10n/instance_16.lp,58,102,0.19,0.0,optimal,0.26429662574082613,0.23227768100014146
gnn:supervised,545,transfer-medium,data/tsp15/instances/transfer_10n/instance_16.lp,58,102,0.19,0.0,optimal,0.2246371409855783,0.22387452099997063
internal:relpscost,545,transfer-medium,data/tsp15/instances/transfer_10n/instance_75.lp,58,102,0.19,0.0,optimal,0.22764620510861278,0.226812228999961
gnn:supervised,545,transfer-medium,data/tsp15/instances/transfer_10n/instance_75.lp,58,102,0.19,0.0,optimal,0.22381543507799506,0.22297944399997505
internal:relpscost,545,transfer-medium,data/tsp15/instances/transfer_10n/instance_99.lp,58,102,0.2,0.0,optimal,0.2604009569622576,0.23415296500002114
gnn:supervised,545,transfer-medium,data/tsp15/instances/transfer_10n/instance_99.lp,58,102,0.18,0.0,optimal,0.22478825692087412,0.22379557299996122
internal:relpscost,545,transfer-medium,data/tsp15/instances/transfer_10n/instance_16.lp,58,102,0.2,0.0,optimal,0.22743898537009954,0.22665117699989423
gnn:supervised,545,transfer-medium,data/tsp15/instances/transfer_10n/instance_16.lp,58,102,0.18,0.0,optimal,0.22419382212683558,0.22328462200016475
internal:relpscost,545,transfer-medium,data/tsp15/instances/transfer_10n/instance_6.lp,58,102,0.19,0.0,optimal,0.25356845278292894,0.23159873299982792
gnn:supervised,545,transfer-medium,data/tsp15/instances/transfer_10n/instance_6.lp,58,102,0.19,0.0,optimal,0.22414395213127136,0.223289910999938
internal:relpscost,545,transfer-medium,data/tsp15/instances/transfer_10n/instance_33.lp,58,102,0.19,0.0,optimal,0.25733536994084716,0.2313862160001463
gnn:supervised,545,transfer-medium,data/tsp15/instances/transfer_10n/instance_33.lp,58,102,0.18,0.0,optimal,0.22381650330498815,0.2228967759999705
internal:relpscost,545,transfer-medium,data/tsp15/instances/transfer_10n/instance_59.lp,58,102,0.18,0.0,optimal,0.22736921207979321,0.22637511599987192
gnn:supervised,545,transfer-medium,data/tsp15/instances/transfer_10n/instance_59.lp,58,102,0.18,0.0,optimal,0.22432029899209738,0.2234782200000609
internal:relpscost,545,transfer-medium,data/tsp15/instances/transfer_10n/instance_99.lp,58,102,0.18,0.0,optimal,0.22747731301933527,0.22665441200001624
gnn:supervised,545,transfer-medium,data/tsp15/instances/transfer_10n/instance_99.lp,58,102,0.18,0.0,optimal,0.22368484316393733,0.22284730399996988
internal:relpscost,545,transfer-medium,data/tsp15/instances/transfer_10n/instance_89.lp,58,102,0.19,0.0,optimal,0.22741582617163658,0.226453673999913
gnn:supervised,545,transfer-medium,data/tsp15/instances/transfer_10n/instance_89.lp,58,102,0.18,0.0,optimal,0.22388551197946072,0.22309876000008444
internal:relpscost,545,transfer-medium,data/tsp15/instances/transfer_10n/instance_87.lp,58,102,0.18,0.0,optimal,0.24837910290807486,0.22894371300003513
gnn:supervised,545,transfer-medium,data/tsp15/instances/transfer_10n/instance_87.lp,58,102,0.19,0.0,optimal,0.22386957192793489,0.22305197500008944
internal:relpscost,545,transfer-medium,data/tsp15/instances/transfer_10n/instance_90.lp,58,102,0.19,0.0,optimal,0.22774462681263685,0.22665667000001122
gnn:supervised,545,transfer-medium,data/tsp15/instances/transfer_10n/instance_90.lp,58,102,0.17,0.0,optimal,0.2240500207990408,0.2231976839998424
internal:relpscost,545,transfer-medium,data/tsp15/instances/transfer_10n/instance_39.lp,58,102,0.18,0.0,optimal,0.25667381286621094,0.2313401999999769
gnn:supervised,545,transfer-medium,data/tsp15/instances/transfer_10n/instance_39.lp,58,102,0.18,0.0,optimal,0.224215405061841,0.22339275900003486
internal:relpscost,545,transfer-medium,data/tsp15/instances/transfer_10n/instance_75.lp,58,102,0.2,0.0,optimal,0.22757332865148783,0.22648021400004836
gnn:supervised,545,transfer-medium,data/tsp15/instances/transfer_10n/instance_75.lp,58,102,0.18,0.0,optimal,0.22383032692596316,0.22307073000001765
internal:relpscost,545,transfer-medium,data/tsp15/instances/transfer_10n/instance_16.lp,58,102,0.18,0.0,optimal,0.22781144501641393,0.22674443300002167
gnn:supervised,545,transfer-medium,data/tsp15/instances/transfer_10n/instance_16.lp,58,102,0.17,0.0,optimal,0.22446306189522147,0.22354411800006346
internal:relpscost,545,transfer-medium,data/tsp15/instances/transfer_10n/instance_89.lp,58,102,0.19,0.0,optimal,0.22720810119062662,0.22642703299993627
gnn:supervised,545,transfer-medium,data/tsp15/instances/transfer_10n/instance_89.lp,58,102,0.18,0.0,optimal,0.22366500413045287,0.22288120600001093
internal:relpscost,545,transfer-medium,data/tsp15/instances/transfer_10n/instance_81.lp,58,102,0.2,0.0,optimal,0.2278796760365367,0.22650526500001433
gnn:supervised,545,transfer-medium,data/tsp15/instances/transfer_10n/instance_81.lp,58,102,0.19,0.0,optimal,0.22418289072811604,0.22335973999997805
internal:relpscost,545,transfer-medium,data/tsp15/instances/transfer_10n/instance_57.lp,58,102,0.19,0.0,optimal,0.2628732309676707,0.23247931499986407
gnn:supervised,545,transfer-medium,data/tsp15/instances/transfer_10n/instance_57.lp,58,102,0.19,0.0,optimal,0.22425763309001923,0.22340813899995737
internal:relpscost,545,transfer-medium,data/tsp15/instances/transfer_10n/instance_32.lp,58,102,0.19,0.0,optimal,0.28663233993574977,0.24656861099992966
gnn:supervised,545,transfer-medium,data/tsp15/instances/transfer_10n/instance_32.lp,58,102,0.18,0.0,optimal,0.2238403488881886,0.22300855999992564
internal:relpscost,545,transfer-medium,data/tsp15/instances/transfer_10n/instance_66.lp,58,102,0.19,0.0,optimal,0.22718385700136423,0.2261959829997977
gnn:supervised,545,transfer-medium,data/tsp15/instances/transfer_10n/instance_66.lp,58,102,0.18,0.0,optimal,0.22373859584331512,0.22289033199990627
internal:relpscost,545,transfer-medium,data/tsp15/instances/transfer_10n/instance_86.lp,58,102,0.19,0.0,optimal,0.22750701196491718,0.22635619099992255
gnn:supervised,545,transfer-medium,data/tsp15/instances/transfer_10n/instance_86.lp,58,102,0.18,0.0,optimal,0.22419403493404388,0.2233758840000064
internal:relpscost,545,transfer-medium,data/tsp15/instances/transfer_10n/instance_43.lp,58,102,0.18,0.0,optimal,0.22744810488075018,0.22636209099982807
gnn:supervised,545,transfer-medium,data/tsp15/instances/transfer_10n/instance_43.lp,58,102,0.18,0.0,optimal,0.22382931783795357,0.22297667099996943
internal:relpscost,545,transfer-medium,data/tsp15/instances/transfer_10n/instance_68.lp,58,102,0.18,0.0,optimal,0.22746436204761267,0.22634578599991073
gnn:supervised,545,transfer-medium,data/tsp15/instances/transfer_10n/instance_68.lp,58,102,0.19,0.0,optimal,0.22405388811603189,0.22309314700009963
internal:relpscost,545,transfer-medium,data/tsp15/instances/transfer_10n/instance_8.lp,58,102,0.2,0.0,optimal,0.2616492146626115,0.2342469620000429
gnn:supervised,545,transfer-medium,data/tsp15/instances/transfer_10n/instance_8.lp,58,102,0.19,0.0,optimal,0.22402479220181704,0.2231907410000531
internal:relpscost,545,transfer-medium,data/tsp15/instances/transfer_10n/instance_20.lp,58,102,0.2,0.0,optimal,0.22783364681527019,0.22681088100011948
gnn:supervised,545,transfer-medium,data/tsp15/instances/transfer_10n/instance_20.lp,58,102,0.18,0.0,optimal,0.22459925431758165,0.22375480499999867
internal:relpscost,545,transfer-medium,data/tsp15/instances/transfer_10n/instance_37.lp,58,102,0.18,0.0,optimal,0.22753088595345616,0.22653272499997001
gnn:supervised,545,transfer-medium,data/tsp15/instances/transfer_10n/instance_37.lp,58,102,0.18,0.0,optimal,0.22355636535212398,0.22268029399992884
internal:relpscost,545,transfer-medium,data/tsp15/instances/transfer_10n/instance_37.lp,58,102,0.18,0.0,optimal,0.22719612764194608,0.2264152089999243
gnn:supervised,545,transfer-medium,data/tsp15/instances/transfer_10n/instance_37.lp,58,102,0.18,0.0,optimal,0.22347849234938622,0.22271435800007566
internal:relpscost,545,transfer-medium,data/tsp15/instances/transfer_10n/instance_6.lp,58,102,0.19,0.0,optimal,0.22821479896083474,0.22678527600010057
gnn:supervised,545,transfer-medium,data/tsp15/instances/transfer_10n/instance_6.lp,58,102,0.19,0.0,optimal,0.22454626020044088,0.22373066000000108
internal:relpscost,545,transfer-medium,data/tsp15/instances/transfer_10n/instance_75.lp,58,102,0.18,0.0,optimal,0.22744866786524653,0.22667845099999795
gnn:supervised,545,transfer-medium,data/tsp15/instances/transfer_10n/instance_75.lp,58,102,0.18,0.0,optimal,0.2239448600448668,0.22299487999998746
internal:relpscost,545,transfer-medium,data/tsp15/instances/transfer_10n/instance_99.lp,58,102,0.19,0.0,optimal,0.22791520599275827,0.22676712299994506
gnn:supervised,545,transfer-medium,data/tsp15/instances/transfer_10n/instance_99.lp,58,102,0.19,0.0,optimal,0.22369767585769296,0.22285058000011304
internal:relpscost,545,transfer-medium,data/tsp15/instances/transfer_10n/instance_67.lp,58,102,0.19,0.0,optimal,0.2278283261694014,0.22681692900005146
gnn:supervised,545,transfer-medium,data/tsp15/instances/transfer_10n/instance_67.lp,58,102,0.19,0.0,optimal,0.22368891164660454,0.2228047459998379
internal:relpscost,545,transfer-medium,data/tsp15/instances/transfer_10n/instance_11.lp,58,102,0.19,0.0,optimal,0.22786978213116527,0.22685657100009848
gnn:supervised,545,transfer-medium,data/tsp15/instances/transfer_10n/instance_11.lp,58,102,0.18,0.0,optimal,0.2236395999789238,0.22278932599988366
internal:relpscost,545,transfer-medium,data/tsp15/instances/transfer_10n/instance_35.lp,58,102,0.19,0.0,optimal,0.26975042978301644,0.23487684900010208
gnn:supervised,545,transfer-medium,data/tsp15/instances/transfer_10n/instance_35.lp,58,102,0.18,0.0,optimal,0.22408923599869013,0.2231502399999954
internal:relpscost,545,transfer-medium,data/tsp15/instances/transfer_10n/instance_36.lp,58,102,0.19,0.0,optimal,0.22804928896948695,0.22701497299999573
gnn:supervised,545,transfer-medium,data/tsp15/instances/transfer_10n/instance_36.lp,58,102,0.2,0.0,optimal,0.22587342699989676,0.22500678500000504
internal:relpscost,545,transfer-medium,data/tsp15/instances/transfer_10n/instance_74.lp,58,102,0.2,0.0,optimal,0.26535948272794485,0.23463749999996253
gnn:supervised,545,transfer-medium,data/tsp15/instances/transfer_10n/instance_74.lp,58,102,0.18,0.0,optimal,0.22361523984000087,0.2227706839998973
internal:relpscost,545,transfer-medium,data/tsp15/instances/transfer_10n/instance_8.lp,58,102,0.18,0.0,optimal,0.2274452606216073,0.22665941400009615
gnn:supervised,545,transfer-medium,data/tsp15/instances/transfer_10n/instance_8.lp,58,102,0.17,0.0,optimal,0.22373661305755377,0.222839932999932
internal:relpscost,545,transfer-medium,data/tsp15/instances/transfer_10n/instance_4.lp,58,102,0.19,0.0,optimal,0.26158521277830005,0.23452380700018693
gnn:supervised,545,transfer-medium,data/tsp15/instances/transfer_10n/instance_4.lp,58,102,0.19,0.0,optimal,0.22396801738068461,0.22309082600008878
internal:relpscost,545,transfer-medium,data/tsp15/instances/transfer_10n/instance_31.lp,58,102,0.18,0.0,optimal,0.22807900002226233,0.22703525200017793
gnn:supervised,545,transfer-medium,data/tsp15/instances/transfer_10n/instance_31.lp,58,102,0.19,0.0,optimal,0.2235176139511168,0.22265705199993135
internal:relpscost,545,transfer-large,data/tsp15/instances/transfer_30n/instance_8.lp,77986,69148,347.36,0.0,optimal,388.30702206119895,387.35678271100005
gnn:supervised,545,transfer-large,data/tsp15/instances/transfer_30n/instance_8.lp,77986,69148,328.7,0.0,optimal,370.4574814750813,369.57462407799994
internal:relpscost,545,transfer-large,data/tsp15/instances/transfer_30n/instance_19.lp,77986,69148,347.65,0.0,optimal,388.6617629448883,387.50622288600016
gnn:supervised,545,transfer-large,data/tsp15/instances/transfer_30n/instance_19.lp,77986,69148,328.86,0.0,optimal,370.47000787686557,369.58717046899983
internal:relpscost,545,transfer-large,data/tsp15/instances/transfer_30n/instance_3.lp,77986,69148,348.08,0.0,optimal,388.74019601242617,387.7846889509997
gnn:supervised,545,transfer-large,data/tsp15/instances/transfer_30n/instance_3.lp,77986,69148,328.57,0.0,optimal,369.99945125123486,369.1177877330001
internal:relpscost,545,transfer-large,data/tsp15/instances/transfer_30n/instance_38.lp,77986,69148,347.49,0.0,optimal,388.1473558410071,387.19366227499995
gnn:supervised,545,transfer-large,data/tsp15/instances/transfer_30n/instance_38.lp,77986,69148,328.99,0.0,optimal,370.43433364806697,369.55166128400015
internal:relpscost,545,transfer-large,data/tsp15/instances/transfer_30n/instance_54.lp,77986,69148,347.52,0.0,optimal,388.2821506331675,387.31478925900046
gnn:supervised,545,transfer-large,data/tsp15/instances/transfer_30n/instance_54.lp,77986,69148,328.82,0.0,optimal,370.1392985251732,369.2572558969996
internal:relpscost,545,transfer-large,data/tsp15/instances/transfer_30n/instance_2.lp,77986,69148,347.75,0.0,optimal,388.46904453309253,387.50410975900013
gnn:supervised,545,transfer-large,data/tsp15/instances/transfer_30n/instance_2.lp,77986,69148,328.73,0.0,optimal,370.3256637570448,369.44154098200033
internal:relpscost,545,transfer-large,data/tsp15/instances/transfer_30n/instance_87.lp,77986,69148,347.76,0.0,optimal,388.55590851418674,387.5418828660004
gnn:supervised,545,transfer-large,data/tsp15/instances/transfer_30n/instance_87.lp,77986,69148,328.74,0.0,optimal,370.2686935807578,369.3862343339997
internal:relpscost,545,transfer-large,data/tsp15/instances/transfer_30n/instance_95.lp,77986,69148,348.17,0.0,optimal,388.6859343321994,387.7303288439998
gnn:supervised,545,transfer-large,data/tsp15/instances/transfer_30n/instance_95.lp,77986,69148,328.84,0.0,optimal,370.1789225731045,369.2969444529999
internal:relpscost,545,transfer-large,data/tsp15/instances/transfer_30n/instance_21.lp,77986,69148,347.57,0.0,optimal,388.7654785090126,387.76496873699944
gnn:supervised,545,transfer-large,data/tsp15/instances/transfer_30n/instance_21.lp,77986,69148,328.89,0.0,optimal,370.2236725599505,369.3413947019999
internal:relpscost,545,transfer-large,data/tsp15/instances/transfer_30n/instance_5.lp,77986,69148,347.73,0.0,optimal,388.4454436353408,387.48776692699994
gnn:supervised,545,transfer-large,data/tsp15/instances/transfer_30n/instance_5.lp,77986,69148,328.69,0.0,optimal,370.36922289803624,369.4868283100004
internal:relpscost,545,transfer-large,data/tsp15/instances/transfer_30n/instance_47.lp,77986,69148,347.85,0.0,optimal,388.88299825415015,387.93413703499937
gnn:supervised,545,transfer-large,data/tsp15/instances/transfer_30n/instance_47.lp,77986,69148,328.76,0.0,optimal,370.3289994732477,369.4465023080011
internal:relpscost,545,transfer-large,data/tsp15/instances/transfer_30n/instance_33.lp,77986,69148,347.71,0.0,optimal,388.4037828971632,387.44886560600025
gnn:supervised,545,transfer-large,data/tsp15/instances/transfer_30n/instance_33.lp,77986,69148,328.57,0.0,optimal,370.032113998197,369.1493040210007
internal:relpscost,545,transfer-large,data/tsp15/instances/transfer_30n/instance_69.lp,77986,69148,347.67,0.0,optimal,388.5573288318701,387.5941266680002
gnn:supervised,545,transfer-large,data/tsp15/instances/transfer_30n/instance_69.lp,77986,69148,328.99,0.0,optimal,370.24734174087644,369.36505789699913
internal:relpscost,545,transfer-large,data/tsp15/instances/transfer_30n/instance_32.lp,77986,69148,347.61,0.0,optimal,388.6117157191038,387.64500393899834
gnn:supervised,545,transfer-large,data/tsp15/instances/transfer_30n/instance_32.lp,77986,69148,328.52,0.0,optimal,370.24798638699576,369.36563562899937
internal:relpscost,545,transfer-large,data/tsp15/instances/transfer_30n/instance_36.lp,77986,69148,348.23,0.0,optimal,388.9248109292239,387.96192809400054
gnn:supervised,545,transfer-large,data/tsp15/instances/transfer_30n/instance_36.lp,77986,69148,328.95,0.0,optimal,370.4394893213175,369.5546859740007
internal:relpscost,545,transfer-large,data/tsp15/instances/transfer_30n/instance_91.lp,77986,69148,347.95,0.0,optimal,388.4207042949274,387.46375193899985
gnn:supervised,545,transfer-large,data/tsp15/instances/transfer_30n/instance_91.lp,77986,69148,328.9,0.0,optimal,370.4831252717413,369.59790366500056
internal:relpscost,545,transfer-large,data/tsp15/instances/transfer_30n/instance_65.lp,77986,69148,347.88,0.0,optimal,388.61056983238086,387.6483091989994
gnn:supervised,545,transfer-large,data/tsp15/instances/transfer_30n/instance_65.lp,77986,69148,328.78,0.0,optimal,370.47441625315696,369.59160002300086
internal:relpscost,545,transfer-large,data/tsp15/instances/transfer_30n/instance_24.lp,77986,69148,347.34,0.0,optimal,388.46347157424316,387.4635912400008
gnn:supervised,545,transfer-large,data/tsp15/instances/transfer_30n/instance_24.lp,77986,69148,329.05,0.0,optimal,370.4365828228183,369.55325921999975
internal:relpscost,545,transfer-large,data/tsp15/instances/transfer_30n/instance_26.lp,77986,69148,347.99,0.0,optimal,388.40031943516806,387.4563785959999
gnn:supervised,545,transfer-large,data/tsp15/instances/transfer_30n/instance_26.lp,77986,69148,328.89,0.0,optimal,370.22980696102604,369.3474395430003
internal:relpscost,545,transfer-large,data/tsp15/instances/transfer_30n/instance_80.lp,77986,69148,347.98,0.0,optimal,388.765108068008,387.7956481889996
gnn:supervised,545,transfer-large,data/tsp15/instances/transfer_30n/instance_80.lp,77986,69148,328.96,0.0,optimal,370.4621943817474,369.57718404000116
internal:relpscost,545,transfer-large,data/tsp15/instances/transfer_30n/instance_47.lp,77986,69148,347.76,0.0,optimal,388.58031440526247,387.6542002770002
gnn:supervised,545,transfer-large,data/tsp15/instances/transfer_30n/instance_47.lp,77986,69148,328.82,0.0,optimal,370.0904966867529,369.20657134700014
internal:relpscost,545,transfer-large,data/tsp15/instances/transfer_30n/instance_98.lp,77986,69148,347.92,0.0,optimal,388.4837913881056,387.5129281940026
gnn:supervised,545,transfer-large,data/tsp15/instances/transfer_30n/instance_98.lp,77986,69148,328.99,0.0,optimal,370.5164268417284,369.6313024689989
internal:relpscost,545,transfer-large,data/tsp15/instances/transfer_30n/instance_9.lp,77986,69148,348.22,0.0,optimal,388.93193739978597,387.9374313820008
gnn:supervised,545,transfer-large,data/tsp15/instances/transfer_30n/instance_9.lp,77986,69148,330.05,0.0,optimal,371.36482250271365,370.45061535900095
internal:relpscost,545,transfer-large,data/tsp15/instances/transfer_30n/instance_56.lp,77986,69148,348.5,0.0,optimal,389.28602859331295,388.3128943010015
gnn:supervised,545,transfer-large,data/tsp15/instances/transfer_30n/instance_56.lp,77986,69148,329.01,0.0,optimal,370.70627893693745,369.82061139300276
internal:relpscost,545,transfer-large,data/tsp15/instances/transfer_30n/instance_72.lp,77986,69148,347.88,0.0,optimal,388.45025295903906,387.486033975998
gnn:supervised,545,transfer-large,data/tsp15/instances/transfer_30n/instance_72.lp,77986,69148,329.1,0.0,optimal,370.85104756010696,369.9451789020022
internal:relpscost,545,transfer-large,data/tsp15/instances/transfer_30n/instance_13.lp,77986,69148,347.77,0.0,optimal,388.4114267947152,387.4499123880014
gnn:supervised,545,transfer-large,data/tsp15/instances/transfer_30n/instance_13.lp,77986,69148,329.03,0.0,optimal,370.57942357612774,369.696161707001
internal:relpscost,545,transfer-large,data/tsp15/instances/transfer_30n/instance_75.lp,77986,69148,347.66,0.0,optimal,388.2968195732683,387.34241768799984
gnn:supervised,545,transfer-large,data/tsp15/instances/transfer_30n/instance_75.lp,77986,69148,328.82,0.0,optimal,370.4459147611633,369.5629868239994
internal:relpscost,545,transfer-large,data/tsp15/instances/transfer_30n/instance_56.lp,77986,69148,347.82,0.0,optimal,388.52631644299254,387.5978031829982
gnn:supervised,545,transfer-large,data/tsp15/instances/transfer_30n/instance_56.lp,77986,69148,328.73,0.0,optimal,370.39785247901455,369.51505407700097
internal:relpscost,545,transfer-large,data/tsp15/instances/transfer_30n/instance_1.lp,77986,69148,348.05,0.0,optimal,388.4388243756257,387.45225614099763
gnn:supervised,545,transfer-large,data/tsp15/instances/transfer_30n/instance_1.lp,77986,69148,328.94,0.0,optimal,370.23479395592585,369.3523647889997
internal:relpscost,545,transfer-large,data/tsp15/instances/transfer_30n/instance_8.lp,77986,69148,347.31,0.0,optimal,388.23415598180145,387.30675138899824
gnn:supervised,545,transfer-large,data/tsp15/instances/transfer_30n/instance_8.lp,77986,69148,328.72,0.0,optimal,370.20602367585525,369.3239868460005
internal:relpscost,545,transfer-large,data/tsp15/instances/transfer_30n/instance_46.lp,77986,69148,348.08,0.0,optimal,388.82734413817525,387.8620029099984
gnn:supervised,545,transfer-large,data/tsp15/instances/transfer_30n/instance_46.lp,77986,69148,328.95,0.0,optimal,370.8967677191831,370.0113518049984
internal:relpscost,545,transfer-large,data/tsp15/instances/transfer_30n/instance_31.lp,77986,69148,348.26,0.0,optimal,389.12607438489795,388.15751420800007
gnn:supervised,545,transfer-large,data/tsp15/instances/transfer_30n/instance_31.lp,77986,69148,328.9,0.0,optimal,370.4313444918953,369.54721391099883
internal:relpscost,545,transfer-large,data/tsp15/instances/transfer_30n/instance_61.lp,77986,69148,347.92,0.0,optimal,388.6008810158819,387.62151190900113
gnn:supervised,545,transfer-large,data/tsp15/instances/transfer_30n/instance_61.lp,77986,69148,328.63,0.0,optimal,370.290858685039,369.40835583399894
internal:relpscost,545,transfer-large,data/tsp15/instances/transfer_30n/instance_9.lp,77986,69148,348.45,0.0,optimal,389.08620992396027,388.1565464310006
gnn:supervised,545,transfer-large,data/tsp15/instances/transfer_30n/instance_9.lp,77986,69148,328.8,0.0,optimal,370.33050979906693,369.4476890629994
internal:relpscost,545,transfer-large,data/tsp15/instances/transfer_30n/instance_23.lp,77986,69148,348.37,0.0,optimal,388.9944415669888,388.0464095520001
gnn:supervised,545,transfer-large,data/tsp15/instances/transfer_30n/instance_23.lp,77986,69148,328.98,0.0,optimal,370.44227862311527,369.559484338999
internal:relpscost,545,transfer-large,data/tsp15/instances/transfer_30n/instance_35.lp,77986,69148,348.12,0.0,optimal,388.8413559012115,387.87172828999974
gnn:supervised,545,transfer-large,data/tsp15/instances/transfer_30n/instance_35.lp,77986,69148,328.99,0.0,optimal,370.7509536710568,369.8652419229984
internal:relpscost,545,transfer-large,data/tsp15/instances/transfer_30n/instance_3.lp,77986,69148,347.9,0.0,optimal,388.6359863230027,387.70984286100065
gnn:supervised,545,transfer-large,data/tsp15/instances/transfer_30n/instance_3.lp,77986,69148,328.74,0.0,optimal,370.5837830295786,369.69846439499815
internal:relpscost,545,transfer-large,data/tsp15/instances/transfer_30n/instance_30.lp,77986,69148,347.95,0.0,optimal,388.84369031433016,387.8859813729978
gnn:supervised,545,transfer-large,data/tsp15/instances/transfer_30n/instance_30.lp,77986,69148,329.01,0.0,optimal,370.25493143405765,369.37045440899965
internal:relpscost,545,transfer-large,data/tsp15/instances/transfer_30n/instance_50.lp,77986,69148,348.17,0.0,optimal,389.0414558099583,388.09181202400214
gnn:supervised,545,transfer-large,data/tsp15/instances/transfer_30n/instance_50.lp,77986,69148,328.89,0.0,optimal,370.2822659830563,369.3969013650021
internal:relpscost,545,transfer-large,data/tsp15/instances/transfer_30n/instance_48.lp,77986,69148,348.21,0.0,optimal,388.9378944551572,387.97625420900295
gnn:supervised,545,transfer-large,data/tsp15/instances/transfer_30n/instance_48.lp,77986,69148,328.69,0.0,optimal,370.15075814863667,369.2659442999975
internal:relpscost,545,transfer-large,data/tsp15/instances/transfer_30n/instance_86.lp,77986,69148,348.26,0.0,optimal,389.05514403572306,388.1063012480008
gnn:supervised,545,transfer-large,data/tsp15/instances/transfer_30n/instance_86.lp,77986,69148,328.49,0.0,optimal,370.1235518017784,369.23918058599884
internal:relpscost,545,transfer-large,data/tsp15/instances/transfer_30n/instance_2.lp,77986,69148,348.19,0.0,optimal,389.01797552220523,388.088559996002
gnn:supervised,545,transfer-large,data/tsp15/instances/transfer_30n/instance_2.lp,77986,69148,331.52,0.0,optimal,373.22568586235866,372.3357449960022
internal:relpscost,545,transfer-large,data/tsp15/instances/transfer_30n/instance_56.lp,77986,69148,358.29,0.0,optimal,399.0105787841603,398.0543332660018
gnn:supervised,545,transfer-large,data/tsp15/instances/transfer_30n/instance_56.lp,77986,69148,338.03,0.0,optimal,379.92830383963883,379.0200212810014
internal:relpscost,545,transfer-large,data/tsp15/instances/transfer_30n/instance_34.lp,77986,69148,357.03,0.0,optimal,398.2292984253727,397.2510869079997
gnn:supervised,545,transfer-large,data/tsp15/instances/transfer_30n/instance_34.lp,77986,69148,336.78,0.0,optimal,378.58384166797623,377.67949367500114
internal:relpscost,545,transfer-large,data/tsp15/instances/transfer_30n/instance_15.lp,77986,69148,356.92,0.0,optimal,397.943337242119,396.75464817100146
gnn:supervised,545,transfer-large,data/tsp15/instances/transfer_30n/instance_15.lp,77986,69148,337.87,0.0,optimal,379.8197390860878,378.9121086130035
internal:relpscost,545,transfer-large,data/tsp15/instances/transfer_30n/instance_8.lp,77986,69148,357.97,0.0,optimal,399.15019894298166,398.19378705599956
gnn:supervised,545,transfer-large,data/tsp15/instances/transfer_30n/instance_8.lp,77986,69148,337.27,0.0,optimal,379.45182412397116,378.54552905700257
internal:relpscost,545,transfer-large,data/tsp15/instances/transfer_30n/instance_84.lp,77986,69148,357.37,0.0,optimal,398.3245821846649,397.320870966003
gnn:supervised,545,transfer-large,data/tsp15/instances/transfer_30n/instance_84.lp,77986,69148,336.31,0.0,optimal,378.1084800600074,377.20222652499797
internal:relpscost,545,transfer-large,data/tsp15/instances/transfer_30n/instance_32.lp,77986,69148,357.02,0.0,optimal,397.9295721431263,396.9793483020039
gnn:supervised,545,transfer-large,data/tsp15/instances/transfer_30n/instance_32.lp,77986,69148,337.9,0.0,optimal,379.67890773620456,378.76934251999774
internal:relpscost,545,transfer-large,data/tsp15/instances/transfer_30n/instance_20.lp,77986,69148,356.74,0.0,optimal,398.0650468538515,397.0836440799976
gnn:supervised,545,transfer-large,data/tsp15/instances/transfer_30n/instance_20.lp,77986,69148,338.14,0.0,optimal,379.7258374518715,378.81546097200044
internal:relpscost,545,transfer-large,data/tsp15/instances/transfer_30n/instance_72.lp,77986,69148,357.63,0.0,optimal,398.53398902900517,397.5784003689987
gnn:supervised,545,transfer-large,data/tsp15/instances/transfer_30n/instance_72.lp,77986,69148,336.1,0.0,optimal,377.7404348910786,376.83628381399467
internal:relpscost,545,transfer-large,data/tsp15/instances/transfer_30n/instance_5.lp,77986,69148,355.28,0.0,optimal,396.02318238001317,395.07383914099773
gnn:supervised,545,transfer-large,data/tsp15/instances/transfer_30n/instance_5.lp,77986,69148,335.86,0.0,optimal,377.37084329128265,376.4696308099956
internal:relpscost,545,transfer-large,data/tsp15/instances/transfer_30n/instance_27.lp,77986,69148,355.13,0.0,optimal,395.89433711068705,394.9173654990009
gnn:supervised,545,transfer-large,data/tsp15/instances/transfer_30n/instance_27.lp,77986,69148,335.39,0.0,optimal,376.805894494988,375.9057344249959
internal:relpscost,545,transfer-large,data/tsp15/instances/transfer_30n/instance_99.lp,77986,69148,356.14,0.0,optimal,396.84048977773637,395.8612096240031
gnn:supervised,545,transfer-large,data/tsp15/instances/transfer_30n/instance_99.lp,77986,69148,335.59,0.0,optimal,377.2365634231828,376.33516552800575
internal:relpscost,545,transfer-large,data/tsp15/instances/transfer_30n/instance_6.lp,77986,69148,355.65,0.0,optimal,396.7911560018547,395.74709010100196
gnn:supervised,545,transfer-large,data/tsp15/instances/transfer_30n/instance_6.lp,77986,69148,335.39,0.0,optimal,377.0445643188432,376.1442567970007
internal:relpscost,545,transfer-large,data/tsp15/instances/transfer_30n/instance_13.lp,77986,69148,354.61,0.0,optimal,395.5185476206243,394.5705618219945
gnn:supervised,545,transfer-large,data/tsp15/instances/transfer_30n/instance_13.lp,77986,69148,336.49,0.0,optimal,378.3081541378051,377.4045164449999
internal:relpscost,545,transfer-large,data/tsp15/instances/transfer_30n/instance_92.lp,77986,69148,354.5,0.0,optimal,395.60400210600346,394.48364605200186
gnn:supervised,545,transfer-large,data/tsp15/instances/transfer_30n/instance_92.lp,77986,69148,336.25,0.0,optimal,377.95235816109926,377.0496671420042
internal:relpscost,545,transfer-large,data/tsp15/instances/transfer_30n/instance_9.lp,77986,69148,355.58,0.0,optimal,396.44630031008273,395.4961275629976
gnn:supervised,545,transfer-large,data/tsp15/instances/transfer_30n/instance_9.lp,77986,69148,336.44,0.0,optimal,378.04706874815747,377.1433565980042
internal:relpscost,545,transfer-large,data/tsp15/instances/transfer_30n/instance_9.lp,77986,69148,354.47,0.0,optimal,395.5172926867381,394.5695375340001
gnn:supervised,545,transfer-large,data/tsp15/instances/transfer_30n/instance_9.lp,77986,69148,335.12,0.0,optimal,377.0052915471606,376.10465123599715
internal:relpscost,545,transfer-large,data/tsp15/instances/transfer_30n/instance_52.lp,77986,69148,354.62,0.0,optimal,395.40740114916116,394.43473913399794
gnn:supervised,545,transfer-large,data/tsp15/instances/transfer_30n/instance_52.lp,77986,69148,335.29,0.0,optimal,376.92976917978376,376.0265044539992
internal:relpscost,545,transfer-large,data/tsp15/instances/transfer_30n/instance_99.lp,77986,69148,354.32,0.0,optimal,395.31123098218814,394.3637565020035
gnn:supervised,545,transfer-large,data/tsp15/instances/transfer_30n/instance_99.lp,77986,69148,335.99,0.0,optimal,377.74480585660785,376.84236952699575
internal:relpscost,545,transfer-large,data/tsp15/instances/transfer_30n/instance_51.lp,77986,69148,355.18,0.0,optimal,396.09331854619086,395.09946463099914
gnn:supervised,545,transfer-large,data/tsp15/instances/transfer_30n/instance_51.lp,77986,69148,335.96,0.0,optimal,377.9015748016536,376.99846143600007
internal:relpscost,545,transfer-large,data/tsp15/instances/transfer_30n/instance_7.lp,77986,69148,354.48,0.0,optimal,395.8554579471238,394.83919280300324
gnn:supervised,545,transfer-large,data/tsp15/instances/transfer_30n/instance_7.lp,77986,69148,335.28,0.0,optimal,377.19267104007304,376.29125382300117
internal:relpscost,545,transfer-large,data/tsp15/instances/transfer_30n/instance_99.lp,77986,69148,355.49,0.0,optimal,396.5803697151132,395.6298505300001
gnn:supervised,545,transfer-large,data/tsp15/instances/transfer_30n/instance_99.lp,77986,69148,336.04,0.0,optimal,377.7962966780178,376.8934253069965
internal:relpscost,545,transfer-large,data/tsp15/instances/transfer_30n/instance_18.lp,77986,69148,355.11,0.0,optimal,396.4420781941153,395.45636459100206
gnn:supervised,545,transfer-large,data/tsp15/instances/transfer_30n/instance_18.lp,77986,69148,336.82,0.0,optimal,378.53620689408854,377.6318677620002
internal:relpscost,545,transfer-large,data/tsp15/instances/transfer_30n/instance_85.lp,77986,69148,354.86,0.0,optimal,395.54785346006975,394.57191751999926
gnn:supervised,545,transfer-large,data/tsp15/instances/transfer_30n/instance_85.lp,77986,69148,335.58,0.0,optimal,377.6855904608965,376.78232791199844
internal:relpscost,545,transfer-large,data/tsp15/instances/transfer_30n/instance_83.lp,77986,69148,354.58,0.0,optimal,395.55794864473864,394.545577678
gnn:supervised,545,transfer-large,data/tsp15/instances/transfer_30n/instance_83.lp,77986,69148,335.35,0.0,optimal,377.36354977311566,376.4611539960024
internal:relpscost,545,transfer-large,data/tsp15/instances/transfer_30n/instance_82.lp,77986,69148,355.02,0.0,optimal,396.1062927902676,395.0912673249986
gnn:supervised,545,transfer-large,data/tsp15/instances/transfer_30n/instance_82.lp,77986,69148,335.11,0.0,optimal,376.75403109099716,375.85472838900023
internal:relpscost,545,transfer-large,data/tsp15/instances/transfer_30n/instance_74.lp,77986,69148,354.18,0.0,optimal,395.2890163124539,394.3163026549955
gnn:supervised,545,transfer-large,data/tsp15/instances/transfer_30n/instance_74.lp,77986,69148,335.37,0.0,optimal,377.4687545420602,376.5674027149944
internal:relpscost,545,transfer-large,data/tsp15/instances/transfer_30n/instance_72.lp,77986,69148,354.24,0.0,optimal,395.4707394428551,394.52270823800063
